feature	metadata	value	coef	stderr	N	N.not.0	pval	qval
Afipia	DiseaseCINEndpoint	Normal/Hyperplasia	-2.29028925789627	1.01438355717242	72	20	0.027123923911344	0.623850249960911
Corynebacterium	DiseaseCINEndpoint	At least CIN3	-2.09621205186852	0.91261940394865	72	38	0.0246631901319789	0.623850249960911
Afipia	DiseaseCINEndpoint	At least CIN3	-1.56792527238219	1.01438355717242	72	20	0.126753270145465	0.636260172978884
Bacillus	DiseaseCINEndpoint	At least CIN3	0.692216868378038	0.46164569931465	72	13	0.138317428908453	0.636260172978884
Burkholderia	DiseaseCINEndpoint	At least CIN3	0.472720324396565	0.262696424183442	72	8	0.076312947163805	0.636260172978884
Enhydrobacter	DiseaseCINEndpoint	Normal/Hyperplasia	1.22087850890946	0.649541859639367	72	21	0.0643856173444096	0.636260172978884
Lactobacillus	DiseaseCINEndpoint	Normal/Hyperplasia	-1.07022641863417	0.657832756616768	72	18	0.138202106333689	0.636260172978884
Pseudomonas	DiseaseCINEndpoint	At least CIN3	-1.17099255918133	0.713965789590917	72	61	0.135399724690952	0.636260172978884
Rhodococcus	DiseaseCINEndpoint	Normal/Hyperplasia	0.432054312708496	0.252287538618166	72	8	0.120948005349886	0.636260172978884
Turicibacter	DiseaseCINEndpoint	Normal/Hyperplasia	-0.431086811040179	0.266596076863626	72	9	0.110440601700254	0.636260172978884
Acinetobacter	DiseaseCINEndpoint	At least CIN3	-1.25465103641134	0.962040432009082	72	61	0.196514130485329	0.718667570261192
Sediminibacterium	DiseaseCINEndpoint	At least CIN3	-0.751298285510018	0.539682232349279	72	8	0.197325793048372	0.718667570261192
Staphylococcus	DiseaseCINEndpoint	At least CIN3	-0.989673932089161	0.770195960497368	72	36	0.203101704639032	0.718667570261192
Cutibacterium	DiseaseCINEndpoint	At least CIN3	-0.864131835797941	0.719895526682218	72	30	0.234105548645084	0.769203945548133
Acinetobacter	DiseaseCINEndpoint	Normal/Hyperplasia	-0.796388140072649	0.962040432009082	72	61	0.410631278494486	0.77199014314086
Actinobacillus	DiseaseCINEndpoint	At least CIN3	1.45281934554072	1.50110421262133	72	36	0.358414484062825	0.77199014314086
Caulobacter	DiseaseCINEndpoint	At least CIN3	-0.505300377770849	0.546138611995085	72	16	0.378989894170362	0.77199014314086
Enhydrobacter	DiseaseCINEndpoint	At least CIN3	-0.725184886954343	0.649541859639367	72	21	0.268099857290248	0.77199014314086
Herbaspirillum	DiseaseCINEndpoint	At least CIN3	-0.705778374296737	0.840359687304403	72	39	0.403891626232016	0.77199014314086
Microbacterium	DiseaseCINEndpoint	At least CIN3	0.257867616575262	0.250504694295146	72	8	0.306890317442944	0.77199014314086
Pseudomonas	DiseaseCINEndpoint	Normal/Hyperplasia	-0.809627189152498	0.713965789590917	72	61	0.286101276530635	0.77199014314086
Stenotrophomonas	DiseaseCINEndpoint	Normal/Hyperplasia	0.461226000281749	0.561390744398875	72	14	0.414147214694312	0.77199014314086
Stenotrophomonas	DiseaseCINEndpoint	At least CIN3	0.455873232322466	0.561390744398875	72	14	0.419559860402641	0.77199014314086
Streptococcus	DiseaseCINEndpoint	Normal/Hyperplasia	-0.953922339637184	1.07839709526326	72	45	0.379458357942667	0.77199014314086
Streptomyces	DiseaseCINEndpoint	At least CIN3	-0.957772653173626	0.944541530983405	72	43	0.314121508370114	0.77199014314086
Micrococcus	DiseaseCINEndpoint	At least CIN3	-0.587099579633331	0.807938718682202	72	29	0.469890214379843	0.800553698573066
Porphyromonas	DiseaseCINEndpoint	At least CIN3	-0.544442350902196	0.709327981472982	72	16	0.462417188352322	0.800553698573066
Burkholderia	DiseaseCINEndpoint	Normal/Hyperplasia	0.180157866598257	0.262696424183442	72	8	0.495135537119541	0.813436953839246
Oscillospira	DiseaseCINEndpoint	At least CIN3	0.163244234022808	0.250716078270196	72	9	0.517136832938483	0.820286010867938
Bacillus	DiseaseCINEndpoint	Normal/Hyperplasia	0.265208592296968	0.46164569931465	72	13	0.56750786453437	0.8655670052465
Streptomyces	DiseaseCINEndpoint	Normal/Hyperplasia	0.5205761717991	0.944541530983405	72	43	0.583316894840033	0.8655670052465
Actinobacillus	DiseaseCINEndpoint	Normal/Hyperplasia	-0.653398609151427	1.50110421262133	72	36	0.673611983857117	0.868557389254205
Microbacterium	DiseaseCINEndpoint	Normal/Hyperplasia	0.108278270117234	0.250504694295146	72	8	0.666914494668635	0.868557389254205
Porphyromonas	DiseaseCINEndpoint	Normal/Hyperplasia	0.351554138730955	0.709327981472982	72	16	0.632041670206085	0.868557389254205
Rhodococcus	DiseaseCINEndpoint	At least CIN3	0.113374040858695	0.252287538618166	72	8	0.663780710858369	0.868557389254205
Streptococcus	DiseaseCINEndpoint	At least CIN3	0.447074376971363	1.07839709526326	72	45	0.679740565503291	0.868557389254205
Herbaspirillum	DiseaseCINEndpoint	Normal/Hyperplasia	-0.325053159624673	0.840359687304403	72	39	0.700092857355798	0.870385714550451
Corynebacterium	DiseaseCINEndpoint	Normal/Hyperplasia	-0.296964055564945	0.91261940394865	72	38	0.745864937935543	0.899951288478549
Oscillospira	DiseaseCINEndpoint	Normal/Hyperplasia	-0.0759006740461293	0.250716078270196	72	9	0.763002179362248	0.899951288478549
Staphylococcus	DiseaseCINEndpoint	Normal/Hyperplasia	0.192932989576525	0.770195960497368	72	36	0.802946201135406	0.923388131305717
Caulobacter	DiseaseCINEndpoint	Normal/Hyperplasia	0.120133942054878	0.546138611995085	72	16	0.830803152758589	0.930475674436247
Sediminibacterium	DiseaseCINEndpoint	Normal/Hyperplasia	-0.105351127914705	0.539682232349279	72	8	0.849564746224399	0.930475674436247
Turicibacter	DiseaseCINEndpoint	At least CIN3	-0.0317435595720224	0.266596076863626	72	9	0.905565989433989	0.96874501195264
Lactobacillus	DiseaseCINEndpoint	At least CIN3	-0.0480197435409662	0.657832756616768	72	18	0.943405161967108	0.986287214783794
Micrococcus	DiseaseCINEndpoint	Normal/Hyperplasia	0.010074952241896	0.807938718682201	72	29	0.990086665917181	0.991531744463022
Cutibacterium	DiseaseCINEndpoint	Normal/Hyperplasia	-0.00766840736945882	0.719895526682217	72	30	0.991531744463022	0.991531744463022
