feature	metadata	value	coef	stderr	N	N.not.0	pval	qval
Propionibacterium	InfectStageDEM	Infection Establishment (2wpi)	-3.57542659018642	1.11216287347724	31	27	0.00327952464132002	0.236125774175041
Corynebacterium	InfectStageDEM	Infection Establishment (2wpi)	-2.53850314817641	1.04824241882441	31	16	0.0221768693285668	0.382827067773524
Corynebacterium	InfectStageDEM	Mid Infection (8-10-12wpi)	-1.98964166020046	0.828708395872327	31	16	0.0232424651047418	0.382827067773524
Cytophaga	InfectStageDEM	Mid Infection (8-10-12wpi)	-1.00585462315878	0.437667262554644	31	9	0.0317146591381374	0.382827067773524
Kocuria	InfectStageDEM	Infection Establishment (2wpi)	-1.80550767967295	0.807364872868793	31	7	0.0334801215450719	0.382827067773524
Kocuria	InfectStageDEM	Mid Infection (8-10-12wpi)	-1.44208594594613	0.638277975269417	31	7	0.0318361408372062	0.382827067773524
Parabacteroides	InfectStageDEM	Infection Establishment (2wpi)	0.789081756117632	0.36072829518288	31	4	0.0372192982557593	0.382827067773524
Paracoccus	InfectStageDEM	Mid Infection (8-10-12wpi)	1.81411984156752	0.85437939100676	31	5	0.0442501410512335	0.398251269461102
Cytophaga	InfectStageDEM	Infection Establishment (2wpi)	-1.11863270323684	0.56267952370147	31	9	0.0585373842908638	0.468299074326911
Massilia	InfectStageDEM	Infection Establishment (2wpi)	0.669587002470993	0.359051074800668	31	4	0.0727113380092865	0.523521633666863
Burkholderia	InfectStageDEM	Infection Establishment (2wpi)	1.04345735661901	0.643924305994786	31	7	0.116341575878159	0.598328104516246
Burkholderia	InfectStageDEM	Mid Infection (8-10-12wpi)	0.842354423538992	0.509066861921685	31	7	0.109153090418223	0.598328104516246
Flavobacterium	InfectStageDEM	Mid Infection (8-10-12wpi)	0.584666273289164	0.348924743488654	31	4	0.106823937825965	0.598328104516246
Veillonella	InfectStageDEM	Mid Infection (8-10-12wpi)	0.982588342243515	0.593754826524761	31	10	0.111221010603371	0.598328104516246
Anaerobacillus	InfectStageDEM	Mid Infection (8-10-12wpi)	1.22965584172823	0.839868159150374	31	11	0.154302809012157	0.617211236048627
Saccharopolyspora	InfectStageDEM	Mid Infection (8-10-12wpi)	0.67802069286166	0.459490612481891	31	4	0.153092571563031	0.617211236048627
Turicibacter	InfectStageDEM	Infection Establishment (2wpi)	-0.743832963853202	0.486623465746168	31	4	0.137593193595088	0.617211236048627
Turicibacter	InfectStageDEM	Mid Infection (8-10-12wpi)	-0.568198961319535	0.384709628660705	31	4	0.150847557713481	0.617211236048627
Staphylococcus	InfectStageDEM	Infection Establishment (2wpi)	-1.43540198224797	1.10926065198578	31	22	0.206231748006001	0.781509781917478
Bacteroides	InfectStageDEM	Mid Infection (8-10-12wpi)	-0.759837172162881	0.645898960400207	31	9	0.251196476220498	0.822097558539812
Fusobacterium	InfectStageDEM	Infection Establishment (2wpi)	-0.795106667455016	0.650216632609363	31	7	0.232754138471079	0.822097558539812
Veillonella	InfectStageDEM	Infection Establishment (2wpi)	0.890890600118063	0.751993278201218	31	10	0.247438686566637	0.822097558539812
Acinetobacter	InfectStageDEM	Infection Establishment (2wpi)	0.491866352606814	0.486560318683443	31	31	0.320718347154386	0.855248925745028
Bacillus	InfectStageDEM	Infection Establishment (2wpi)	-0.487251639788184	0.464975363634503	31	8	0.303642513682925	0.855248925745028
Bacillus	InfectStageDEM	Mid Infection (8-10-12wpi)	-0.373167985356171	0.367595301237514	31	8	0.318721924015043	0.855248925745028
Porphyromonas	InfectStageDEM	Mid Infection (8-10-12wpi)	0.395746553952392	0.365442229319811	31	6	0.289629338903526	0.855248925745028
Stenotrophomonas	InfectStageDEM	Mid Infection (8-10-12wpi)	0.565950766430911	0.514317740950985	31	9	0.280532333984193	0.855248925745028
Acidovorax	InfectStageDEM	Infection Establishment (2wpi)	0.457202600007193	0.591697414798385	31	6	0.446175909986015	0.875223719053119
Acinetobacter	InfectStageDEM	Mid Infection (8-10-12wpi)	0.319419739695021	0.384659706524265	31	31	0.413339833037741	0.875223719053119
Actinomyces	InfectStageDEM	Infection Establishment (2wpi)	-0.260243292325671	0.321994832905883	31	4	0.426604351697036	0.875223719053119
Anaerobacillus	InfectStageDEM	Infection Establishment (2wpi)	0.748654805258511	1.06235852686719	31	11	0.486811499329739	0.875223719053119
Anaerococcus	InfectStageDEM	Infection Establishment (2wpi)	-0.460944087634263	0.616983707874277	31	5	0.461235633048573	0.875223719053119
Cellvibrio	InfectStageDEM	Infection Establishment (2wpi)	-0.427603716232488	0.498294668889642	31	5	0.398953071920207	0.875223719053119
Clostridium	InfectStageDEM	Mid Infection (8-10-12wpi)	-0.481535215244276	0.686205036716883	31	5	0.488635730336601	0.875223719053119
Faecalibacterium	InfectStageDEM	Infection Establishment (2wpi)	-0.341591384660917	0.459973063573224	31	4	0.464584143294215	0.875223719053119
Mucispirillum	InfectStageDEM	Mid Infection (8-10-12wpi)	-0.331723443140541	0.437431174824482	31	9	0.455767106823924	0.875223719053119
Prevotella	InfectStageDEM	Mid Infection (8-10-12wpi)	-0.846216417046555	0.948281864072966	31	15	0.382057721714513	0.875223719053119
Pseudomonas	InfectStageDEM	Infection Establishment (2wpi)	0.551552248266903	0.600716682529732	31	31	0.367387786680832	0.875223719053119
Staphylococcus	InfectStageDEM	Mid Infection (8-10-12wpi)	0.612969612801758	0.87694754476961	31	22	0.490329817679942	0.875223719053119
Streptococcus	InfectStageDEM	Infection Establishment (2wpi)	-1.17391256525233	1.2828813395546	31	20	0.36797410951368	0.875223719053119
Streptomyces	InfectStageDEM	Mid Infection (8-10-12wpi)	-0.651745859130301	0.950148784266886	31	27	0.498391284460804	0.875223719053119
Acidovorax	InfectStageDEM	Mid Infection (8-10-12wpi)	0.262136775535959	0.467777879099079	31	6	0.579671976147549	0.9553383946173
Porphyromonas	InfectStageDEM	Infection Establishment (2wpi)	-0.257800676014042	0.464519593990677	31	6	0.583817907821683	0.9553383946173
Pseudomonas	InfectStageDEM	Mid Infection (8-10-12wpi)	-0.267302878604228	0.474060464741965	31	31	0.578148550129268	0.9553383946173
Mucispirillum	InfectStageDEM	Infection Establishment (2wpi)	0.291222419308764	0.557024180230669	31	9	0.605725154757512	0.969160247612019
Actinomyces	InfectStageDEM	Mid Infection (8-10-12wpi)	0.0279583516720374	0.254335096084545	31	4	0.913382524472015	0.973422326895835
Anaerococcus	InfectStageDEM	Mid Infection (8-10-12wpi)	0.220938186340356	0.48776844902467	31	5	0.654070175634073	0.973422326895835
Bacteroides	InfectStageDEM	Infection Establishment (2wpi)	0.0730665906869844	0.821156081407929	31	9	0.929812176924514	0.973422326895835
Cellvibrio	InfectStageDEM	Mid Infection (8-10-12wpi)	0.0714210985683102	0.392529857818095	31	5	0.857152783093845	0.973422326895835
Clostridium	InfectStageDEM	Infection Establishment (2wpi)	-0.0864530650813711	0.867988343161929	31	5	0.921370297636198	0.973422326895835
Coprococcus	InfectStageDEM	Infection Establishment (2wpi)	0.0758312629405632	0.494241490262218	31	5	0.879159957193171	0.973422326895835
Coprococcus	InfectStageDEM	Mid Infection (8-10-12wpi)	0.0696114407726609	0.390732205846135	31	5	0.859882869200866	0.973422326895835
Faecalibacterium	InfectStageDEM	Mid Infection (8-10-12wpi)	0.0658745009225221	0.361334970009518	31	4	0.856876204798539	0.973422326895835
Lactobacillus	InfectStageDEM	Infection Establishment (2wpi)	0.626544090606744	1.58223866153466	31	8	0.695116903119961	0.973422326895835
Lactobacillus	InfectStageDEM	Mid Infection (8-10-12wpi)	-0.348951352737143	1.25086949310644	31	8	0.782320251175177	0.973422326895835
Massilia	InfectStageDEM	Mid Infection (8-10-12wpi)	-0.0243185149764163	0.2838547981754	31	4	0.932336548812391	0.973422326895835
Micrococcus	InfectStageDEM	Infection Establishment (2wpi)	0.181243701849707	1.11536249167199	31	14	0.872081088552625	0.973422326895835
Micrococcus	InfectStageDEM	Mid Infection (8-10-12wpi)	0.128482795217368	0.881771472601022	31	14	0.885194361752762	0.973422326895835
Oscillospira	InfectStageDEM	Infection Establishment (2wpi)	-0.165627411546925	0.687190668178163	31	5	0.812145077294439	0.973422326895835
Oscillospira	InfectStageDEM	Mid Infection (8-10-12wpi)	-0.180977001749982	0.524878294743099	31	5	0.734739411044204	0.973422326895835
Parabacteroides	InfectStageDEM	Mid Infection (8-10-12wpi)	0.0242415209260416	0.285180757311862	31	4	0.932863063275175	0.973422326895835
Prevotella	InfectStageDEM	Infection Establishment (2wpi)	0.427909641354284	1.20643425638392	31	15	0.726011816516425	0.973422326895835
Propionibacterium	InfectStageDEM	Mid Infection (8-10-12wpi)	-0.178948192482029	0.879241952316434	31	27	0.840196218185244	0.973422326895835
Ruminococcus	InfectStageDEM	Infection Establishment (2wpi)	-0.126460666702357	0.53994742867524	31	6	0.817040896419142	0.973422326895835
Ruminococcus	InfectStageDEM	Mid Infection (8-10-12wpi)	0.106285684845782	0.415627976204202	31	6	0.800957055793682	0.973422326895835
Saccharopolyspora	InfectStageDEM	Infection Establishment (2wpi)	-0.100000000000019	0.585013862909526	31	4	0.865641584528969	0.973422326895835
Stenotrophomonas	InfectStageDEM	Infection Establishment (2wpi)	0.183976154589932	0.650566200975027	31	9	0.77941497109658	0.973422326895835
Streptococcus	InfectStageDEM	Mid Infection (8-10-12wpi)	0.400644699295999	1.0142067501801	31	20	0.695812234351621	0.973422326895835
Streptomyces	InfectStageDEM	Infection Establishment (2wpi)	-0.517790174180302	1.20185370972933	31	27	0.669893206999239	0.973422326895835
Fusobacterium	InfectStageDEM	Mid Infection (8-10-12wpi)	-0.0312869220365424	0.511696701976347	31	7	0.951752508800072	0.978945437622931
Flavobacterium	InfectStageDEM	Infection Establishment (2wpi)	-8.62569669564333e-16	0.44317600167038	31	4	0.999999999999998	0.999999999999998
Paracoccus	InfectStageDEM	Infection Establishment (2wpi)	-9.9035950865101e-15	1.08166220228239	31	5	0.999999999999993	0.999999999999998
