feature	metadata	value	coef	stderr	N	N.not.0	pval	qval
Propionibacterium	InfectStage2	Pre-Infection	-3.0203083142182	0.76935676114747	49	34	0.000281198380621573	0.0112479352248629
Cellvibrio	InfectStage2	Pre-Infection	1.54212211080494	0.441653389154053	49	14	0.00105553486801573	0.0157847774379821
Pseudomonas	InfectStage2	Pre-Infection	-1.59289003002726	0.459730910394291	49	45	0.00118385830784865	0.0157847774379821
Acinetobacter	InfectStage2	Pre-Infection	-1.91060420328674	0.635692504318961	49	48	0.00424387457086395	0.0424387457086395
Lactobacillus	InfectStage2	Pre-Infection	3.11052712323223	1.12360625193813	49	17	0.00803658044608367	0.0642926435686694
Porphyromonas	InfectStage2	Pre-Infection	1.60056707355183	0.642880624683977	49	13	0.0163809054817979	0.10920603654532
Cytophaga	InfectStage2	Pre-Infection	-0.678194391117591	0.305063104632357	49	10	0.0314678674658374	0.164218479471686
Veillonella	InfectStage2	Pre-Infection	-0.794671675304752	0.360788077598068	49	11	0.0328436958943372	0.164218479471686
Fusobacterium	InfectStage2	Pre-Infection	-1.01528645091588	0.487285940448749	49	8	0.0429735452963656	0.190993534650514
Kocuria	InfectStage2	Pre-Infection	-0.754983922116823	0.398002681232302	49	7	0.0639913491708907	0.255965396683563
Anaerococcus	InfectStage2	Pre-Infection	-0.477494964447036	0.279294976493647	49	5	0.0939271860052688	0.341553403655523
Paracoccus	InfectStage2	Pre-Infection	-0.877061688960832	0.528367081664871	49	5	0.103583592539014	0.345278641796713
Streptomyces	InfectStage2	Pre-Infection	-1.25363439480712	0.823682092441991	49	41	0.134712266592589	0.414499281823352
Bacteroides	InfectStage2	Pre-Infection	-0.576089026347726	0.412874880479959	49	11	0.16986284465894	0.452967585757172
Turicibacter	InfectStage2	Pre-Infection	0.467820311649036	0.334795083621602	49	9	0.168875342944103	0.452967585757172
Bacillus	InfectStage2	Pre-Infection	-0.324324967912426	0.246570590963052	49	9	0.194775561678395	0.486938904195987
Clostridium	InfectStage2	Pre-Infection	0.703219386140457	0.589347685245101	49	9	0.239142083526132	0.554730941095273
Oscillospira	InfectStage2	Pre-Infection	0.585954836478204	0.50267578181894	49	11	0.249628923492873	0.554730941095273
Acidovorax	InfectStage2	Pre-Infection	-0.277098536583567	0.288717395584637	49	8	0.342337812612122	0.638383890216614
Bifidobacterium	InfectStage2	Pre-Infection	0.303780357702757	0.333436455625321	49	7	0.36715101685304	0.638383890216614
Burkholderia	InfectStage2	Pre-Infection	-0.313429090420068	0.339888735083727	49	9	0.361158972797512	0.638383890216614
Collinsella	InfectStage2	Pre-Infection	0.165613213276694	0.170949128232859	49	5	0.337999541476664	0.638383890216614
Faecalibacterium	InfectStage2	Pre-Infection	-0.194140482124191	0.233466860600706	49	5	0.410083558617718	0.638383890216614
Micrococcus	InfectStage2	Pre-Infection	-0.822494445174623	0.993424963184358	49	21	0.412116632538223	0.638383890216614
Mucispirillum	InfectStage2	Pre-Infection	-0.534803317958027	0.535564013377968	49	13	0.323384756088798	0.638383890216614
Prevotella	InfectStage2	Pre-Infection	-0.559293047229114	0.682719659116947	49	21	0.417027252647623	0.638383890216614
Staphylococcus	InfectStage2	Pre-Infection	-0.563929233893828	0.709292012601879	49	33	0.430909125896214	0.638383890216614
Saccharopolyspora	InfectStage2	Pre-Infection	-0.22970326286893	0.313787870321024	49	5	0.467969365230245	0.666931597154596
Sphingobium	InfectStage2	Pre-Infection	0.138354261774623	0.195902660416421	49	5	0.483525407937082	0.666931597154596
Anaerobacillus	InfectStage2	Pre-Infection	-0.377052208235179	0.593589737727065	49	15	0.528535045514446	0.681980703889607
Leuconostoc	InfectStage2	Pre-Infection	0.0944920220283045	0.143822550405262	49	5	0.514382697131887	0.681980703889607
Coprococcus	InfectStage2	Pre-Infection	0.165255141835629	0.287016779837442	49	9	0.567518637773087	0.709398297216359
Corynebacterium	InfectStage2	Pre-Infection	0.322792856923369	0.679433904023523	49	26	0.636922629532539	0.7231137740134
Massilia	InfectStage2	Pre-Infection	0.128566581337115	0.272795217017579	49	6	0.639611623671092	0.7231137740134
Ruminococcus	InfectStage2	Pre-Infection	-0.162517868819635	0.333941029039839	49	8	0.628881522361818	0.7231137740134
Streptococcus	InfectStage2	Pre-Infection	-0.383462741729786	0.841734634887526	49	27	0.65080239661206	0.7231137740134
Parabacteroides	InfectStage2	Pre-Infection	-0.055164982439124	0.204378095767577	49	6	0.788406264737455	0.829901331302584
Stenotrophomonas	InfectStage2	Pre-Infection	0.134785898682862	0.497369551459039	49	15	0.787579625322539	0.829901331302584
Actinomyces	InfectStage2	Pre-Infection	-0.0176483077230709	0.202564611057119	49	5	0.930965102105345	0.940170685621403
Flavobacterium	InfectStage2	Pre-Infection	0.0207165054853074	0.274543966479779	49	6	0.940170685621403	0.940170685621403
