feature	metadata	value	coef	stderr	N	N.not.0	pval	qval
Propionibacterium	InfectStage2	Pre-Infection	-3.0203083142182	0.76935676114747	49	34	0.000281198380621573	0.0112479352248629
Cellvibrio	InfectStage2	Pre-Infection	1.54212211080494	0.441653389154053	49	14	0.00105553486801573	0.0157847774379821
Pseudomonas	InfectStage2	Pre-Infection	-1.59289003002726	0.459730910394291	49	45	0.00118385830784865	0.0157847774379821
Acinetobacter	InfectStage2	Pre-Infection	-1.91060420328674	0.635692504318961	49	48	0.00424387457086395	0.0424387457086395
Lactobacillus	InfectStage2	Pre-Infection	3.11052712323223	1.12360625193813	49	17	0.00803658044608367	0.0642926435686694
Porphyromonas	InfectStage2	Pre-Infection	1.60056707355183	0.642880624683977	49	13	0.0163809054817979	0.10920603654532
Cytophaga	InfectStage2	Pre-Infection	-0.678194391117591	0.305063104632357	49	10	0.0314678674658374	0.164218479471686
Veillonella	InfectStage2	Pre-Infection	-0.794671675304752	0.360788077598068	49	11	0.0328436958943372	0.164218479471686
Fusobacterium	InfectStage2	Pre-Infection	-1.01528645091588	0.487285940448749	49	8	0.0429735452963656	0.190993534650514
