feature	metadata	value	coef	stderr	N	N.not.0	pval	qval
Pseudomonas	InfectStageDEM	Pre-Infection	-2.93833940303061	0.700541257026668	49	45	0.000151116835566075	0.024178693690572
Cellvibrio	InfectStageDEM	Post-Depo	2.37793815554852	0.876553282626821	49	14	0.00948520315647813	0.189704063129563
Collinsella	InfectStageDEM	Post-Depo	0.846037230755455	0.303608899507987	49	5	0.0083533405058919	0.189704063129563
Kocuria	InfectStageDEM	Early Infection (4 & 6wpi)	1.79773747065826	0.642771858540214	49	7	0.00762458785644116	0.189704063129563
Porphyromonas	InfectStageDEM	Pre-Infection	2.88727479454888	1.0412611597491	49	13	0.00811799329881064	0.189704063129563
Propionibacterium	InfectStageDEM	Early Infection (4 & 6wpi)	3.56417880416985	1.24672980522572	49	34	0.00647571925082617	0.189704063129563
Propionibacterium	InfectStageDEM	Mid Infection (8-10-12wpi)	3.38728048811488	1.16620894625851	49	34	0.00573398521937124	0.189704063129563
Turicibacter	InfectStageDEM	Post-Depo	1.89182072543049	0.592873706251914	49	9	0.00261638017934042	0.189704063129563
Acinetobacter	InfectStageDEM	Pre-Infection	-2.76276055897158	1.07173372370414	49	48	0.0133677903296994	0.237649605861323
Bifidobacterium	InfectStageDEM	Post-Depo	1.48585916919977	0.619187362655089	49	7	0.0212021530780606	0.286331027969654
Cellvibrio	InfectStageDEM	Pre-Infection	1.69049777671834	0.759117410525468	49	14	0.0311173489253204	0.286331027969654
Corynebacterium	InfectStageDEM	Early Infection (4 & 6wpi)	2.52405199533502	1.12433351062556	49	26	0.0298487664350416	0.286331027969654
Cytophaga	InfectStageDEM	Early Infection (4 & 6wpi)	1.11831966405304	0.495188632417969	49	10	0.0295965952369747	0.286331027969654
Mucispirillum	InfectStageDEM	Pre-Infection	-2.00183914869476	0.855394444359051	49	13	0.0243917043669385	0.286331027969654
Parabacteroides	InfectStageDEM	Pre-Infection	-0.733391239517815	0.331566069236254	49	6	0.0322122406465861	0.286331027969654
Parabacteroides	InfectStageDEM	Early Infection (4 & 6wpi)	-0.785878389292837	0.342439963818524	49	6	0.0265636896446811	0.286331027969654
Parabacteroides	InfectStageDEM	Mid Infection (8-10-12wpi)	-0.76674705817558	0.320323255037046	49	6	0.0210110507201563	0.286331027969654
Paracoccus	InfectStageDEM	Mid Infection (8-10-12wpi)	1.81259415718577	0.808867981549543	49	5	0.0305225098241027	0.286331027969654
Veillonella	InfectStageDEM	Pre-Infection	-1.18011110372355	0.591492070169464	49	11	0.0529457231756821	0.445858721479428
Burkholderia	InfectStageDEM	Pre-Infection	-1.04916932739925	0.548818590336557	49	9	0.0624425808629424	0.493160888803282
Burkholderia	InfectStageDEM	Early Infection (4 & 6wpi)	-1.04916932739925	0.566817402790004	49	9	0.0708918777654718	0.493160888803282
Clostridium	InfectStageDEM	Post-Depo	2.04091456295206	1.09830438495646	49	9	0.0707134753462996	0.493160888803282
Staphylococcus	InfectStageDEM	Mid Infection (8-10-12wpi)	2.17956647966226	1.15396793919816	49	33	0.0662439277838259	0.493160888803282
Corynebacterium	InfectStageDEM	Post-Depo	2.23968982199666	1.25704307956987	49	26	0.0816986939991087	0.544657959994058
Lactobacillus	InfectStageDEM	Post-Depo	3.89964900890591	2.22286411381633	49	17	0.086335679210845	0.552548346949408
Prevotella	InfectStageDEM	Pre-Infection	-1.94405938216115	1.12917890011569	49	21	0.092927372200704	0.571860752004332
Fusobacterium	InfectStageDEM	Early Infection (4 & 6wpi)	1.39832460434539	0.843798675004908	49	8	0.1051860209731	0.60976134533664
Fusobacterium	InfectStageDEM	Mid Infection (8-10-12wpi)	1.30273822233673	0.789724044909118	49	8	0.106708235433912	0.60976134533664
Massilia	InfectStageDEM	Mid Infection (8-10-12wpi)	-0.693905517447447	0.445630922707832	49	6	0.126603914369686	0.687918136806692
Saccharopolyspora	InfectStageDEM	Mid Infection (8-10-12wpi)	0.77692463851666	0.501424853198936	49	5	0.128984650651255	0.687918136806692
Anaerococcus	InfectStageDEM	Mid Infection (8-10-12wpi)	0.6795268681011	0.459226010041411	49	5	0.146072278064972	0.706189220019486
Bacteroides	InfectStageDEM	Pre-Infection	-1.01061611260572	0.694069395130476	49	11	0.153257394031555	0.706189220019486
Massilia	InfectStageDEM	Early Infection (4 & 6wpi)	-0.673157059431298	0.476399495349899	49	6	0.164688203518823	0.706189220019486
Mucispirillum	InfectStageDEM	Mid Infection (8-10-12wpi)	-1.21092543283461	0.828981888375406	49	13	0.151746736026131	0.706189220019486
Oscillospira	InfectStageDEM	Post-Depo	1.37297439515684	0.959970566126506	49	11	0.159715607376957	0.706189220019486
Parabacteroides	InfectStageDEM	Post-Depo	-0.572259864949046	0.382859518655395	49	6	0.142130830403123	0.706189220019486
Turicibacter	InfectStageDEM	Early Infection (4 & 6wpi)	0.743832963853233	0.530282363700609	49	9	0.167719939754628	0.706189220019486
Veillonella	InfectStageDEM	Early Infection (4 & 6wpi)	-0.888901315642069	0.613009686089143	49	11	0.154727623003546	0.706189220019486
Stenotrophomonas	InfectStageDEM	Post-Depo	1.28460380695176	0.957918727016708	49	15	0.186790680284103	0.76632073962709
Flavobacterium	InfectStageDEM	Mid Infection (8-10-12wpi)	0.587238283531007	0.446920465780027	49	6	0.195667238024647	0.776632596237946
Sphingobium	InfectStageDEM	Pre-Infection	0.434178338084593	0.332957025376137	49	5	0.199012102785974	0.776632596237946
Bacteroides	InfectStageDEM	Post-Depo	-1.01996587481918	0.801442304229722	49	11	0.210561170117968	0.78696559278874
Bacteroides	InfectStageDEM	Mid Infection (8-10-12wpi)	-0.851372580575802	0.674291505916428	49	11	0.213918105877511	0.78696559278874
Prevotella	InfectStageDEM	Mid Infection (8-10-12wpi)	-1.36521342762138	1.09584148193391	49	21	0.21994828460584	0.78696559278874
Pseudomonas	InfectStageDEM	Mid Infection (8-10-12wpi)	-0.842998910734909	0.678674385772441	49	45	0.221334072971833	0.78696559278874
Staphylococcus	InfectStageDEM	Early Infection (4 & 6wpi)	1.49578449388128	1.23319065397128	49	33	0.232351739352229	0.808179962964274
Acidovorax	InfectStageDEM	Pre-Infection	-0.555810126528075	0.498566861446095	49	8	0.271621762632707	0.886928204514961
Bacillus	InfectStageDEM	Early Infection (4 & 6wpi)	0.487049867280023	0.434301365783858	49	9	0.268177055266385	0.886928204514961
Streptococcus	InfectStageDEM	Mid Infection (8-10-12wpi)	1.5702950356908	1.38818696137891	49	27	0.264105556443599	0.886928204514961
Veillonella	InfectStageDEM	Post-Depo	-0.743714599497044	0.682996211871738	49	11	0.282785480086276	0.904913536276083
Faecalibacterium	InfectStageDEM	Mid Infection (8-10-12wpi)	0.41180238054039	0.385141635562047	49	5	0.291242556294884	0.905728091974933
Streptomyces	InfectStageDEM	Pre-Infection	-1.50148837722396	1.4148143551181	49	41	0.294361629891853	0.905728091974933
Acidovorax	InfectStageDEM	Post-Depo	-0.461126172175893	0.57569542332986	49	8	0.427897576946	0.925335614405706
Acidovorax	InfectStageDEM	Early Infection (4 & 6wpi)	-0.46916041931406	0.515182163802782	49	8	0.367822464655934	0.925335614405706
Acinetobacter	InfectStageDEM	Post-Depo	-0.95685367486093	1.23753150776037	49	48	0.443540893522218	0.925335614405706
Actinomyces	InfectStageDEM	Pre-Infection	0.298187706281192	0.34471773343071	49	5	0.392246127448063	0.925335614405706
Actinomyces	InfectStageDEM	Early Infection (4 & 6wpi)	0.255042684708791	0.357772410145601	49	5	0.48001784997296	0.925335614405706
Actinomyces	InfectStageDEM	Mid Infection (8-10-12wpi)	0.284401087065609	0.334898574739444	49	5	0.400737434344506	0.925335614405706
Anaerobacillus	InfectStageDEM	Pre-Infection	-0.725307045808942	0.994030666819855	49	15	0.469883688877725	0.925335614405706
Anaerobacillus	InfectStageDEM	Early Infection (4 & 6wpi)	-0.758444207729678	1.0287318982401	49	15	0.465194469473903	0.925335614405706
Anaerococcus	InfectStageDEM	Early Infection (4 & 6wpi)	0.46094408763434	0.49093325504862	49	5	0.352900768384362	0.925335614405706
Bifidobacterium	InfectStageDEM	Early Infection (4 & 6wpi)	0.49478759465626	0.554889199007198	49	7	0.377807501264455	0.925335614405706
Corynebacterium	InfectStageDEM	Pre-Infection	0.980735229859855	1.08863124055893	49	26	0.372552453405952	0.925335614405706
Cytophaga	InfectStageDEM	Post-Depo	-0.436697019207132	0.549343637440747	49	10	0.431594525781998	0.925335614405706
Faecalibacterium	InfectStageDEM	Post-Depo	0.344747767637061	0.459730841389816	49	5	0.457738759346876	0.925335614405706
Faecalibacterium	InfectStageDEM	Early Infection (4 & 6wpi)	0.344527828933072	0.411666520494328	49	5	0.407525600381331	0.925335614405706
Lactobacillus	InfectStageDEM	Pre-Infection	1.70027131510136	1.92505679172572	49	17	0.381911493944881	0.925335614405706
Leuconostoc	InfectStageDEM	Early Infection (4 & 6wpi)	-0.194093409803843	0.256474386666978	49	5	0.453218045840187	0.925335614405706
Massilia	InfectStageDEM	Pre-Infection	-0.370320318862307	0.461271827907944	49	6	0.426391641496555	0.925335614405706
Massilia	InfectStageDEM	Post-Depo	-0.532384136589015	0.532630828024484	49	6	0.323000147614217	0.925335614405706
Micrococcus	InfectStageDEM	Pre-Infection	-1.55640341838713	1.71420384322847	49	21	0.369410848343259	0.925335614405706
Mucispirillum	InfectStageDEM	Early Infection (4 & 6wpi)	-0.685427484962778	0.88587297357644	49	13	0.443565227230851	0.925335614405706
Pseudomonas	InfectStageDEM	Post-Depo	-0.646012437034486	0.808915366645571	49	45	0.429318068842664	0.925335614405706
Pseudomonas	InfectStageDEM	Early Infection (4 & 6wpi)	-0.577745908557746	0.725281551497853	49	45	0.430355371066875	0.925335614405706
Ruminococcus	InfectStageDEM	Pre-Infection	-0.563904433919846	0.556319659811614	49	8	0.316939356809942	0.925335614405706
Ruminococcus	InfectStageDEM	Post-Depo	0.516199506380134	0.642382610695433	49	8	0.426464770138881	0.925335614405706
Saccharopolyspora	InfectStageDEM	Post-Depo	0.533698160693251	0.598878235776169	49	5	0.378206472273263	0.925335614405706
Sphingobium	InfectStageDEM	Early Infection (4 & 6wpi)	0.266898822876778	0.343876537142544	49	5	0.441814303075317	0.925335614405706
Staphylococcus	InfectStageDEM	Pre-Infection	0.866913653902592	1.19095712877774	49	33	0.471102105402256	0.925335614405706
Staphylococcus	InfectStageDEM	Post-Depo	1.07319474717288	1.37519883778626	49	33	0.439965819667049	0.925335614405706
Stenotrophomonas	InfectStageDEM	Mid Infection (8-10-12wpi)	0.575889362848874	0.801452307563287	49	15	0.476212412895575	0.925335614405706
Streptococcus	InfectStageDEM	Post-Depo	1.51685386328121	1.65920077134505	49	27	0.365590619545452	0.925335614405706
Streptococcus	InfectStageDEM	Early Infection (4 & 6wpi)	1.16934572306255	1.48403428521904	49	27	0.434950137613575	0.925335614405706
Flavobacterium	InfectStageDEM	Pre-Infection	0.319355772175502	0.46260663180006	49	6	0.493606127333235	0.9402021473014
Cellvibrio	InfectStageDEM	Mid Infection (8-10-12wpi)	0.495143937482388	0.733377092701087	49	14	0.50310940548218	0.940988302165225
Oscillospira	InfectStageDEM	Mid Infection (8-10-12wpi)	-0.5388585276465	0.803168999327334	49	11	0.505781212413809	0.940988302165225
Porphyromonas	InfectStageDEM	Mid Infection (8-10-12wpi)	0.654890140654769	1.00595385047323	49	13	0.518423006094167	0.953421620403065
Collinsella	InfectStageDEM	Early Infection (4 & 6wpi)	0.172065375288629	0.272307143782183	49	5	0.531195226535425	0.965809502791681
Collinsella	InfectStageDEM	Mid Infection (8-10-12wpi)	0.152635648471217	0.254820219309154	49	5	0.552662499297737	0.979816448265696
Coprococcus	InfectStageDEM	Post-Depo	0.340222489872107	0.575271231592903	49	9	0.557270604951115	0.979816448265696
Kocuria	InfectStageDEM	Mid Infection (8-10-12wpi)	0.361808458602466	0.601258018129352	49	7	0.550427197921008	0.979816448265696
Bacillus	InfectStageDEM	Post-Depo	-0.277773102554635	0.485563688306854	49	9	0.570190551820036	0.991635742295714
Acinetobacter	InfectStageDEM	Early Infection (4 & 6wpi)	-0.503114138623384	1.10688183025999	49	48	0.651679933166669	0.997786339891681
Anaerobacillus	InfectStageDEM	Mid Infection (8-10-12wpi)	0.470788777985215	0.962571065556321	49	15	0.627392198238569	0.997786339891681
Bifidobacterium	InfectStageDEM	Mid Infection (8-10-12wpi)	0.278016524364498	0.519194302903713	49	7	0.595227468760155	0.997786339891681
Cellvibrio	InfectStageDEM	Early Infection (4 & 6wpi)	0.427603716232475	0.784013090341663	49	14	0.588230209911755	0.997786339891681
Clostridium	InfectStageDEM	Mid Infection (8-10-12wpi)	-0.446653657737082	0.922614392586536	49	9	0.630929653262379	0.997786339891681
Corynebacterium	InfectStageDEM	Mid Infection (8-10-12wpi)	0.544326070650744	1.0517176963074	49	26	0.607358380513806	0.997786339891681
Cytophaga	InfectStageDEM	Pre-Infection	-0.218878891204545	0.475745545431035	49	10	0.648089476892478	0.997786339891681
Flavobacterium	InfectStageDEM	Post-Depo	0.275880641746762	0.534172126797341	49	6	0.608116554723648	0.997786339891681
Lactobacillus	InfectStageDEM	Mid Infection (8-10-12wpi)	-0.978905652631032	1.85978154844721	49	17	0.601284822859144	0.997786339891681
Oscillospira	InfectStageDEM	Pre-Infection	-0.384432445846762	0.831358897150883	49	11	0.646062706310985	0.997786339891681
Oscillospira	InfectStageDEM	Early Infection (4 & 6wpi)	-0.383925714700587	0.858623776903129	49	11	0.656966837002509	0.997786339891681
Prevotella	InfectStageDEM	Early Infection (4 & 6wpi)	-0.517186753337781	1.17084352156439	49	21	0.661033450178239	0.997786339891681
Streptomyces	InfectStageDEM	Early Infection (4 & 6wpi)	0.733203458491326	1.46121398275936	49	41	0.618326131122044	0.997786339891681
Turicibacter	InfectStageDEM	Pre-Infection	0.243215572977863	0.513443690849991	49	9	0.638059660543867	0.997786339891681
Acidovorax	InfectStageDEM	Mid Infection (8-10-12wpi)	-0.199536062389197	0.481944125242981	49	8	0.681019921794282	0.999999999999983
Acinetobacter	InfectStageDEM	Mid Infection (8-10-12wpi)	-0.1816445225013	1.03539314411954	49	48	0.861542469903413	0.999999999999983
Actinomyces	InfectStageDEM	Post-Depo	6.98409817796991e-14	0.398045752381316	49	5	0.999999999999861	0.999999999999983
Anaerobacillus	InfectStageDEM	Post-Depo	0.269951775535927	1.14780774614237	49	15	0.815272031801425	0.999999999999983
Anaerococcus	InfectStageDEM	Pre-Infection	5.79050494959874e-14	0.475344080225676	49	5	0.999999999999903	0.999999999999983
Anaerococcus	InfectStageDEM	Post-Depo	5.67465205151686e-14	0.548880065351978	49	5	0.999999999999918	0.999999999999983
Bacillus	InfectStageDEM	Pre-Infection	-0.0295435360859931	0.420510489229004	49	9	0.944307966953428	0.999999999999983
Bacillus	InfectStageDEM	Mid Infection (8-10-12wpi)	0.113512457353997	0.406251728342796	49	9	0.781236320449572	0.999999999999983
Bacteroides	InfectStageDEM	Early Infection (4 & 6wpi)	-0.0977799330457408	0.720347146625812	49	11	0.892698545906033	0.999999999999983
Bifidobacterium	InfectStageDEM	Pre-Infection	0.149958204348462	0.536231985761595	49	7	0.781199085387287	0.999999999999983
Burkholderia	InfectStageDEM	Post-Depo	-0.161565396711095	0.633721121734164	49	9	0.799951821251353	0.999999999999983
Burkholderia	InfectStageDEM	Mid Infection (8-10-12wpi)	-0.209623119238959	0.53020913052531	49	9	0.694488094974926	0.999999999999983
Clostridium	InfectStageDEM	Pre-Infection	-0.258857862264559	0.951159498460138	49	9	0.78694603348477	0.999999999999983
Clostridium	InfectStageDEM	Early Infection (4 & 6wpi)	0.0314235362021373	0.985821773754913	49	9	0.974729699598437	0.999999999999983
Collinsella	InfectStageDEM	Pre-Infection	-7.32469016177151e-15	0.262933019788954	49	5	0.999999999999978	0.999999999999983
Coprococcus	InfectStageDEM	Pre-Infection	0.0347651915156829	0.498199500625815	49	9	0.944683628319025	0.999999999999983
Coprococcus	InfectStageDEM	Early Infection (4 & 6wpi)	-0.0765733936898814	0.514538231736702	49	9	0.882375944271774	0.999999999999983
Coprococcus	InfectStageDEM	Mid Infection (8-10-12wpi)	-0.00820416266687187	0.481306443888808	49	9	0.986477288908265	0.999999999999983
Cytophaga	InfectStageDEM	Mid Infection (8-10-12wpi)	0.105277559765605	0.463717520130861	49	10	0.821583200329935	0.999999999999983
Faecalibacterium	InfectStageDEM	Pre-Infection	-1.23710624199877e-14	0.398138587546775	49	5	0.999999999999975	0.999999999999983
Flavobacterium	InfectStageDEM	Early Infection (4 & 6wpi)	6.082763830644e-14	0.477778074881797	49	6	0.999999999999899	0.999999999999983
Fusobacterium	InfectStageDEM	Pre-Infection	0.0833333333333539	0.813935517251303	49	8	0.918968539366418	0.999999999999983
Fusobacterium	InfectStageDEM	Post-Depo	2.04674530908087e-14	0.939851779976074	49	8	0.999999999999983	0.999999999999983
Kocuria	InfectStageDEM	Pre-Infection	-6.74944207501e-14	0.62236117588426	49	7	0.999999999999914	0.999999999999983
Kocuria	InfectStageDEM	Post-Depo	-6.62537909679717e-14	0.718640784859899	49	7	0.999999999999927	0.999999999999983
Lactobacillus	InfectStageDEM	Early Infection (4 & 6wpi)	-0.630744242661112	1.98819010529526	49	17	0.752557910527875	0.999999999999983
Leuconostoc	InfectStageDEM	Pre-Infection	0.00300992799593422	0.248330257072492	49	5	0.990384136615891	0.999999999999983
Leuconostoc	InfectStageDEM	Post-Depo	0.0492697812641912	0.286747081537464	49	5	0.864364421266548	0.999999999999983
Leuconostoc	InfectStageDEM	Mid Infection (8-10-12wpi)	-0.0277994888795284	0.239909820847704	49	5	0.90827905663665	0.999999999999983
Micrococcus	InfectStageDEM	Post-Depo	-0.122218928551718	1.9793921006677	49	21	0.951076590096445	0.999999999999983
Micrococcus	InfectStageDEM	Early Infection (4 & 6wpi)	-0.215006300990227	1.77366027532996	49	21	0.904113762198239	0.999999999999983
Micrococcus	InfectStageDEM	Mid Infection (8-10-12wpi)	-0.38115915724755	1.65953953356496	49	21	0.819492313776573	0.999999999999983
Mucispirillum	InfectStageDEM	Post-Depo	-0.0126884806673739	0.987724425428017	49	13	0.989814933733291	0.999999999999983
Paracoccus	InfectStageDEM	Pre-Infection	3.91118584523459e-14	0.836886273040722	49	5	0.999999999999963	0.999999999999983
Paracoccus	InfectStageDEM	Post-Depo	3.91316956845923e-14	0.966353030042327	49	5	0.999999999999968	0.999999999999983
Paracoccus	InfectStageDEM	Early Infection (4 & 6wpi)	3.82220789742139e-14	0.864668277111651	49	5	0.999999999999965	0.999999999999983
Porphyromonas	InfectStageDEM	Post-Depo	0.229624986089281	1.2023448217557	49	13	0.849419022448009	0.999999999999983
Porphyromonas	InfectStageDEM	Early Infection (4 & 6wpi)	0.260220588700443	1.07540990153624	49	13	0.809925041572824	0.999999999999983
Prevotella	InfectStageDEM	Post-Depo	-0.248011903657202	1.30386348389008	49	21	0.85011284533896	0.999999999999983
Propionibacterium	InfectStageDEM	Pre-Infection	-0.4837837261681	1.2071409432149	49	34	0.690530287696196	0.999999999999983
Propionibacterium	InfectStageDEM	Post-Depo	0.272867867432085	1.39388629702989	49	34	0.845698913212793	0.999999999999983
Ruminococcus	InfectStageDEM	Early Infection (4 & 6wpi)	-0.111391019764562	0.57553399540275	49	8	0.847500736110205	0.999999999999983
Ruminococcus	InfectStageDEM	Mid Infection (8-10-12wpi)	-0.0102155247275556	0.538492189369414	49	8	0.984957391720163	0.999999999999983
Saccharopolyspora	InfectStageDEM	Pre-Infection	2.39165313507444e-14	0.518643765955769	49	5	0.999999999999963	0.999999999999983
Saccharopolyspora	InfectStageDEM	Early Infection (4 & 6wpi)	0.0989039456549801	0.535996639480335	49	5	0.85451815361882	0.999999999999983
Sphingobium	InfectStageDEM	Post-Depo	-4.75363522640155e-14	0.38446565645898	49	5	0.999999999999902	0.999999999999983
Sphingobium	InfectStageDEM	Mid Infection (8-10-12wpi)	0.134336576220005	0.321667046334411	49	5	0.678251437053424	0.999999999999983
Stenotrophomonas	InfectStageDEM	Pre-Infection	-0.0988673142220006	0.82958195235732	49	15	0.905677387025174	0.999999999999983
Stenotrophomonas	InfectStageDEM	Early Infection (4 & 6wpi)	-0.158572179065492	0.85678855621177	49	15	0.854018836025123	0.999999999999983
Streptococcus	InfectStageDEM	Pre-Infection	0.371921670247977	1.43691001796355	49	27	0.796970121385683	0.999999999999983
Streptomyces	InfectStageDEM	Post-Depo	-0.319641276808694	1.63368689756156	49	41	0.845779904782822	0.999999999999983
Streptomyces	InfectStageDEM	Mid Infection (8-10-12wpi)	-0.186872533480731	1.36684052306223	49	41	0.89187688793892	0.999999999999983
Turicibacter	InfectStageDEM	Mid Infection (8-10-12wpi)	0.175634002533682	0.496033730804082	49	9	0.724972595585669	0.999999999999983
Veillonella	InfectStageDEM	Mid Infection (8-10-12wpi)	0.0940060884004223	0.573700699577746	49	11	0.870652821339372	0.999999999999983
