feature	metadata	value	coef	stderr	N	N.not.0	pval	qval
Pseudomonas	InfectStageDEM	Pre-Infection	-2.93833940303061	0.700541257026668	49	45	0.000151116835566075	0.024178693690572
Cellvibrio	InfectStageDEM	Post-Depo	2.37793815554852	0.876553282626821	49	14	0.00948520315647813	0.189704063129563
Collinsella	InfectStageDEM	Post-Depo	0.846037230755455	0.303608899507987	49	5	0.0083533405058919	0.189704063129563
Kocuria	InfectStageDEM	Early Infection (4 & 6wpi)	1.79773747065826	0.642771858540214	49	7	0.00762458785644116	0.189704063129563
Porphyromonas	InfectStageDEM	Pre-Infection	2.88727479454888	1.0412611597491	49	13	0.00811799329881064	0.189704063129563
Propionibacterium	InfectStageDEM	Early Infection (4 & 6wpi)	3.56417880416985	1.24672980522572	49	34	0.00647571925082617	0.189704063129563
Propionibacterium	InfectStageDEM	Mid Infection (8-10-12wpi)	3.38728048811488	1.16620894625851	49	34	0.00573398521937124	0.189704063129563
Turicibacter	InfectStageDEM	Post-Depo	1.89182072543049	0.592873706251914	49	9	0.00261638017934042	0.189704063129563
Acinetobacter	InfectStageDEM	Pre-Infection	-2.76276055897158	1.07173372370414	49	48	0.0133677903296994	0.237649605861323
