feature	metadata	value	coef	stderr	N	N.not.0	pval	qval
Propionibacterium	InfectStageDEM	Mid Infection (8-10-12wpi)	3.87106421428298	0.935047353919287	49	34	0.00015459107017339	0.0123672856138712
Pseudomonas	InfectStageDEM	Infection Establishment (2wpi)	2.93833940303063	0.700541257027	49	45	0.000151116835500552	0.0123672856138712
Propionibacterium	InfectStageDEM	Early Infection (4 & 6wpi)	4.04796253033795	1.03373374472164	49	34	0.000309704335778066	0.0131627767140191
Pseudomonas	InfectStageDEM	Early Infection (4 & 6wpi)	2.36059349447342	0.602035971802827	49	45	0.000329771941556744	0.0131627767140191
Pseudomonas	InfectStageDEM	Mid Infection (8-10-12wpi)	2.09534049229625	0.544988902919114	49	45	0.000411336772313098	0.0131627767140191
Kocuria	InfectStageDEM	Early Infection (4 & 6wpi)	1.79773747065829	0.532958270144323	49	7	0.00155899596492696	0.0415732257313856
Collinsella	InfectStageDEM	Post-Depo	0.846037230755464	0.262933019789802	49	5	0.00268623823037646	0.0429798116860234
Cytophaga	InfectStageDEM	Early Infection (4 & 6wpi)	1.33719855525695	0.412028122434558	49	10	0.00239454262363418	0.0429798116860234
Pseudomonas	InfectStageDEM	Post-Depo	2.29232696599613	0.700541257027	49	45	0.00222888787943256	0.0429798116860234
Turicibacter	InfectStageDEM	Post-Depo	1.64860515245264	0.513443690849991	49	9	0.00247388859785391	0.0429798116860234
Acinetobacter	InfectStageDEM	Mid Infection (8-10-12wpi)	2.58111603647028	0.830161372694996	49	48	0.00328562207877052	0.0477908666002985
Porphyromonas	InfectStageDEM	Early Infection (4 & 6wpi)	-2.62705420584846	0.891682784807189	49	13	0.00512770917071606	0.0683694556095475
Paracoccus	InfectStageDEM	Mid Infection (8-10-12wpi)	1.81259415718576	0.648697053269683	49	5	0.00784145551417501	0.0849643965907819
Porphyromonas	InfectStageDEM	Infection Establishment (2wpi)	-2.88727479454893	1.0412611597491	49	13	0.00811799329880159	0.0849643965907819
Porphyromonas	InfectStageDEM	Mid Infection (8-10-12wpi)	-2.23238465389413	0.806557426152181	49	13	0.00822597777617848	0.0849643965907819
Veillonella	InfectStageDEM	Mid Infection (8-10-12wpi)	1.27411719212397	0.460989735610471	49	11	0.00849643965907819	0.0849643965907819
Acinetobacter	InfectStageDEM	Infection Establishment (2wpi)	2.76276055897157	1.07173372370414	49	48	0.0133677903297003	0.125814497220709
Porphyromonas	InfectStageDEM	Post-Depo	-2.65764980845962	1.0412611597491	49	13	0.0142475672607746	0.126645042317996
Acinetobacter	InfectStageDEM	Early Infection (4 & 6wpi)	2.25964642034819	0.917777929558565	49	48	0.0178012918561992	0.142410334849593
Bifidobacterium	InfectStageDEM	Post-Depo	1.33590096485134	0.536231985759231	49	7	0.0170180069595222	0.142410334849593
Clostridium	InfectStageDEM	Post-Depo	2.29977242521667	0.951159498446598	49	9	0.020396134067198	0.155399116702461
Mucispirillum	InfectStageDEM	Post-Depo	1.98915066802738	0.855394444359804	49	13	0.0252530020533766	0.17567305776262
Mucispirillum	InfectStageDEM	Infection Establishment (2wpi)	2.00183914869475	0.855394444359804	49	13	0.0243917043679528	0.17567305776262
Cellvibrio	InfectStageDEM	Infection Establishment (2wpi)	-1.69049777671835	0.759117410525468	49	14	0.0311173489253089	0.206158340138152
Parabacteroides	InfectStageDEM	Infection Establishment (2wpi)	0.733391239517798	0.331566069236254	49	6	0.0322122406465863	0.206158340138152
Oscillospira	InfectStageDEM	Post-Depo	1.75740684100362	0.831358897150883	49	11	0.0402281708567013	0.247557974502777
Cellvibrio	InfectStageDEM	Mid Infection (8-10-12wpi)	-1.19535383923595	0.588009817756248	49	14	0.0481255766298388	0.285188602250897
Burkholderia	InfectStageDEM	Infection Establishment (2wpi)	1.04916932739925	0.548818590336557	49	9	0.0624425808629411	0.293847439355017
Burkholderia	InfectStageDEM	Mid Infection (8-10-12wpi)	0.839546208160292	0.425113052092503	49	9	0.0545774838461582	0.293847439355017
Cellvibrio	InfectStageDEM	Early Infection (4 & 6wpi)	-1.26289406048587	0.650069312847577	49	14	0.0584679925686284	0.293847439355017
Fusobacterium	InfectStageDEM	Mid Infection (8-10-12wpi)	1.21940488900337	0.634691834693412	49	8	0.0616160137132923	0.293847439355017
Ruminococcus	InfectStageDEM	Post-Depo	1.0801039403	0.556319659811624	49	8	0.0593681310344343	0.293847439355017
Saccharopolyspora	InfectStageDEM	Mid Infection (8-10-12wpi)	0.77692463851842	0.402197834511602	49	5	0.0602509765346733	0.293847439355017
Veillonella	InfectStageDEM	Infection Establishment (2wpi)	1.18011110372355	0.591492070169467	49	11	0.0529457231767086	0.293847439355017
Fusobacterium	InfectStageDEM	Early Infection (4 & 6wpi)	1.31499127101203	0.700832263711429	49	8	0.0677331925248273	0.309637451542068
Anaerococcus	InfectStageDEM	Mid Infection (8-10-12wpi)	0.679526868101071	0.368199941286465	49	5	0.0716951279248389	0.31072920894855
Streptomyces	InfectStageDEM	Early Infection (4 & 6wpi)	2.23469183571529	1.21157462980841	49	41	0.0718561295693523	0.31072920894855
Lactobacillus	InfectStageDEM	Mid Infection (8-10-12wpi)	-2.67917696773239	1.49114257897144	49	17	0.0792455836005555	0.33161724765184
Mucispirillum	InfectStageDEM	Early Infection (4 & 6wpi)	1.31641166373159	0.735439351793982	49	13	0.0808317041151359	0.33161724765184
Prevotella	InfectStageDEM	Infection Establishment (2wpi)	1.94405938216113	1.12917890011569	49	21	0.0929273721999048	0.371709488799619
Acinetobacter	InfectStageDEM	Post-Depo	1.80590688411065	1.07173372370414	49	48	0.0990632247189235	0.386588194025067
Stenotrophomonas	InfectStageDEM	Post-Depo	1.38347112117378	0.82958195235732	49	15	0.102483634604082	0.390413846110789
Corynebacterium	InfectStageDEM	Early Infection (4 & 6wpi)	1.54331676547515	0.932248098492013	49	26	0.104943775204543	0.390488465877368
Burkholderia	InfectStageDEM	Post-Depo	0.887603930688156	0.548818590336557	49	9	0.112961510053876	0.410769127468641
Anaerobacillus	InfectStageDEM	Mid Infection (8-10-12wpi)	1.19609582379418	0.772772541385974	49	15	0.129282657206657	0.459671670068114
Bacteroides	InfectStageDEM	Early Infection (4 & 6wpi)	0.912836179558965	0.598600509440302	49	11	0.134959678624387	0.469424969128301
Prevotella	InfectStageDEM	Post-Depo	1.69604747850394	1.12917890011569	49	21	0.141016648441864	0.480056675546771
Prevotella	InfectStageDEM	Early Infection (4 & 6wpi)	1.42687262882336	0.972553112088899	49	21	0.149961764156337	0.499872547187791
Bacteroides	InfectStageDEM	Infection Establishment (2wpi)	1.01061611260561	0.694069395133435	49	11	0.15325739403341	0.500432307047869
Bacillus	InfectStageDEM	Early Infection (4 & 6wpi)	0.516593403366023	0.360103669060988	49	9	0.158479908326579	0.505838393162882
Lactobacillus	InfectStageDEM	Early Infection (4 & 6wpi)	-2.33101555776247	1.64852014779039	49	17	0.164397477777937	0.505838393162882
Staphylococcus	InfectStageDEM	Mid Infection (8-10-12wpi)	1.31265282575966	0.926741087809901	49	33	0.164306486552933	0.505838393162882
Faecalibacterium	InfectStageDEM	Mid Infection (8-10-12wpi)	0.411802380540438	0.309024218811736	49	5	0.189945793581595	0.573421263642552
Sphingobium	InfectStageDEM	Post-Depo	-0.434178338084665	0.332957025376137	49	5	0.199012102785891	0.578944299013502
Sphingobium	InfectStageDEM	Infection Establishment (2wpi)	-0.434178338084665	0.332957025376137	49	5	0.199012102785891	0.578944299013502
Ruminococcus	InfectStageDEM	Mid Infection (8-10-12wpi)	0.5536889091923	0.432215204939507	49	8	0.20733192981344	0.592376942324115
Streptomyces	InfectStageDEM	Mid Infection (8-10-12wpi)	1.31461584374323	1.09591048706952	49	41	0.236728109336761	0.664499956033013
Mucispirillum	InfectStageDEM	Mid Infection (8-10-12wpi)	0.790913715859756	0.665816105323588	49	13	0.241653950782594	0.666631588365778
Anaerococcus	InfectStageDEM	Early Infection (4 & 6wpi)	0.460944087634311	0.407060351026031	49	5	0.263611076718501	0.66948844880889
Corynebacterium	InfectStageDEM	Post-Depo	1.25895459213679	1.08863124055893	49	26	0.253735004459484	0.66948844880889
Lactobacillus	InfectStageDEM	Post-Depo	2.19937769380455	1.92505679172572	49	17	0.259425174392212	0.66948844880889
Sphingobium	InfectStageDEM	Mid Infection (8-10-12wpi)	-0.299841761864612	0.257907402856908	49	5	0.251261026096935	0.66948844880889
Turicibacter	InfectStageDEM	Early Infection (4 & 6wpi)	0.500617390875378	0.439686908334425	49	9	0.261041051984404	0.66948844880889
Acidovorax	InfectStageDEM	Infection Establishment (2wpi)	0.555810126528066	0.498566861271498	49	8	0.271621762447293	0.679054406118233
Streptococcus	InfectStageDEM	Mid Infection (8-10-12wpi)	1.19837336544283	1.11302571391428	49	27	0.287491019199855	0.707670201107335
Streptomyces	InfectStageDEM	Infection Establishment (2wpi)	1.50148837722396	1.4148143551181	49	41	0.294361629891852	0.713603951252975
Stenotrophomonas	InfectStageDEM	Mid Infection (8-10-12wpi)	0.674756677070896	0.642591417158827	49	15	0.299425966993802	0.715047085358334
Anaerobacillus	InfectStageDEM	Post-Depo	0.995258821344887	0.99403066681987	49	15	0.32278208467274	0.727396247149837
Faecalibacterium	InfectStageDEM	Early Infection (4 & 6wpi)	0.34452782893312	0.341513121950995	49	5	0.318950646429582	0.727396247149837
Ruminococcus	InfectStageDEM	Infection Establishment (2wpi)	0.563904433919908	0.556319659811624	49	8	0.316939356807734	0.727396247149837
Saccharopolyspora	InfectStageDEM	Post-Depo	0.533698160693237	0.518643765959677	49	5	0.309690783331	0.727396247149837
Acidovorax	InfectStageDEM	Mid Infection (8-10-12wpi)	0.3562740641736	0.386540857693519	49	8	0.362015936083318	0.73834565050004
Actinomyces	InfectStageDEM	Post-Depo	-0.298187706281089	0.344717732984812	49	5	0.392246126828146	0.73834565050004
Actinomyces	InfectStageDEM	Infection Establishment (2wpi)	-0.298187706281089	0.344717732984812	49	5	0.392246126827791	0.73834565050004
Cellvibrio	InfectStageDEM	Post-Depo	0.687440378830179	0.759117410525468	49	14	0.370091341901587	0.73834565050004
Corynebacterium	InfectStageDEM	Infection Establishment (2wpi)	-0.980735229859884	1.08863124055893	49	26	0.372552453405922	0.73834565050004
Cytophaga	InfectStageDEM	Mid Infection (8-10-12wpi)	0.324156450969513	0.373616555411103	49	10	0.390814121405146	0.73834565050004
Faecalibacterium	InfectStageDEM	Post-Depo	0.344747767637065	0.398138587546892	49	5	0.391744905676402	0.73834565050004
Lactobacillus	InfectStageDEM	Infection Establishment (2wpi)	-1.70027131510137	1.92505679172572	49	17	0.381911493944876	0.73834565050004
Leuconostoc	InfectStageDEM	Early Infection (4 & 6wpi)	-0.197103337799763	0.212657327227724	49	5	0.359056150002661	0.73834565050004
Massilia	InfectStageDEM	Mid Infection (8-10-12wpi)	-0.323585198585158	0.357299621512424	49	6	0.370058579509479	0.73834565050004
Micrococcus	InfectStageDEM	Infection Establishment (2wpi)	1.55640341838711	1.7142038432125	49	21	0.369410848338379	0.73834565050004
Micrococcus	InfectStageDEM	Early Infection (4 & 6wpi)	1.34139711737875	1.47186021761741	49	21	0.367430732981818	0.73834565050004
Micrococcus	InfectStageDEM	Mid Infection (8-10-12wpi)	1.17524426112143	1.33213107140157	49	21	0.382758049811807	0.73834565050004
Ruminococcus	InfectStageDEM	Early Infection (4 & 6wpi)	0.452513414155295	0.477572534002207	49	8	0.348928786293709	0.73834565050004
Micrococcus	InfectStageDEM	Post-Depo	1.43418448983541	1.7142038432125	49	21	0.4078215654908	0.750420215287573
Streptomyces	InfectStageDEM	Post-Depo	1.18184710041526	1.4148143551181	49	41	0.408040992062618	0.750420215287573
Anaerobacillus	InfectStageDEM	Infection Establishment (2wpi)	0.725307045808983	0.99403066681987	49	15	0.469883688875988	0.76137714004708
Bifidobacterium	InfectStageDEM	Early Infection (4 & 6wpi)	0.344829390309632	0.460492970256234	49	7	0.458227251275145	0.76137714004708
Collinsella	InfectStageDEM	Early Infection (4 & 6wpi)	0.172065375285795	0.226067665954163	49	5	0.451137398700946	0.76137714004708
Collinsella	InfectStageDEM	Mid Infection (8-10-12wpi)	0.152635648468384	0.20466742096352	49	5	0.460202168302724	0.76137714004708
Flavobacterium	InfectStageDEM	Early Infection (4 & 6wpi)	-0.319355772175411	0.396152651860312	49	6	0.424495981301677	0.76137714004708
Flavobacterium	InfectStageDEM	Mid Infection (8-10-12wpi)	0.267882511355535	0.358333556161348	49	6	0.458691262800839	0.76137714004708
Kocuria	InfectStageDEM	Mid Infection (8-10-12wpi)	0.361808458602501	0.482078893905161	49	7	0.456938279048927	0.76137714004708
Massilia	InfectStageDEM	Infection Establishment (2wpi)	0.370320318862254	0.461271827907944	49	6	0.426391641496594	0.76137714004708
Massilia	InfectStageDEM	Early Infection (4 & 6wpi)	-0.302836740569009	0.395009594097569	49	6	0.447379711969406	0.76137714004708
Staphylococcus	InfectStageDEM	Infection Establishment (2wpi)	-0.866913653902606	1.19095712877774	49	33	0.471102105404131	0.76137714004708
Streptococcus	InfectStageDEM	Post-Depo	1.14493219303325	1.43691001796355	49	27	0.429844940305742	0.76137714004708
Veillonella	InfectStageDEM	Post-Depo	0.436396504226508	0.591492070169467	49	11	0.464995525699017	0.76137714004708
Flavobacterium	InfectStageDEM	Infection Establishment (2wpi)	-0.319355772175413	0.46260663180006	49	6	0.493606127333349	0.789769803733359
Prevotella	InfectStageDEM	Mid Infection (8-10-12wpi)	0.578845954539762	0.88082549768476	49	21	0.514721424310843	0.81540027613599
Streptococcus	InfectStageDEM	Early Infection (4 & 6wpi)	0.797424052814587	1.23049622502371	49	27	0.520319715996807	0.816187789798913
Coprococcus	InfectStageDEM	Post-Depo	0.305457298356404	0.498199500625815	49	9	0.542951855742373	0.827355208750282
Propionibacterium	InfectStageDEM	Post-Depo	0.756651593600184	1.2071409432149	49	34	0.534020826269522	0.827355208750282
Staphylococcus	InfectStageDEM	Early Infection (4 & 6wpi)	0.628870839978679	1.02370221655516	49	33	0.542481515781225	0.827355208750282
Bacillus	InfectStageDEM	Post-Depo	-0.248229566468636	0.420510489229005	49	9	0.558005800980447	0.838003015993104
Sphingobium	InfectStageDEM	Early Infection (4 & 6wpi)	-0.16727951520784	0.285127361977133	49	5	0.560414516945389	0.838003015993104
Veillonella	InfectStageDEM	Early Infection (4 & 6wpi)	0.29120978808148	0.509077517556341	49	11	0.570422131872297	0.845069824995995
Corynebacterium	InfectStageDEM	Mid Infection (8-10-12wpi)	-0.436409159209121	0.84325013296917	49	26	0.607376950590844	0.891562496280137
Cytophaga	InfectStageDEM	Post-Depo	-0.217818128002584	0.475745545431243	49	10	0.649676207592962	0.911826256270824
Cytophaga	InfectStageDEM	Infection Establishment (2wpi)	0.218878891204551	0.475745545431243	49	10	0.648089476892121	0.911826256270824
Oscillospira	InfectStageDEM	Infection Establishment (2wpi)	0.384432445846814	0.831358897150883	49	11	0.646062706310938	0.911826256270824
Parabacteroides	InfectStageDEM	Post-Depo	0.161131374568763	0.331566069236254	49	6	0.629399513164922	0.911826256270824
Turicibacter	InfectStageDEM	Infection Establishment (2wpi)	-0.243215572977839	0.513443690849991	49	9	0.638059660543904	0.911826256270824
Bacillus	InfectStageDEM	Mid Infection (8-10-12wpi)	0.143055993439996	0.325726024337894	49	9	0.662672408807805	0.921979003558686
Propionibacterium	InfectStageDEM	Infection Establishment (2wpi)	0.483783726168099	1.2071409432149	49	34	0.690530287696177	0.952455569236106
Clostridium	InfectStageDEM	Early Infection (4 & 6wpi)	0.290281398437881	0.81870412182314	49	9	0.724756130739663	0.985775262259158
Massilia	InfectStageDEM	Post-Depo	-0.162063817726725	0.461271827907944	49	6	0.727009255916129	0.985775262259158
Acidovorax	InfectStageDEM	Post-Depo	0.0946839543521776	0.498566861271498	49	8	0.850344011742835	0.999999999999998
Acidovorax	InfectStageDEM	Early Infection (4 & 6wpi)	0.0866497072487392	0.427266142688047	49	8	0.840289461280559	0.999999999999998
Actinomyces	InfectStageDEM	Early Infection (4 & 6wpi)	-0.0431450218840897	0.297306226014404	49	5	0.885329014207562	0.999999999999998
Actinomyces	InfectStageDEM	Mid Infection (8-10-12wpi)	-0.0137866195272715	0.269345410150305	49	5	0.959425087196833	0.999999999999998
Anaerobacillus	InfectStageDEM	Early Infection (4 & 6wpi)	-0.0331371619207093	0.853770263554888	49	15	0.969227567570028	0.999999999999998
Anaerococcus	InfectStageDEM	Post-Depo	2.71915980869363e-14	0.475344080225676	49	5	0.999999999999955	0.999999999999998
Anaerococcus	InfectStageDEM	Infection Establishment (2wpi)	2.71670675087946e-14	0.475344080225676	49	5	0.999999999999955	0.999999999999998
Bacillus	InfectStageDEM	Infection Establishment (2wpi)	0.0295435360860127	0.420510489229005	49	9	0.944307966953392	0.999999999999998
Bacteroides	InfectStageDEM	Post-Depo	-0.00934976221349773	0.694069395133435	49	11	0.989319732438023	0.999999999999998
Bacteroides	InfectStageDEM	Mid Infection (8-10-12wpi)	0.159243532028905	0.542302123544373	49	11	0.770504019915838	0.999999999999998
Bifidobacterium	InfectStageDEM	Infection Establishment (2wpi)	-0.14995820434836	0.536231985759231	49	7	0.781199085386834	0.999999999999998
Bifidobacterium	InfectStageDEM	Mid Infection (8-10-12wpi)	0.128058320017869	0.416790686854409	49	7	0.760195278083333	0.999999999999998
Burkholderia	InfectStageDEM	Early Infection (4 & 6wpi)	3.12350929052521e-15	0.469980162424548	49	9	0.999999999999995	0.999999999999998
Clostridium	InfectStageDEM	Infection Establishment (2wpi)	0.25885786226469	0.951159498446598	49	9	0.786946033481519	0.999999999999998
Clostridium	InfectStageDEM	Mid Infection (8-10-12wpi)	-0.187795795501336	0.741383292833184	49	9	0.80130326635432	0.999999999999998
Collinsella	InfectStageDEM	Infection Establishment (2wpi)	6.4852938758872e-16	0.262933019789802	49	5	0.999999999999998	0.999999999999998
Coprococcus	InfectStageDEM	Infection Establishment (2wpi)	-0.0347651915157415	0.498199500625815	49	9	0.944683628318932	0.999999999999998
Coprococcus	InfectStageDEM	Early Infection (4 & 6wpi)	-0.111338585205584	0.426632563740895	49	9	0.795332744838362	0.999999999999998
Coprococcus	InfectStageDEM	Mid Infection (8-10-12wpi)	-0.0429693541825743	0.385903673802527	49	9	0.911847294074895	0.999999999999998
Faecalibacterium	InfectStageDEM	Infection Establishment (2wpi)	-9.92601508726674e-15	0.398138587546892	49	5	0.99999999999998	0.999999999999998
Flavobacterium	InfectStageDEM	Post-Depo	-0.0434751304287105	0.46260663180006	49	6	0.925552802379142	0.999999999999998
Fusobacterium	InfectStageDEM	Post-Depo	-0.0833333333333317	0.813935517251197	49	8	0.918968539366335	0.999999999999998
Fusobacterium	InfectStageDEM	Infection Establishment (2wpi)	-0.0833333333333319	0.813935517251197	49	8	0.918968539366359	0.999999999999998
Kocuria	InfectStageDEM	Post-Depo	-3.19331934828789e-14	0.62236117588426	49	7	0.999999999999959	0.999999999999998
Kocuria	InfectStageDEM	Infection Establishment (2wpi)	-3.18577842009605e-14	0.62236117588426	49	7	0.999999999999959	0.999999999999998
Leuconostoc	InfectStageDEM	Post-Depo	0.0462598532682706	0.248330257072492	49	5	0.85307858279467	0.999999999999998
Leuconostoc	InfectStageDEM	Infection Establishment (2wpi)	-0.0030099279958934	0.248330257072492	49	5	0.990384136616021	0.999999999999998
Leuconostoc	InfectStageDEM	Mid Infection (8-10-12wpi)	-0.030809416875449	0.192355790000234	49	5	0.873481087663005	0.999999999999998
Oscillospira	InfectStageDEM	Early Infection (4 & 6wpi)	0.000506731146192818	0.711933226016376	49	11	0.999435308837528	0.999999999999998
Oscillospira	InfectStageDEM	Mid Infection (8-10-12wpi)	-0.15442608179972	0.643967832677347	49	11	0.811595853150765	0.999999999999998
Parabacteroides	InfectStageDEM	Early Infection (4 & 6wpi)	-0.0524871497750274	0.283936218302231	49	6	0.854191873976153	0.999999999999998
Parabacteroides	InfectStageDEM	Mid Infection (8-10-12wpi)	-0.033355818657771	0.256829972863893	49	6	0.897257174103431	0.999999999999998
Paracoccus	InfectStageDEM	Post-Depo	2.70998172789524e-14	0.836886273057487	49	5	0.999999999999974	0.999999999999998
Paracoccus	InfectStageDEM	Infection Establishment (2wpi)	2.6978197630659e-14	0.836886273057487	49	5	0.999999999999974	0.999999999999998
Paracoccus	InfectStageDEM	Early Infection (4 & 6wpi)	2.69648388000785e-14	0.717071603671286	49	5	0.99999999999997	0.999999999999998
Saccharopolyspora	InfectStageDEM	Infection Establishment (2wpi)	9.77625671984115e-15	0.518643765959677	49	5	0.999999999999985	0.999999999999998
Saccharopolyspora	InfectStageDEM	Early Infection (4 & 6wpi)	0.0989039456567398	0.444554397363247	49	5	0.825041126313068	0.999999999999998
Staphylococcus	InfectStageDEM	Post-Depo	0.206281093270289	1.19095712877774	49	33	0.863403314879551	0.999999999999998
Stenotrophomonas	InfectStageDEM	Infection Establishment (2wpi)	0.098867314222066	0.82958195235732	49	15	0.905677387025112	0.999999999999998
Stenotrophomonas	InfectStageDEM	Early Infection (4 & 6wpi)	-0.0597048648434695	0.710411541406192	49	15	0.933403744441283	0.999999999999998
Streptococcus	InfectStageDEM	Infection Establishment (2wpi)	-0.371921670247942	1.43691001796355	49	27	0.796970121385702	0.999999999999998
Turicibacter	InfectStageDEM	Mid Infection (8-10-12wpi)	-0.0675815704441731	0.397711772775457	49	9	0.865847239048332	0.999999999999998
