feature	metadata	value	coef	stderr	N	N.not.0	pval	qval
Propionibacterium	InfectStageDEM	Mid Infection (8-10-12wpi)	3.87106421428298	0.935047353919287	49	34	0.00015459107017339	0.0123672856138712
Pseudomonas	InfectStageDEM	Infection Establishment (2wpi)	2.93833940303063	0.700541257027	49	45	0.000151116835500552	0.0123672856138712
Propionibacterium	InfectStageDEM	Early Infection (4 & 6wpi)	4.04796253033795	1.03373374472164	49	34	0.000309704335778066	0.0131627767140191
Pseudomonas	InfectStageDEM	Early Infection (4 & 6wpi)	2.36059349447342	0.602035971802827	49	45	0.000329771941556744	0.0131627767140191
Pseudomonas	InfectStageDEM	Mid Infection (8-10-12wpi)	2.09534049229625	0.544988902919114	49	45	0.000411336772313098	0.0131627767140191
Kocuria	InfectStageDEM	Early Infection (4 & 6wpi)	1.79773747065829	0.532958270144323	49	7	0.00155899596492696	0.0415732257313856
Collinsella	InfectStageDEM	Post-Depo	0.846037230755464	0.262933019789802	49	5	0.00268623823037646	0.0429798116860234
Cytophaga	InfectStageDEM	Early Infection (4 & 6wpi)	1.33719855525695	0.412028122434558	49	10	0.00239454262363418	0.0429798116860234
Pseudomonas	InfectStageDEM	Post-Depo	2.29232696599613	0.700541257027	49	45	0.00222888787943256	0.0429798116860234
Turicibacter	InfectStageDEM	Post-Depo	1.64860515245264	0.513443690849991	49	9	0.00247388859785391	0.0429798116860234
Acinetobacter	InfectStageDEM	Mid Infection (8-10-12wpi)	2.58111603647028	0.830161372694996	49	48	0.00328562207877052	0.0477908666002985
Porphyromonas	InfectStageDEM	Early Infection (4 & 6wpi)	-2.62705420584846	0.891682784807189	49	13	0.00512770917071606	0.0683694556095475
Paracoccus	InfectStageDEM	Mid Infection (8-10-12wpi)	1.81259415718576	0.648697053269683	49	5	0.00784145551417501	0.0849643965907819
Porphyromonas	InfectStageDEM	Infection Establishment (2wpi)	-2.88727479454893	1.0412611597491	49	13	0.00811799329880159	0.0849643965907819
Porphyromonas	InfectStageDEM	Mid Infection (8-10-12wpi)	-2.23238465389413	0.806557426152181	49	13	0.00822597777617848	0.0849643965907819
Veillonella	InfectStageDEM	Mid Infection (8-10-12wpi)	1.27411719212397	0.460989735610471	49	11	0.00849643965907819	0.0849643965907819
Acinetobacter	InfectStageDEM	Infection Establishment (2wpi)	2.76276055897157	1.07173372370414	49	48	0.0133677903297003	0.125814497220709
Porphyromonas	InfectStageDEM	Post-Depo	-2.65764980845962	1.0412611597491	49	13	0.0142475672607746	0.126645042317996
Acinetobacter	InfectStageDEM	Early Infection (4 & 6wpi)	2.25964642034819	0.917777929558565	49	48	0.0178012918561992	0.142410334849593
Bifidobacterium	InfectStageDEM	Post-Depo	1.33590096485134	0.536231985759231	49	7	0.0170180069595222	0.142410334849593
Clostridium	InfectStageDEM	Post-Depo	2.29977242521667	0.951159498446598	49	9	0.020396134067198	0.155399116702461
Mucispirillum	InfectStageDEM	Post-Depo	1.98915066802738	0.855394444359804	49	13	0.0252530020533766	0.17567305776262
Mucispirillum	InfectStageDEM	Infection Establishment (2wpi)	2.00183914869475	0.855394444359804	49	13	0.0243917043679528	0.17567305776262
Cellvibrio	InfectStageDEM	Infection Establishment (2wpi)	-1.69049777671835	0.759117410525468	49	14	0.0311173489253089	0.206158340138152
Parabacteroides	InfectStageDEM	Infection Establishment (2wpi)	0.733391239517798	0.331566069236254	49	6	0.0322122406465863	0.206158340138152
Oscillospira	InfectStageDEM	Post-Depo	1.75740684100362	0.831358897150883	49	11	0.0402281708567013	0.247557974502777
