feature	metadata	value	coef	stderr	N	N.not.0	pval	qval
Actinobacillus	Cleared.Persist.Endpoint	Persistent	3.28402077480985	1.34343254445745	30	20	0.0210582219088229	0.294815106723521
Turicibacter	Cleared.Persist.Endpoint	Persistent	3.32674215347324	1.33045025765106	30	6	0.0185311986425711	0.294815106723521
Enhydrobacter	Cleared.Persist.Endpoint	Persistent	1.51275574480474	0.658809334579448	30	9	0.0389325736508984	0.308723084809658
Pseudomonas	Cleared.Persist.Endpoint	Persistent	-1.19269220854653	0.535142028274465	30	25	0.0441032978299512	0.308723084809658
Propionibacterium	Cleared.Persist.Endpoint	Persistent	-1.35011013824826	0.686493481749333	30	13	0.0592032466479357	0.33153818122844
Herbaspirillum	Cleared.Persist.Endpoint	Persistent	1.323981963203	0.712573624189355	30	9	0.0737093161124791	0.343976808524903
Odoribacter	Cleared.Persist.Endpoint	Persistent	-0.747628894738678	0.437698946882581	30	6	0.1113719119068	0.395205689165527
Staphylococcus	Cleared.Persist.Endpoint	Persistent	-0.650321053772608	0.397371839323258	30	7	0.11291591119015	0.395205689165527
Acinetobacter	Cleared.Persist.Endpoint	Persistent	-2.28082521543651	1.50138074032481	30	26	0.152664921479452	0.427461780142466
Sediminibacterium	Cleared.Persist.Endpoint	Persistent	-0.918999536362227	0.610379775167274	30	10	0.143363841256468	0.427461780142466
Streptomyces	Cleared.Persist.Endpoint	Persistent	-0.647769938519843	0.449390365340083	30	7	0.173112861912072	0.440650921230728
Afipia	Cleared.Persist.Endpoint	Persistent	1.530559275287	1.57458300410024	30	10	0.339353072750055	0.738253772069078
Ruminococcus	Cleared.Persist.Endpoint	Persistent	-0.415900781775969	0.442453574170292	30	5	0.364362743497785	0.738253772069078
Streptococcus	Cleared.Persist.Endpoint	Persistent	-1.23826500645617	1.35651686884854	30	19	0.369126886034539	0.738253772069078
Oscillospira	Cleared.Persist.Endpoint	Persistent	-0.777902740849873	0.91969239575896	30	8	0.412946364808534	0.770833214309264
Bifidobacterium	Cleared.Persist.Endpoint	Persistent	0.226200586368037	0.311399239192088	30	7	0.473622439630598	0.780084018215103
Cloacibacterium	Cleared.Persist.Endpoint	Persistent	0.468158311344234	0.624157275716965	30	5	0.459472414220277	0.780084018215103
Adlercreutzia	Cleared.Persist.Endpoint	Persistent	0.303052882069118	0.522675412079818	30	5	0.566678876752701	0.829266088770362
Micrococcus	Cleared.Persist.Endpoint	Persistent	0.266610113239951	0.467622901452816	30	10	0.5783042605225	0.829266088770362
Porphyromonas	Cleared.Persist.Endpoint	Persistent	-0.404569266253472	0.736965378267451	30	5	0.592332920550259	0.829266088770362
Veillonella	Cleared.Persist.Endpoint	Persistent	-0.232478815386891	0.502368579502597	30	4	0.647108967168198	0.862811956224265
Caulobacter	Cleared.Persist.Endpoint	Persistent	-0.11916043347919	0.298282840047222	30	4	0.696019363974772	0.885842826876983
Corynebacterium	Cleared.Persist.Endpoint	Persistent	-0.162805037889358	0.826772655570645	30	13	0.846938262811042	0.983596723229852
Enterococcus	Cleared.Persist.Endpoint	Persistent	-0.0918189738969222	0.59374435773877	30	5	0.878211360026654	0.983596723229852
Stenotrophomonas	Cleared.Persist.Endpoint	Persistent	-0.158752862104421	1.0039911203115	30	10	0.87679061870702	0.983596723229852
Brevibacillus	Cleared.Persist.Endpoint	Persistent	-0.037060389653155	1.26124631337306	30	5	0.976766822899963	0.992691711629808
Lactobacillus	Cleared.Persist.Endpoint	Persistent	-0.00926773627573961	0.992539087651783	30	13	0.992691711629808	0.992691711629808
Prevotella	Cleared.Persist.Endpoint	Persistent	-0.0453249292558331	0.66409328310858	30	9	0.946624553063364	0.992691711629808
