feature	metadata	value	coef	stderr	N	N.not.0	pval	qval
Janthinobacterium	InfectStageDEM	Early Infection (4 & 6wpi)	7.3321309897583	0.235271225243887	39	25	7.48679782650134e-24	8.08574165262145e-22
Janthinobacterium	InfectStageDEM	Infection Establishment (2wpi)	6.33007549193268	0.28309575805605	39	25	1.00555084897672e-19	5.42997458447431e-18
Stenotrophomonas	InfectStageDEM	Early Infection (4 & 6wpi)	5.48400150748038	0.577340874307365	39	28	2.40996655167601e-11	8.67587958603363e-10
Micrococcus	InfectStageDEM	Infection Establishment (2wpi)	-4.58738535039047	0.536500950293983	39	30	1.98396850227679e-09	5.35671495614733e-08
Staphylococcus	InfectStageDEM	Early Infection (4 & 6wpi)	-5.60503333607128	0.779996997650944	39	31	1.87479656341873e-08	4.04956057698446e-07
Brevundimonas	InfectStageDEM	Early Infection (4 & 6wpi)	3.81584865143074	0.52489702755477	39	19	5.24431658845531e-08	9.43976985921955e-07
Staphylococcus	InfectStageDEM	Infection Establishment (2wpi)	-5.96546318477603	0.939762997498733	39	31	2.38895876076714e-07	3.68582208804073e-06
Stenotrophomonas	InfectStageDEM	Infection Establishment (2wpi)	4.16859884420415	0.695597024413715	39	28	7.10435026637616e-07	9.59087285960782e-06
Pedobacter	InfectStageDEM	Early Infection (4 & 6wpi)	2.27246076354084	0.388396736728687	39	20	1.09960114209579e-06	1.31952137051495e-05
Pedobacter	InfectStageDEM	Infection Establishment (2wpi)	2.63964852581185	0.467951649334705	39	20	2.09926183304568e-06	2.26720277968933e-05
Sediminibacterium	InfectStageDEM	Early Infection (4 & 6wpi)	2.43784495406798	0.520269374159354	39	15	3.90907720246515e-05	0.000383800307151124
Micrococcus	InfectStageDEM	Early Infection (4 & 6wpi)	-1.98570888022326	0.446410145481641	39	30	0.000115616973453995	0.00104055276108596
Streptomyces	InfectStageDEM	Early Infection (4 & 6wpi)	-1.8708351628872	0.454414369699399	39	16	0.000283571500123675	0.00235582477025822
Comamonas	InfectStageDEM	Infection Establishment (2wpi)	2.31321549418111	0.616064500864119	39	17	0.000612491321829882	0.00472493305411623
Brevundimonas	InfectStageDEM	Infection Establishment (2wpi)	2.17167434459823	0.630864233202309	39	19	0.00178008456880893	0.0128166088954243
Achromobacter	InfectStageDEM	Early Infection (4 & 6wpi)	1.49080407347931	0.470193038592199	39	9	0.00310283117531977	0.0197121039373256
Comamonas	InfectStageDEM	Early Infection (4 & 6wpi)	1.62268073055118	0.511329412109555	39	17	0.00307933395909918	0.0197121039373256
Streptomyces	InfectStageDEM	Infection Establishment (2wpi)	-1.63354014464456	0.547191450249934	39	16	0.00568211567377859	0.0340926940426715
Aeromonas	InfectStageDEM	Early Infection (4 & 6wpi)	0.894064076779081	0.309144669602888	39	7	0.0064544728774043	0.0366885826715613
Pseudochrobactrum	InfectStageDEM	Early Infection (4 & 6wpi)	0.536855358664636	0.192752886915594	39	5	0.00847732119724576	0.045740486593643
Sediminibacterium	InfectStageDEM	Infection Establishment (2wpi)	1.73394704723453	0.626835626341198	39	15	0.00889398350431947	0.045740486593643
Coprococcus	InfectStageDEM	Infection Establishment (2wpi)	1.3839893254494	0.496769472385047	39	10	0.00937679610620043	0.0460315445213476
Blautia	InfectStageDEM	Infection Establishment (2wpi)	0.742150248786153	0.298601720371383	39	4	0.0177212217546508	0.0832126934566213
Oscillospira	InfectStageDEM	Infection Establishment (2wpi)	1.37306454378402	0.588377231526094	39	9	0.0253149230199301	0.113917153589685
Turicibacter	InfectStageDEM	Infection Establishment (2wpi)	1.95575308280312	0.841334318390912	39	13	0.0275217351386343	0.1188938957989
Bradyrhizobium	InfectStageDEM	Infection Establishment (2wpi)	0.514291525453303	0.227966048807188	39	4	0.0317358065602759	0.131825658019608
Acinetobacter	InfectStageDEM	Early Infection (4 & 6wpi)	1.58297206668535	0.735655677799495	39	35	0.0381964317348774	0.142248780254026
Mesorhizobium	InfectStageDEM	Infection Establishment (2wpi)	0.664161685425705	0.305222963739977	39	7	0.0378383164732076	0.142248780254026
Pseudomonas	InfectStageDEM	Early Infection (4 & 6wpi)	0.524227087801224	0.238794305159977	39	39	0.0361555288930571	0.142248780254026
Cellvibrio	InfectStageDEM	Early Infection (4 & 6wpi)	1.0967068401432	0.514437470839648	39	17	0.0416374019905633	0.144677824805066
Clostridium	InfectStageDEM	Infection Establishment (2wpi)	1.83536459973069	0.868362215983357	39	11	0.0431952000375533	0.144677824805066
Paenibacillus	InfectStageDEM	Early Infection (4 & 6wpi)	0.783937709457278	0.3729054556535	39	4	0.0442071131348813	0.144677824805066
Rhodoplanes	InfectStageDEM	Infection Establishment (2wpi)	0.422186262434755	0.198273569838841	39	4	0.041792884915945	0.144677824805066
Propionibacterium	InfectStageDEM	Infection Establishment (2wpi)	-1.63925888424014	0.813309646945065	39	22	0.0513600761778432	0.163143771388443
Pseudomonas	InfectStageDEM	Infection Establishment (2wpi)	0.573576477702635	0.287551304497759	39	39	0.0554910074569443	0.171229394438571
Mesorhizobium	InfectStageDEM	Early Infection (4 & 6wpi)	0.479026270342963	0.253442449387273	39	7	0.0686592936699538	0.205977881009861
Streptococcus	InfectStageDEM	Infection Establishment (2wpi)	2.25360904923922	1.25029933446707	39	26	0.0819541010814158	0.239217376129538
Rothia	InfectStageDEM	Infection Establishment (2wpi)	1.13319129499931	0.639088174262929	39	4	0.0846671320229913	0.240632901539028
Parabacteroides	InfectStageDEM	Infection Establishment (2wpi)	0.493897702126735	0.28008183878468	39	4	0.0883307041455493	0.244608103787675
Xanthomonas	InfectStageDEM	Infection Establishment (2wpi)	0.518555851246103	0.309322021592535	39	4	0.104332294196409	0.281697194330304
Sphingobium	InfectStageDEM	Infection Establishment (2wpi)	0.637950416110189	0.388415189586988	39	5	0.109205882096469	0.2876642747907
Brachybacterium	InfectStageDEM	Early Infection (4 & 6wpi)	-0.721540851131086	0.456164130101238	39	4	0.122452160132358	0.314876983197491
Acinetobacter	InfectStageDEM	Infection Establishment (2wpi)	1.33048669661437	0.886339289738135	39	35	0.142049671525794	0.330604127967034
Bacillus	InfectStageDEM	Early Infection (4 & 6wpi)	0.498510521693858	0.330568950629309	39	39	0.140271432154269	0.330604127967034
Cellvibrio	InfectStageDEM	Infection Establishment (2wpi)	0.934500473999584	0.619340642588546	39	17	0.142293829527192	0.330604127967034
Herbaspirillum	InfectStageDEM	Early Infection (4 & 6wpi)	0.266915077186418	0.174814121131845	39	4	0.137457436095285	0.330604127967034
Mycobacterium	InfectStageDEM	Early Infection (4 & 6wpi)	0.911698508767109	0.610215311448938	39	6	0.14387401865232	0.330604127967034
Prevotella	InfectStageDEM	Early Infection (4 & 6wpi)	-1.06327787528817	0.752546768465158	39	16	0.166271298262651	0.374110421090965
Microbacterium	InfectStageDEM	Early Infection (4 & 6wpi)	0.847494222535256	0.615903942944784	39	5	0.179127896450419	0.394812506462147
Lactobacillus	InfectStageDEM	Infection Establishment (2wpi)	1.46160234964076	1.07782940933901	39	19	0.183525086064283	0.396414185898852
Corynebacterium	InfectStageDEM	Early Infection (4 & 6wpi)	1.05951283804423	0.808312418161158	39	26	0.198235603966156	0.419793043693036
Herbaspirillum	InfectStageDEM	Infection Establishment (2wpi)	0.265518525668398	0.210435084493323	39	4	0.21702142647066	0.450736808823679
Enterobacter	InfectStageDEM	Early Infection (4 & 6wpi)	0.275429263836083	0.2243310607548	39	5	0.227497075895835	0.463578947108494
Acidovorax	InfectStageDEM	Infection Establishment (2wpi)	0.392247152466863	0.326774640467818	39	5	0.237839077013608	0.475678154027216
Achromobacter	InfectStageDEM	Infection Establishment (2wpi)	0.644857649196359	0.566502205368979	39	9	0.262508116621317	0.515470483547314
Rhodoplanes	InfectStageDEM	Early Infection (4 & 6wpi)	0.18552262934065	0.164727726116879	39	4	0.269162161626001	0.51909845456443
Gardnerella	InfectStageDEM	Early Infection (4 & 6wpi)	0.316230195256364	0.295723914291259	39	4	0.293617108465583	0.556327152882157
Enhydrobacter	InfectStageDEM	Early Infection (4 & 6wpi)	-0.361705675774242	0.370107518425467	39	4	0.334943215761705	0.623687367280416
Bradyrhizobium	InfectStageDEM	Early Infection (4 & 6wpi)	0.174899959918975	0.189354932158923	39	4	0.363164646726445	0.638832607022507
Cloacibacterium	InfectStageDEM	Early Infection (4 & 6wpi)	-0.348555937192323	0.386098743853105	39	6	0.372652354096463	0.638832607022507
Corynebacterium	InfectStageDEM	Infection Establishment (2wpi)	0.899342590107918	0.973878237088441	39	26	0.361913353162996	0.638832607022507
Halomonas	InfectStageDEM	Infection Establishment (2wpi)	-0.965220897850826	1.06095515367093	39	22	0.368997067036618	0.638832607022507
Turicibacter	InfectStageDEM	Early Infection (4 & 6wpi)	0.640920814548746	0.69944854247338	39	13	0.367211616245091	0.638832607022507
Erysipelothrix	InfectStageDEM	Early Infection (4 & 6wpi)	0.509527039091665	0.571433866636142	39	9	0.379792352286542	0.64089959448354
Enterococcus	InfectStageDEM	Infection Establishment (2wpi)	-0.566608403826506	0.662804134239283	39	5	0.398279151810717	0.65172952114481
Flavobacterium	InfectStageDEM	Infection Establishment (2wpi)	-0.432638633059348	0.503536963701529	39	5	0.397245417772135	0.65172952114481
Ruminococcus	InfectStageDEM	Infection Establishment (2wpi)	0.580133173492536	0.688444167069109	39	6	0.40497540662795	0.652796177848039
Anoxybacillus	InfectStageDEM	Infection Establishment (2wpi)	-0.28346143276123	0.348093266737715	39	5	0.422058417087807	0.66720192465809
Blautia	InfectStageDEM	Early Infection (4 & 6wpi)	0.185469254456685	0.247837429227362	39	4	0.459110219806362	0.66720192465809
Brachybacterium	InfectStageDEM	Infection Establishment (2wpi)	-0.40985063527504	0.549599769673962	39	4	0.46067492479637	0.66720192465809
Cloacibacterium	InfectStageDEM	Infection Establishment (2wpi)	0.344828841088192	0.465182960891683	39	6	0.463334669901451	0.66720192465809
Coprococcus	InfectStageDEM	Early Infection (4 & 6wpi)	-0.321184034626043	0.412718592064335	39	10	0.442775907193585	0.66720192465809
Enhydrobacter	InfectStageDEM	Infection Establishment (2wpi)	0.353154648096725	0.44591626885721	39	4	0.433562926511789	0.66720192465809
Propionibacterium	InfectStageDEM	Early Infection (4 & 6wpi)	0.527564377239175	0.675041563102782	39	22	0.439601389144938	0.66720192465809
Ruminococcus	InfectStageDEM	Early Infection (4 & 6wpi)	-0.436327448924021	0.571404050588759	39	6	0.450077904178518	0.66720192465809
Enterococcus	InfectStageDEM	Early Infection (4 & 6wpi)	-0.374321115396215	0.550122994960728	39	5	0.500584152619097	0.711356427406085
Blastomonas	InfectStageDEM	Infection Establishment (2wpi)	0.230906759654511	0.379893032209305	39	8	0.547122101334128	0.76739203823488
Xanthomonas	InfectStageDEM	Early Infection (4 & 6wpi)	0.14851175173881	0.256767986535803	39	4	0.567386139509741	0.785611577782718
Bacteroides	InfectStageDEM	Infection Establishment (2wpi)	0.150569092162385	0.272676182473489	39	5	0.584230284178394	0.798694565712235
Anoxybacillus	InfectStageDEM	Early Infection (4 & 6wpi)	0.154509741688713	0.289316660373819	39	5	0.59732229006887	0.806385091592974
Parabacteroides	InfectStageDEM	Early Infection (4 & 6wpi)	0.120115753010291	0.232540134472539	39	4	0.60933880524348	0.812451740324641
Kocuria	InfectStageDEM	Infection Establishment (2wpi)	-0.236198219461263	0.497678359474021	39	8	0.637938464285615	0.84021163588837
Lactobacillus	InfectStageDEM	Early Infection (4 & 6wpi)	-0.412689068900714	0.894591195335343	39	19	0.647347317369998	0.842331449107949
Microbacterium	InfectStageDEM	Infection Establishment (2wpi)	-0.333293396363957	0.741915582287038	39	5	0.65656848710998	0.844159483427117
Bacteroides	InfectStageDEM	Early Infection (4 & 6wpi)	-0.096606622103022	0.226319406303853	39	5	0.672023632914246	0.853865321820454
Acidovorax	InfectStageDEM	Early Infection (4 & 6wpi)	-0.0948913227059913	0.27122076433288	39	5	0.728476792314163	0.88399430977449
Bacillus	InfectStageDEM	Infection Establishment (2wpi)	0.143492306713032	0.398279056020715	39	39	0.720742426972882	0.88399430977449
Cytophaga	InfectStageDEM	Infection Establishment (2wpi)	0.183376270846836	0.496162123053717	39	5	0.713853689587383	0.88399430977449
Flavobacterium	InfectStageDEM	Early Infection (4 & 6wpi)	-0.153088474914395	0.418668080399341	39	5	0.717245437668166	0.88399430977449
Rothia	InfectStageDEM	Early Infection (4 & 6wpi)	-0.158064551456778	0.53043890692236	39	4	0.767425218059314	0.915589505572436
Streptococcus	InfectStageDEM	Early Infection (4 & 6wpi)	0.3046048443461	1.03896964664756	39	26	0.771468935250849	0.915589505572436
Blastomonas	InfectStageDEM	Early Infection (4 & 6wpi)	0.0783897483559726	0.31530867393209	39	8	0.805073209217984	0.936310082630008
Cytophaga	InfectStageDEM	Early Infection (4 & 6wpi)	-0.101741184063785	0.411811241089581	39	5	0.806267015598063	0.936310082630008
Oscillospira	InfectStageDEM	Early Infection (4 & 6wpi)	-0.102229799294521	0.48834916388283	39	9	0.835364888141966	0.949677978098236
Sphingobium	InfectStageDEM	Early Infection (4 & 6wpi)	0.0692762709806539	0.322382007512784	39	5	0.831066755428198	0.949677978098236
Kocuria	InfectStageDEM	Early Infection (4 & 6wpi)	-0.0817547073732997	0.413069707169554	39	8	0.844221130774484	0.949748772121295
Aeromonas	InfectStageDEM	Infection Establishment (2wpi)	-0.0624999999999814	0.372466461078324	39	7	0.867679478285854	0.965623537123173
Halomonas	InfectStageDEM	Early Infection (4 & 6wpi)	0.11805796998494	0.880585676078118	39	22	0.894095867706642	0.965623537123173
Odoribacter	InfectStageDEM	Early Infection (4 & 6wpi)	0.0699115247295195	0.471817832487281	39	4	0.883208995048249	0.965623537123173
Paenibacillus	InfectStageDEM	Infection Establishment (2wpi)	-0.0624999999999659	0.448611208316854	39	4	0.890155350158159	0.965623537123173
Enterobacter	InfectStageDEM	Infection Establishment (2wpi)	0.0283520856221342	0.270280566107184	39	5	0.917038461552171	0.978059242477514
Mycobacterium	InfectStageDEM	Infection Establishment (2wpi)	0.0708876997882779	0.735205099422068	39	6	0.92372261789543	0.978059242477514
Gardnerella	InfectStageDEM	Infection Establishment (2wpi)	-0.0245512327600515	0.355771819365888	39	4	0.94545383284765	0.991349649976177
Erysipelothrix	InfectStageDEM	Infection Establishment (2wpi)	0.0283325628378753	0.687715274361935	39	9	0.967418130057391	0.998147579699527
Odoribacter	InfectStageDEM	Infection Establishment (2wpi)	-0.0212520058880079	0.568264631263333	39	4	0.970421258041207	0.998147579699527
Clostridium	InfectStageDEM	Early Infection (4 & 6wpi)	-0.0138999763895887	0.72145162611625	39	11	0.984758004151468	0.999999999999976
Prevotella	InfectStageDEM	Infection Establishment (2wpi)	0.00285983221664474	0.906690165501492	39	16	0.99750077461103	0.999999999999976
Pseudochrobactrum	InfectStageDEM	Infection Establishment (2wpi)	7.08830781653389e-15	0.232234266708544	39	5	0.999999999999976	0.999999999999976
