feature	metadata	value	coef	stderr	N	N.not.0	pval	qval
Janthinobacterium	InfectStageDEM	Early Infection (4 & 6wpi)	7.3321309897583	0.235271225243887	39	25	7.48679782650134e-24	8.08574165262145e-22
Janthinobacterium	InfectStageDEM	Infection Establishment (2wpi)	6.33007549193268	0.28309575805605	39	25	1.00555084897672e-19	5.42997458447431e-18
Stenotrophomonas	InfectStageDEM	Early Infection (4 & 6wpi)	5.48400150748038	0.577340874307365	39	28	2.40996655167601e-11	8.67587958603363e-10
Micrococcus	InfectStageDEM	Infection Establishment (2wpi)	-4.58738535039047	0.536500950293983	39	30	1.98396850227679e-09	5.35671495614733e-08
Staphylococcus	InfectStageDEM	Early Infection (4 & 6wpi)	-5.60503333607128	0.779996997650944	39	31	1.87479656341873e-08	4.04956057698446e-07
Brevundimonas	InfectStageDEM	Early Infection (4 & 6wpi)	3.81584865143074	0.52489702755477	39	19	5.24431658845531e-08	9.43976985921955e-07
Staphylococcus	InfectStageDEM	Infection Establishment (2wpi)	-5.96546318477603	0.939762997498733	39	31	2.38895876076714e-07	3.68582208804073e-06
Stenotrophomonas	InfectStageDEM	Infection Establishment (2wpi)	4.16859884420415	0.695597024413715	39	28	7.10435026637616e-07	9.59087285960782e-06
Pedobacter	InfectStageDEM	Early Infection (4 & 6wpi)	2.27246076354084	0.388396736728687	39	20	1.09960114209579e-06	1.31952137051495e-05
Pedobacter	InfectStageDEM	Infection Establishment (2wpi)	2.63964852581185	0.467951649334705	39	20	2.09926183304568e-06	2.26720277968933e-05
Sediminibacterium	InfectStageDEM	Early Infection (4 & 6wpi)	2.43784495406798	0.520269374159354	39	15	3.90907720246515e-05	0.000383800307151124
Micrococcus	InfectStageDEM	Early Infection (4 & 6wpi)	-1.98570888022326	0.446410145481641	39	30	0.000115616973453995	0.00104055276108596
Streptomyces	InfectStageDEM	Early Infection (4 & 6wpi)	-1.8708351628872	0.454414369699399	39	16	0.000283571500123675	0.00235582477025822
Comamonas	InfectStageDEM	Infection Establishment (2wpi)	2.31321549418111	0.616064500864119	39	17	0.000612491321829882	0.00472493305411623
Brevundimonas	InfectStageDEM	Infection Establishment (2wpi)	2.17167434459823	0.630864233202309	39	19	0.00178008456880893	0.0128166088954243
Achromobacter	InfectStageDEM	Early Infection (4 & 6wpi)	1.49080407347931	0.470193038592199	39	9	0.00310283117531977	0.0197121039373256
Comamonas	InfectStageDEM	Early Infection (4 & 6wpi)	1.62268073055118	0.511329412109555	39	17	0.00307933395909918	0.0197121039373256
Streptomyces	InfectStageDEM	Infection Establishment (2wpi)	-1.63354014464456	0.547191450249934	39	16	0.00568211567377859	0.0340926940426715
Aeromonas	InfectStageDEM	Early Infection (4 & 6wpi)	0.894064076779081	0.309144669602888	39	7	0.0064544728774043	0.0366885826715613
Pseudochrobactrum	InfectStageDEM	Early Infection (4 & 6wpi)	0.536855358664636	0.192752886915594	39	5	0.00847732119724576	0.045740486593643
Sediminibacterium	InfectStageDEM	Infection Establishment (2wpi)	1.73394704723453	0.626835626341198	39	15	0.00889398350431947	0.045740486593643
Coprococcus	InfectStageDEM	Infection Establishment (2wpi)	1.3839893254494	0.496769472385047	39	10	0.00937679610620043	0.0460315445213476
Blautia	InfectStageDEM	Infection Establishment (2wpi)	0.742150248786153	0.298601720371383	39	4	0.0177212217546508	0.0832126934566213
Oscillospira	InfectStageDEM	Infection Establishment (2wpi)	1.37306454378402	0.588377231526094	39	9	0.0253149230199301	0.113917153589685
Turicibacter	InfectStageDEM	Infection Establishment (2wpi)	1.95575308280312	0.841334318390912	39	13	0.0275217351386343	0.1188938957989
Bradyrhizobium	InfectStageDEM	Infection Establishment (2wpi)	0.514291525453303	0.227966048807188	39	4	0.0317358065602759	0.131825658019608
Acinetobacter	InfectStageDEM	Early Infection (4 & 6wpi)	1.58297206668535	0.735655677799495	39	35	0.0381964317348774	0.142248780254026
Mesorhizobium	InfectStageDEM	Infection Establishment (2wpi)	0.664161685425705	0.305222963739977	39	7	0.0378383164732076	0.142248780254026
Pseudomonas	InfectStageDEM	Early Infection (4 & 6wpi)	0.524227087801224	0.238794305159977	39	39	0.0361555288930571	0.142248780254026
Cellvibrio	InfectStageDEM	Early Infection (4 & 6wpi)	1.0967068401432	0.514437470839648	39	17	0.0416374019905633	0.144677824805066
Clostridium	InfectStageDEM	Infection Establishment (2wpi)	1.83536459973069	0.868362215983357	39	11	0.0431952000375533	0.144677824805066
Paenibacillus	InfectStageDEM	Early Infection (4 & 6wpi)	0.783937709457278	0.3729054556535	39	4	0.0442071131348813	0.144677824805066
Rhodoplanes	InfectStageDEM	Infection Establishment (2wpi)	0.422186262434755	0.198273569838841	39	4	0.041792884915945	0.144677824805066
Propionibacterium	InfectStageDEM	Infection Establishment (2wpi)	-1.63925888424014	0.813309646945065	39	22	0.0513600761778432	0.163143771388443
Pseudomonas	InfectStageDEM	Infection Establishment (2wpi)	0.573576477702635	0.287551304497759	39	39	0.0554910074569443	0.171229394438571
Mesorhizobium	InfectStageDEM	Early Infection (4 & 6wpi)	0.479026270342963	0.253442449387273	39	7	0.0686592936699538	0.205977881009861
Streptococcus	InfectStageDEM	Infection Establishment (2wpi)	2.25360904923922	1.25029933446707	39	26	0.0819541010814158	0.239217376129538
Rothia	InfectStageDEM	Infection Establishment (2wpi)	1.13319129499931	0.639088174262929	39	4	0.0846671320229913	0.240632901539028
Parabacteroides	InfectStageDEM	Infection Establishment (2wpi)	0.493897702126735	0.28008183878468	39	4	0.0883307041455493	0.244608103787675
