feature	metadata	value	coef	stderr	N	N.not.0	pval	qval
Micrococcus	InfectStage2	Pre-Infection	-2.77734940987758	0.573563935236872	62	40	1.1873434253696e-05	0.00055805140992371
Turicibacter	InfectStage2	Pre-Infection	-1.49277969431671	0.525194321317905	62	16	0.00640475797128089	0.150511812325101
Prevotella	InfectStage2	Pre-Infection	-1.2179465024669	0.517524787117888	62	21	0.021896658801055	0.343047654549862
Lactobacillus	InfectStage2	Pre-Infection	-1.79772315775884	0.873918404124134	62	26	0.044032925322161	0.517386872535392
Bacillus	InfectStage2	Pre-Infection	-0.736777371178374	0.424040386067504	62	61	0.0874267709409737	0.528937563252957
Cellvibrio	InfectStage2	Pre-Infection	-0.872451696124499	0.506344433510441	62	23	0.0900319256600778	0.528937563252957
Novosphingobium	InfectStage2	Pre-Infection	0.585405124179335	0.324936213344639	62	7	0.0773936902497051	0.528937563252957
Pseudomonas	InfectStage2	Pre-Infection	-0.678997003168307	0.370062021001968	62	62	0.071491110567796	0.528937563252957
Aeromonas	InfectStage2	Pre-Infection	-0.349122322252325	0.214094714356397	62	7	0.108194367123045	0.565015028309233
Porphyromonas	InfectStage2	Pre-Infection	0.649951329723513	0.415785855971543	62	7	0.123267939813919	0.579359317125418
Blastomonas	InfectStage2	Pre-Infection	-0.468494824445304	0.31591201619566	62	11	0.143310620807674	0.612327197996426
Kocuria	InfectStage2	Pre-Infection	-0.362172757542847	0.275634391770838	62	10	0.193861106726865	0.700882462781744
Staphylococcus	InfectStage2	Pre-Infection	-1.42206636736051	1.07104312187749	62	50	0.189293565983098	0.700882462781744
Clostridium	InfectStage2	Pre-Infection	-0.64575394983935	0.572256961444999	62	16	0.264290675656468	0.746626165166761
Coprococcus	InfectStage2	Pre-Infection	-0.489975196550803	0.415407596233594	62	13	0.242853087670697	0.746626165166761
Pedobacter	InfectStage2	Pre-Infection	-0.64389859895188	0.578413686620324	62	29	0.270056272507126	0.746626165166761
Propionibacterium	InfectStage2	Pre-Infection	-0.627461803178102	0.533891128085803	62	35	0.244532846120022	0.746626165166761
Halomonas	InfectStage2	Pre-Infection	-0.951682295824295	0.96442001192473	62	34	0.32770719863069	0.791454703936964
Microbacterium	InfectStage2	Pre-Infection	-0.402859122216346	0.415555071526994	62	8	0.336789235717857	0.791454703936964
Mycobacterium	InfectStage2	Pre-Infection	-0.403285793857242	0.410152082853165	62	8	0.329428302925821	0.791454703936964
Acinetobacter	InfectStage2	Pre-Infection	-0.584840784171272	0.641310577208521	62	54	0.365446629482802	0.797496128869136
Oscillospira	InfectStage2	Pre-Infection	-0.343325251396222	0.382741887832897	62	12	0.373296060321723	0.797496128869136
Comamonas	InfectStage2	Pre-Infection	-0.790085351374546	0.988201943256655	62	27	0.427144004955935	0.83896565952091
Mesorhizobium	InfectStage2	Pre-Infection	-0.151132185273916	0.189549689058464	62	8	0.428407996351103	0.83896565952091
Sphingobium	InfectStage2	Pre-Infection	0.186994973150114	0.26675028287732	62	8	0.486005854376341	0.913691006227521
Janthinobacterium	InfectStage2	Pre-Infection	-0.708410078513767	1.06351328517712	62	39	0.507897913715515	0.918123151716507
Enhydrobacter	InfectStage2	Pre-Infection	0.238496219724316	0.379481934548838	62	7	0.532075796854926	0.926206016747464
Herbaspirillum	InfectStage2	Pre-Infection	0.200443836900601	0.35507035348088	62	9	0.574823580680587	0.964882438999557
Achromobacter	InfectStage2	Pre-Infection	-0.0285351030521653	0.409931175602152	62	13	0.944735959426167	0.975538348722849
Anoxybacillus	InfectStage2	Pre-Infection	0.132433055362436	0.317491394102343	62	8	0.678300498499238	0.975538348722849
Bacteroides	InfectStage2	Pre-Infection	0.0105168584188085	0.257080135190869	62	9	0.967504370523713	0.975538348722849
Bradyrhizobium	InfectStage2	Pre-Infection	-0.11237541990057	0.255621705751775	62	8	0.662031574318991	0.975538348722849
Brevundimonas	InfectStage2	Pre-Infection	0.0717004395301536	0.878877797863095	62	31	0.935250805563364	0.975538348722849
Cloacibacterium	InfectStage2	Pre-Infection	-0.0205156166658221	0.300346230577723	62	9	0.94576873413798	0.975538348722849
Corynebacterium	InfectStage2	Pre-Infection	0.278187969924131	0.616256132338736	62	41	0.653586117018457	0.975538348722849
Cytophaga	InfectStage2	Pre-Infection	0.132232334420612	0.392455631865712	62	8	0.737341085711758	0.975538348722849
Enterobacter	InfectStage2	Pre-Infection	-0.0661183480151462	0.175780376916247	62	8	0.708138245363289	0.975538348722849
Enterococcus	InfectStage2	Pre-Infection	-0.0377056807623972	0.376365170763462	62	7	0.920582178707008	0.975538348722849
Erysipelothrix	InfectStage2	Pre-Infection	0.118053343684323	0.440530533214533	62	16	0.789770539045878	0.975538348722849
Flavobacterium	InfectStage2	Pre-Infection	0.123316258293449	0.366560110288265	62	8	0.737907980279838	0.975538348722849
Pseudochrobactrum	InfectStage2	Pre-Infection	-0.100538542354921	0.354632936886643	62	8	0.77776929420076	0.975538348722849
Ruminococcus	InfectStage2	Pre-Infection	0.0948098231575747	0.506245081482089	62	12	0.852168801242981	0.975538348722849
Sediminibacterium	InfectStage2	Pre-Infection	-0.0942012230708527	0.45542983181383	62	24	0.836834966256808	0.975538348722849
Stenotrophomonas	InfectStage2	Pre-Infection	0.141416863786267	0.916666817063059	62	44	0.877912307992128	0.975538348722849
Streptococcus	InfectStage2	Pre-Infection	0.0303284395226023	0.910428400130489	62	36	0.973552897108682	0.975538348722849
Streptomyces	InfectStage2	Pre-Infection	0.0167551386910125	0.544155567891383	62	24	0.975538348722849	0.975538348722849
Xanthomonas	InfectStage2	Pre-Infection	-0.0379218547182482	0.232238229875754	62	10	0.870920911440289	0.975538348722849
