feature	metadata	value	coef	stderr	N	N.not.0	pval	qval
Mucispirillum	NaturalMicro	Post-Depo	3.19452596223165	0.766171520985329	45	8	0.000220697325780043	0.0061795251218412
Veillonella	NaturalMicro	Untouched	4.62454602549678	1.09969810927737	45	10	0.000148556587302299	0.0061795251218412
Bifidobacterium	NaturalMicro	Untouched	1.79750630940577	0.519972764061967	45	6	0.00126376358066474	0.0235902535057418
Turicibacter	NaturalMicro	Post-Depo	0.714495090639129	0.242868161829569	45	5	0.00528965028059978	0.074055103928397
Micrococcus	NaturalMicro	Untouched	5.44014955354091	2.007295424817	45	23	0.00969501053930134	0.0894337935572097
Propionibacterium	NaturalMicro	Untouched	2.51434954889721	0.940873697523264	45	19	0.0106763349131594	0.0894337935572097
Pseudomonas	NaturalMicro	Post-Depo	3.51741959839635	1.30506611472633	45	33	0.0111792241946512	0.0894337935572097
Anaerobacillus	NaturalMicro	Post-Depo	0.504539704178983	0.208043540793822	45	7	0.0211902106330225	0.107727241291491
Clostridium	NaturalMicro	Post-Depo	0.957671749210054	0.396384447629341	45	7	0.0217036821821199	0.107727241291491
Propionibacterium	NaturalMicro	Post-Depo	1.46965792508556	0.62304218192092	45	19	0.0230596166927362	0.107727241291491
Staphylococcus	NaturalMicro	Untouched	4.15498900718977	1.75621962744703	45	26	0.0230844088481765	0.107727241291491
Stenotrophomonas	NaturalMicro	Post-Depo	1.78993512405655	0.709629948108546	45	12	0.015534401757835	0.107727241291491
Cellvibrio	NaturalMicro	Post-Depo	1.95349892309747	0.841247809328009	45	15	0.025145899256921	0.108320796799044
Acinetobacter	NaturalMicro	Post-Depo	2.60744331914756	1.21533104179155	45	44	0.0396266729626871	0.158506691850748
Corynebacterium	NaturalMicro	Post-Depo	2.30552287676003	1.09276948553272	45	19	0.0427963552693826	0.159773059672362
Bifidobacterium	NaturalMicro	Post-Depo	0.700092544953061	0.344323543439909	45	6	0.0483794958403864	0.167417878095457
Oscillospira	NaturalMicro	Post-Depo	2.07102353413486	1.03344849435042	45	9	0.0538128893878255	0.167417878095457
Porphyromonas	NaturalMicro	Untouched	-3.67662141835067	1.82499981138589	45	22	0.0510705001509629	0.167417878095457
Streptomyces	NaturalMicro	Untouched	4.59824871042929	2.35516510573098	45	37	0.0575761626749137	0.16969816367343
Acinetobacter	NaturalMicro	Untouched	3.58640698519257	1.85942811547621	45	44	0.0610685510905941	0.170991943053663
Anaerobacillus	NaturalMicro	Untouched	0.583683577208152	0.320557844513211	45	7	0.0764412610156555	0.200505226394676
Massilia	NaturalMicro	Post-Depo	1.13369379323667	0.636989998545097	45	5	0.0823503608406705	0.200505226394676
Stenotrophomonas	NaturalMicro	Untouched	1.91023003386273	1.07163234292036	45	12	0.0818903870416703	0.200505226394676
Prevotella	NaturalMicro	Post-Depo	1.29084141196749	0.765398809590903	45	13	0.101403057159	0.236607133371
