feature	metadata	value	coef	stderr	N	N.not.0	pval	qval
Ruminococcus	Disease2	Low CIN	2.02091359393335	0.626852030175503	46	5	0.00248250220608133	0.426990379445988
Cutibacterium	Disease2	No disease	3.5079046138228	1.24781485625285	46	38	0.00753542814315878	0.648046820311655
Acinetobacter	Disease2	High CIN	-1.80694824250923	0.918911514731518	46	44	0.0560470292548217	0.94378092241529
Aggregatibacter	Disease2	Low CIN	1.10865156455197	0.573995264337128	46	5	0.0603580822474895	0.94378092241529
Gemella	Disease2	No disease	-2.69947134360932	1.10940325943218	46	8	0.0194104135270485	0.94378092241529
Gemella	Disease2	Low CIN	-2.69947134360933	1.13947383671954	46	8	0.0226257605373075	0.94378092241529
Gemella	Disease2	Hyperplasia (No Dysplasia)	-1.98953303701392	1.01385427673308	46	8	0.056533327870259	0.94378092241529
Pseudomonas	Disease2	No disease	2.55619380602944	1.27115485834528	46	41	0.0509404626793102	0.94378092241529
Pseudonocardia	Disease2	No disease	1.13926589030085	0.512085215854085	46	6	0.0316610234959066	0.94378092241529
Sphingobacterium	Disease2	Hyperplasia (No Dysplasia)	1.00877898427938	0.468410910634777	46	6	0.0372005216614407	0.94378092241529
Streptococcus	Disease2	Hyperplasia (No Dysplasia)	-2.21907471362785	1.13685006050438	46	25	0.0577968744315833	0.94378092241529
Acinetobacter	Disease2	No disease	-0.942193816072932	0.984161878487906	46	44	0.3439987706834	1
Acinetobacter	Disease2	Low CIN	-0.799826607247744	1.01083776534756	46	44	0.433351123603165	1
Acinetobacter	Disease2	Hyperplasia (No Dysplasia)	0.0263066760791295	0.899399493393697	46	44	0.976807792121787	1
Actinomyces	Disease2	No disease	0.91321188046394	0.518605088284887	46	6	0.0857126809145432	1
Actinomyces	Disease2	Low CIN	-3.2521472496346e-16	0.532661973602558	46	6	1	1
Actinomyces	Disease2	High CIN	0.4659827717255	0.484221343703667	46	6	0.341523345107317	1
Actinomyces	Disease2	Hyperplasia (No Dysplasia)	0.112119288690418	0.473939464502996	46	6	0.814169288701329	1
Aggregatibacter	Disease2	No disease	-4.05957161721298e-15	0.558847598456076	46	5	0.999999999999994	1
Aggregatibacter	Disease2	High CIN	-8.18754403728805e-17	0.521795757818163	46	5	1	1
Aggregatibacter	Disease2	Hyperplasia (No Dysplasia)	0.425135569614895	0.510716029468576	46	5	0.409988715606895	1
Anaerobacillus	Disease2	No disease	-1.77986159912432	1.28950792654786	46	18	0.174985143202786	1
Anaerobacillus	Disease2	Low CIN	-1.12402052559612	1.32446027362115	46	18	0.400996677958718	1
Anaerobacillus	Disease2	High CIN	-0.838425042090405	1.20401298601707	46	18	0.490133346962302	1
Anaerobacillus	Disease2	Hyperplasia (No Dysplasia)	-0.303189288298598	1.17844716526332	46	18	0.798250535069269	1
Anaerococcus	Disease2	No disease	-0.981184826521929	0.67218501169377	46	7	0.151994269024031	1
Anaerococcus	Disease2	Low CIN	-0.570080144914418	0.690404708791007	46	7	0.413742666991441	1
Anaerococcus	Disease2	High CIN	-0.542827172688759	0.627618850899167	46	7	0.392126472733164	1
Anaerococcus	Disease2	Hyperplasia (No Dysplasia)	-0.543102251365809	0.614292091777706	46	7	0.381791714710166	1
Anoxybacillus	Disease2	No disease	-0.438283649709183	0.464159590556096	46	5	0.350572345392338	1
Anoxybacillus	Disease2	Low CIN	-0.438283649709182	0.476740720747321	46	5	0.363298560076229	1
Anoxybacillus	Disease2	High CIN	-0.347021187136038	0.433385606329706	46	5	0.427908662863386	1
Anoxybacillus	Disease2	Hyperplasia (No Dysplasia)	0.130919482535735	0.424183165112413	46	5	0.759158960705568	1
Bacillus	Disease2	No disease	-0.46692689792055	0.749946415860356	46	8	0.536986167337947	1
Bacillus	Disease2	Low CIN	-0.236600784436792	0.770273849972142	46	8	0.760272952716476	1
Bacillus	Disease2	High CIN	-0.235876364824538	0.700224639898183	46	8	0.737942134019007	1
Bacillus	Disease2	Hyperplasia (No Dysplasia)	-0.47290507749074	0.685356180970498	46	8	0.494073145191655	1
Bacteroides	Disease2	No disease	-0.0278874409929561	1.02103898685885	46	13	0.978342754706086	1
Bacteroides	Disease2	Low CIN	0.0896506245095398	1.04871443445349	46	13	0.932290953930926	1
Bacteroides	Disease2	High CIN	0.176821057742134	0.953343654659682	46	13	0.853771317766754	1
Bacteroides	Disease2	Hyperplasia (No Dysplasia)	0.226047416161038	0.93310050672456	46	13	0.809791007920147	1
Bifidobacterium	Disease2	No disease	0.284716726871538	0.534317079334927	46	6	0.597006373761506	1
Bifidobacterium	Disease2	Low CIN	0.507154061673806	0.548799841030003	46	6	0.360833653075031	1
Bifidobacterium	Disease2	High CIN	-0.0654449748487401	0.498891622862846	46	6	0.896273917861093	1
Bifidobacterium	Disease2	Hyperplasia (No Dysplasia)	-0.154616799527873	0.48829823728164	46	6	0.753120252434652	1
Burkholderia	Disease2	No disease	1.21621535109843	1.03653304356244	46	9	0.247427300390946	1
Burkholderia	Disease2	Low CIN	0.903920338855444	1.06462846038437	46	9	0.400785117614695	1
Burkholderia	Disease2	High CIN	0.864124649096417	0.967810448615075	46	9	0.377140041564819	1
Burkholderia	Disease2	Hyperplasia (No Dysplasia)	0.701860343727202	0.947260115071958	46	9	0.462954156435147	1
Cellvibrio	Disease2	No disease	0.18056860125717	0.908396971805434	46	11	0.84341948345468	1
Cellvibrio	Disease2	Low CIN	-0.67041469137225	0.933019237078261	46	11	0.476497539943095	1
Cellvibrio	Disease2	High CIN	-0.0857381531308798	0.84816985455865	46	11	0.919974869405889	1
Cellvibrio	Disease2	Hyperplasia (No Dysplasia)	-0.0441739137189311	0.830159950411262	46	11	0.957821960719841	1
Cloacibacterium	Disease2	No disease	0.124999999999995	0.893019021457465	46	6	0.889365425596943	1
Cloacibacterium	Disease2	Low CIN	0.385208719107221	0.917224464586921	46	6	0.676698582288261	1
Cloacibacterium	Disease2	High CIN	0.668228566334766	0.833811469056634	46	6	0.427512074910658	1
Cloacibacterium	Disease2	Hyperplasia (No Dysplasia)	0.733258588181539	0.81610644858934	46	6	0.374173999194439	1
Corynebacterium	Disease2	No disease	2.00458824603908	1.78864725480759	46	30	0.268925200005487	1
Corynebacterium	Disease2	Low CIN	2.16229381557223	1.8371288642298	46	30	0.245984920029883	1
Corynebacterium	Disease2	High CIN	1.78095423636267	1.67005915811422	46	30	0.292481557502719	1
Corynebacterium	Disease2	Hyperplasia (No Dysplasia)	1.17879023502433	1.63459738687058	46	30	0.47490943630484	1
Cytophaga	Disease2	No disease	0.169735058584906	0.655790627870453	46	6	0.797065251720898	1
Cytophaga	Disease2	Low CIN	-0.356692614494247	0.673565952209952	46	6	0.599273996072223	1
Cytophaga	Disease2	High CIN	0.228308263110683	0.61231142190657	46	6	0.711171172830985	1
Cytophaga	Disease2	Hyperplasia (No Dysplasia)	-0.0303986739065651	0.599309698304136	46	6	0.959792711238862	1
Enhydrobacter	Disease2	No disease	1.31336304272849	0.90811039952735	46	7	0.155706426036326	1
Enhydrobacter	Disease2	Low CIN	0.424776900684261	0.932724897206417	46	7	0.651213448421932	1
Enhydrobacter	Disease2	High CIN	0.593990892815487	0.847902282148166	46	7	0.487545772787634	1
Enhydrobacter	Disease2	Hyperplasia (No Dysplasia)	0.486034202487379	0.829898059590898	46	7	0.561317271492971	1
Enterococcus	Disease2	No disease	5.83023583323141e-16	0.718914643795491	46	8	0.999999999999999	1
Enterococcus	Disease2	Low CIN	0.681030506438659	0.738400956076863	46	8	0.361765625306806	1
Enterococcus	Disease2	High CIN	1.15346681778578	0.671250287917856	46	8	0.0932703559535446	1
Enterococcus	Disease2	Hyperplasia (No Dysplasia)	0.375959080832964	0.65699706578395	46	8	0.570284961384904	1
Faecalibacterium	Disease2	No disease	-0.688343612369617	0.538533523384948	46	5	0.208374445253951	1
Faecalibacterium	Disease2	Low CIN	-0.207399965759654	0.553130572563504	46	5	0.70962540091737	1
Faecalibacterium	Disease2	High CIN	-0.337513836192952	0.502828514824907	46	5	0.505838025181848	1
Faecalibacterium	Disease2	Hyperplasia (No Dysplasia)	-0.508567254296415	0.492151533904285	46	5	0.307494861322791	1
Gardnerella	Disease2	No disease	0.394802110259766	0.945695873848924	46	6	0.678510903525518	1
Gardnerella	Disease2	Low CIN	-1.03481937305407	0.971329132651018	46	6	0.292945045507476	1
Gardnerella	Disease2	High CIN	-0.115170529291928	0.882995823054063	46	6	0.896862858789652	1
Gardnerella	Disease2	Hyperplasia (No Dysplasia)	-1.03481937305408	0.864246429816051	46	6	0.238040915768071	1
Gemella	Disease2	High CIN	-1.45309268158667	1.03584933724441	46	8	0.168203037053758	1
Haemophilus	Disease2	No disease	-0.114499846034516	0.401296894449096	46	6	0.776832002854302	1
Haemophilus	Disease2	Low CIN	-0.41971883833326	0.412174119819684	46	6	0.314504712408129	1
Haemophilus	Disease2	High CIN	-0.0832713577316714	0.374690734518025	46	6	0.825230233368587	1
Haemophilus	Disease2	Hyperplasia (No Dysplasia)	-0.225433196113709	0.366734610898075	46	6	0.542146919785665	1
Halomonas	Disease2	No disease	0.900229218666981	0.899051540567079	46	12	0.322550243906059	1
Halomonas	Disease2	Low CIN	-0.0444695289053104	0.923420496225078	46	12	0.961824628076507	1
Halomonas	Disease2	High CIN	0.509862378119244	0.839444029506119	46	12	0.5469475095911	1
Halomonas	Disease2	Hyperplasia (No Dysplasia)	0.348607059902218	0.821619408143728	46	12	0.673570540163581	1
Lactobacillus	Disease2	No disease	-1.07075703286408	0.751191850888901	46	11	0.161607556849869	1
Lactobacillus	Disease2	Low CIN	-0.282555061022498	0.771553042743836	46	11	0.716086930191183	1
Lactobacillus	Disease2	High CIN	-0.53132170636239	0.701387502038645	46	11	0.453064710008814	1
Lactobacillus	Disease2	Hyperplasia (No Dysplasia)	-1.22797650735867	0.686494351080733	46	11	0.0810431668297768	1
Massilia	Disease2	No disease	0.495292490103685	1.21963879403288	46	13	0.686782644292165	1
Massilia	Disease2	Low CIN	-0.622106773514315	1.25269732555135	46	13	0.622113753484372	1
Massilia	Disease2	High CIN	-0.843944390962217	1.13877620760115	46	13	0.4628579737054	1
Massilia	Disease2	Hyperplasia (No Dysplasia)	0.664720222461431	1.11459561425184	46	13	0.55420151191534	1
Microbacterium	Disease2	No disease	-7.70886737949486e-15	0.520355211937238	46	5	0.999999999999988	1
Microbacterium	Disease2	Low CIN	0.75300793210779	0.534459534675075	46	5	0.166399715057767	1
Microbacterium	Disease2	High CIN	0.409929996031793	0.485855433391046	46	5	0.403717192008777	1
Microbacterium	Disease2	Hyperplasia (No Dysplasia)	0.138573602466988	0.475538856189168	46	5	0.772212120829126	1
Micrococcus	Disease2	No disease	-0.292121150738364	0.99938678366614	46	17	0.771531050491347	1
Micrococcus	Disease2	Low CIN	0.222287270235068	1.02647534435198	46	17	0.829629911008688	1
Micrococcus	Disease2	High CIN	1.33519735911357	0.93312700202561	46	17	0.160041424868686	1
Micrococcus	Disease2	Hyperplasia (No Dysplasia)	0.731519424738802	0.913313131285574	46	17	0.427777080433493	1
Moraxella	Disease2	No disease	0.16343965559851	0.841161951995713	46	8	0.846898780244059	1
Moraxella	Disease2	Low CIN	-0.2	0.863961799818064	46	8	0.818084278214522	1
Moraxella	Disease2	High CIN	0.668372435082088	0.785392546021483	46	8	0.399709963992513	1
Moraxella	Disease2	Hyperplasia (No Dysplasia)	0.795783211197007	0.768715645285273	46	8	0.306637707561218	1
Mycobacterium	Disease2	No disease	9.63068585785632e-15	0.667432514190618	46	6	0.999999999999989	1
Mycobacterium	Disease2	Low CIN	0.672138385182479	0.685523393977953	46	6	0.332602261042254	1
Mycobacterium	Disease2	High CIN	0.433586616752104	0.623181446062791	46	6	0.490502515274903	1
Mycobacterium	Disease2	Hyperplasia (No Dysplasia)	0.568842598611067	0.609948910091725	46	6	0.356482714038246	1
N09	Disease2	No disease	0.375739453860711	0.491024856770344	46	7	0.44852628180936	1
N09	Disease2	Low CIN	0.68495727004829	0.504334174892489	46	7	0.181845845763048	1
N09	Disease2	High CIN	0.348473478582851	0.458469693622875	46	7	0.451555771689338	1
N09	Disease2	Hyperplasia (No Dysplasia)	0.178868727964683	0.448734620875063	46	7	0.692251257572369	1
Novosphingobium	Disease2	No disease	-0.646972052903213	0.759452690563554	46	7	0.399222492963649	1
Novosphingobium	Disease2	Low CIN	0.411663297746536	0.78003779398156	46	7	0.600519013317158	1
Novosphingobium	Disease2	High CIN	-1.10775948268312	0.709100644423364	46	7	0.125926693273631	1
Novosphingobium	Disease2	Hyperplasia (No Dysplasia)	-1.25200742597561	0.694043713823583	46	7	0.0785926048744776	1
Paenibacillus	Disease2	No disease	0.15036198133676	0.229485120667064	46	5	0.515989278782882	1
Paenibacillus	Disease2	Low CIN	0.151571775753654	0.235705356635047	46	5	0.523768070786256	1
Paenibacillus	Disease2	High CIN	0.20736809772395	0.214270156617439	46	5	0.338824733646378	1
Paenibacillus	Disease2	Hyperplasia (No Dysplasia)	0.0970252306026583	0.209720378101279	46	5	0.646067856053483	1
Paracoccus	Disease2	No disease	3.62770229623288e-15	0.895417909771995	46	7	0.999999999999997	1
Paracoccus	Disease2	Low CIN	0.962185071707007	0.919688375205878	46	7	0.301594081715823	1
Paracoccus	Disease2	High CIN	1.16283758212681	0.836051310024833	46	7	0.171768261520539	1
Paracoccus	Disease2	Hyperplasia (No Dysplasia)	0.429455261653002	0.818298729129724	46	7	0.602538391281667	1
Porphyromonas	Disease2	No disease	-0.311336528568897	0.77210074735785	46	7	0.688871988013537	1
Porphyromonas	Disease2	Low CIN	0.0355297908919536	0.793028678657543	46	7	0.964482112089434	1
Porphyromonas	Disease2	High CIN	0.0571545575284184	0.720910129510424	46	7	0.937194729357347	1
Porphyromonas	Disease2	Hyperplasia (No Dysplasia)	0.550683281367067	0.705602438177631	46	7	0.43961225367844	1
Prevotella	Disease2	No disease	0.810458382130754	1.24319326968978	46	16	0.518093061129193	1
Prevotella	Disease2	Low CIN	0.658428387144028	1.27689024955846	46	16	0.608868493559009	1
Prevotella	Disease2	High CIN	0.130064419609587	1.16076901120155	46	16	0.911330384090558	1
Prevotella	Disease2	Hyperplasia (No Dysplasia)	0.285283897111867	1.13612142614929	46	16	0.802988454149082	1
Pseudomonas	Disease2	Low CIN	1.74701542581561	1.3056097421642	46	41	0.188243397553542	1
Pseudomonas	Disease2	High CIN	1.61797591028206	1.18687673427775	46	41	0.180252441616558	1
Pseudomonas	Disease2	Hyperplasia (No Dysplasia)	1.1390660679713	1.16167478197513	46	41	0.332571520116151	1
Pseudonocardia	Disease2	Low CIN	-0.225059328136763	0.525965378842731	46	6	0.670965000593057	1
Pseudonocardia	Disease2	High CIN	0.0491185761342726	0.478133741671722	46	6	0.918678257739321	1
Pseudonocardia	Disease2	Hyperplasia (No Dysplasia)	-0.225059328136761	0.467981125646928	46	6	0.633133172350942	1
Sphingobacterium	Disease2	No disease	-4.97691630062378e-15	0.512555505201693	46	6	0.999999999999992	1
Sphingobacterium	Disease2	Low CIN	4.12325812007244e-16	0.526448415468712	46	6	0.999999999999999	1
Sphingobacterium	Disease2	High CIN	0.0877378954566776	0.478572850629526	46	6	0.855440878631956	1
Staphylococcus	Disease2	No disease	-0.0162073188684112	1.37238845389763	46	36	0.990634823496918	1
Staphylococcus	Disease2	Low CIN	0.472448411393143	1.40958729275117	46	36	0.739207332140821	1
Staphylococcus	Disease2	High CIN	1.97411874877007	1.28139849808927	46	36	0.131098299204376	1
Staphylococcus	Disease2	Hyperplasia (No Dysplasia)	-0.115119612283763	1.25418948564776	46	36	0.927313451300686	1
Stenotrophomonas	Disease2	No disease	0.518976724703682	1.83494944934134	46	22	0.778731064098586	1
Stenotrophomonas	Disease2	Low CIN	-0.869732254817049	1.8846860881746	46	22	0.646898165509249	1
Stenotrophomonas	Disease2	High CIN	0.695963490818353	1.71329149686297	46	22	0.686697649122505	1
Stenotrophomonas	Disease2	Hyperplasia (No Dysplasia)	-0.413084484234152	1.67691173699625	46	22	0.806650953683899	1
Streptococcus	Disease2	No disease	-1.55845858910552	1.24399057295814	46	25	0.217380653782976	1
Streptococcus	Disease2	Low CIN	-0.963093271749346	1.27770916387703	46	25	0.455297163981172	1
Streptococcus	Disease2	High CIN	-0.342506825145057	1.16151345291387	46	25	0.769573765548079	1
Streptomyces	Disease2	No disease	1.35044379479201	1.55133369066099	46	28	0.389092885865943	1
Streptomyces	Disease2	Low CIN	1.97727728798968	1.59338287272972	46	28	0.22168516178469	1
Streptomyces	Disease2	High CIN	-0.059418684883454	1.44847958724998	46	28	0.967477937063985	1
Streptomyces	Disease2	Hyperplasia (No Dysplasia)	1.24860294574986	1.41772280146514	46	28	0.383608321554708	1
Veillonella	Disease2	No disease	-0.393101420686459	0.799403914664895	46	6	0.625523433865912	1
Veillonella	Disease2	Low CIN	-0.865223051363395	0.821071903284337	46	6	0.298157765795825	1
Veillonella	Disease2	High CIN	-0.250303423334552	0.746403084862071	46	6	0.739073848007398	1
Veillonella	Disease2	Hyperplasia (No Dysplasia)	-0.42120351829636	0.730554080159263	46	6	0.567393173879549	1
Cutibacterium	Disease2	Low CIN	0.76509403133826	1.28163710506657	46	38	0.553812450500053	1
Cutibacterium	Disease2	High CIN	0.241595409156511	1.16508418455053	46	38	0.83675285829234	1
Cutibacterium	Disease2	Hyperplasia (No Dysplasia)	1.88715175308635	1.14034497179189	46	38	0.105582050337976	1
Ruminococcus	Disease2	No disease	-6.04617049372146e-16	0.610309480611225	46	5	0.999999999999999	1
Ruminococcus	Disease2	High CIN	0.0833333333333333	0.569845694638292	46	5	0.884449845883028	1
Ruminococcus	Disease2	Hyperplasia (No Dysplasia)	0.195584675831261	0.557745681552378	46	5	0.727631337975019	1
