feature	metadata	value	coef	stderr	N	N.not.0	pval	qval
Acidovorax	ViralCopyNumberHighLow	Low	-0.299505733615906	0.267805712860069	44	5	0.269765274252964	0.637978770785875
Anoxybacillus	ViralCopyNumberHighLow	Low	-0.436780777514997	0.378235285513652	44	6	0.254767592442207	0.637978770785875
Bacillus	ViralCopyNumberHighLow	Low	0.447839252074909	0.328773971707777	44	44	0.180558191234419	0.637978770785875
Bacteroides	ViralCopyNumberHighLow	Low	-0.298362072081243	0.235013211969162	44	6	0.211233042258555	0.637978770785875
Brachybacterium	ViralCopyNumberHighLow	Low	-0.525223922443813	0.503797846679465	44	5	0.303130378051071	0.637978770785875
Bradyrhizobium	ViralCopyNumberHighLow	Low	-0.445738040000742	0.346493791972698	44	6	0.205362188103848	0.637978770785875
Brevundimonas	ViralCopyNumberHighLow	Low	-0.996817387984981	0.942549846674842	44	22	0.29635742246291	0.637978770785875
Clostridium	ViralCopyNumberHighLow	Low	-1.995895643243	0.773988895109567	44	13	0.0135459289394226	0.637978770785875
Comamonas	ViralCopyNumberHighLow	Low	-0.815038593981508	0.631820444775719	44	20	0.204113757770539	0.637978770785875
Corynebacterium	ViralCopyNumberHighLow	Low	1.12117716166962	0.802734189899483	44	30	0.169841732746905	0.637978770785875
Cytophaga	ViralCopyNumberHighLow	Low	-0.552788382754695	0.476052267389242	44	6	0.252120777111102	0.637978770785875
Erysipelothrix	ViralCopyNumberHighLow	Low	1.20459909797798	0.568976900974818	44	11	0.040218872762583	0.637978770785875
Flavobacterium	ViralCopyNumberHighLow	Low	0.513035623922864	0.425852499246024	44	5	0.235258063820926	0.637978770785875
Herbaspirillum	ViralCopyNumberHighLow	Low	0.636091775568472	0.440383592417332	44	6	0.156067536850768	0.637978770785875
Janthinobacterium	ViralCopyNumberHighLow	Low	-1.4412675673348	1.40979281004126	44	29	0.312479397935939	0.637978770785875
Mesorhizobium	ViralCopyNumberHighLow	Low	0.288176606526904	0.266974526469571	44	7	0.28656225665735	0.637978770785875
Micrococcus	ViralCopyNumberHighLow	Low	1.30731022090071	0.834082296365991	44	33	0.124537115364335	0.637978770785875
Parabacteroides	ViralCopyNumberHighLow	Low	-0.43450460050146	0.332628230595823	44	6	0.19856820251163	0.637978770785875
Pedobacter	ViralCopyNumberHighLow	Low	-0.958703432565446	0.591712926215773	44	23	0.11267083442777	0.637978770785875
Propionibacterium	ViralCopyNumberHighLow	Low	1.5428116480966	0.700063736035282	44	26	0.0330722868736734	0.637978770785875
Pseudomonas	ViralCopyNumberHighLow	Low	0.337890151776128	0.252632644914489	44	44	0.188265445929163	0.637978770785875
Roseburia	ViralCopyNumberHighLow	Low	-0.403786328971232	0.367481296209247	44	5	0.278249610092868	0.637978770785875
Stenotrophomonas	ViralCopyNumberHighLow	Low	-1.37374932211343	1.11102834645874	44	31	0.223155262868935	0.637978770785875
Streptomyces	ViralCopyNumberHighLow	Low	1.0182836746746	0.596031235588144	44	18	0.0949363963972722	0.637978770785875
Acinetobacter	ViralCopyNumberHighLow	Low	0.738949051807073	0.754806923014187	44	40	0.333190222619868	0.653052836334942
Halomonas	ViralCopyNumberHighLow	Low	0.849236525447769	0.900353654005352	44	26	0.350959974682403	0.661424567670682
Cellvibrio	ViralCopyNumberHighLow	Low	0.391218726776033	0.552618146330885	44	19	0.482973797510097	0.874760137220392
Sphingobium	ViralCopyNumberHighLow	Low	-0.22043761235935	0.32388965248565	44	5	0.49986293555451	0.874760137220392
Staphylococcus	ViralCopyNumberHighLow	Low	0.928629999086389	1.47033473445091	44	35	0.531085850030479	0.897351953499775
Achromobacter	ViralCopyNumberHighLow	Low	-0.277471037954724	0.527390242951013	44	10	0.601571527217626	0.92000170564247
Blastomonas	ViralCopyNumberHighLow	Low	0.252665253307878	0.475915567282187	44	10	0.598282051436886	0.92000170564247
Enterococcus	ViralCopyNumberHighLow	Low	0.226153690788556	0.53721369410059	44	5	0.675919620472019	0.92000170564247
Mycobacterium	ViralCopyNumberHighLow	Low	-0.318631728905919	0.617838564795705	44	7	0.608754267792137	0.92000170564247
Prevotella	ViralCopyNumberHighLow	Low	0.33626609450967	0.771608377957883	44	19	0.665214376329836	0.92000170564247
Ruminococcus	ViralCopyNumberHighLow	Low	0.322849895747232	0.655112323708742	44	9	0.624714859248936	0.92000170564247
Sediminibacterium	ViralCopyNumberHighLow	Low	-0.308072929201718	0.682055730547929	44	18	0.653821368145443	0.92000170564247
Pseudochrobactrum	ViralCopyNumberHighLow	Low	0.0791979270900464	0.214981836238089	44	6	0.714430179171794	0.946137264308593
Aeromonas	ViralCopyNumberHighLow	Low	0.0782550473470348	0.341983819672831	44	7	0.820114153448207	0.993662279028697
Cloacibacterium	ViralCopyNumberHighLow	Low	0.0858503215300103	0.400804925763878	44	7	0.831431702860746	0.993662279028697
Lactobacillus	ViralCopyNumberHighLow	Low	-0.228008604158433	0.996879577258132	44	21	0.820194801042021	0.993662279028697
Streptococcus	ViralCopyNumberHighLow	Low	-0.280873485337729	1.12277616150059	44	29	0.803684555478992	0.993662279028697
Coprococcus	ViralCopyNumberHighLow	Low	0.0409255528902147	0.498529569937659	44	11	0.93496312094726	0.997253740999897
Enterobacter	ViralCopyNumberHighLow	Low	-0.0341710202895918	0.241760282180784	44	6	0.888275100077132	0.997253740999897
Kocuria	ViralCopyNumberHighLow	Low	0.0297234234725815	0.416144255045091	44	9	0.94339794108531	0.997253740999897
Microbacterium	ViralCopyNumberHighLow	Low	0.0165057556952513	0.650888313532011	44	6	0.979888868522704	0.997253740999897
Oscillospira	ViralCopyNumberHighLow	Low	0.00763093926161186	0.540871302093608	44	10	0.988810143259486	0.997253740999897
Rothia	ViralCopyNumberHighLow	Low	-0.0422396736011852	0.573036092441611	44	5	0.941589448114411	0.997253740999897
Turicibacter	ViralCopyNumberHighLow	Low	0.00295130091954428	0.852362060317132	44	16	0.997253740999897	0.997253740999897
Xanthomonas	ViralCopyNumberHighLow	Low	0.00624558826627786	0.330265425315633	44	7	0.985001895912239	0.997253740999897
