feature	metadata	value	coef	stderr	N	N.not.0	pval	qval
Propionibacterium	InfectStageDEM	Pre-Infection	-3.87106421428298	0.935047353919287	49	34	0.000154591070173714	0.0247345712277943
Pseudomonas	InfectStageDEM	Pre-Infection	-2.09534048986589	0.544988902042945	49	45	0.000411336767974979	0.0329069414379983
Turicibacter	InfectStageDEM	Post-Depo	1.71618672289682	0.496033730804082	49	9	0.00121288730563442	0.0646873229671689
Acinetobacter	InfectStageDEM	Pre-Infection	-2.58111603647028	0.830161372694996	49	48	0.0032856220787727	0.131424883150908
Clostridium	InfectStageDEM	Post-Depo	2.48756822071804	0.922614392575379	49	9	0.0101939158154344	0.136289422090946
Collinsella	InfectStageDEM	Post-Depo	0.693401582278516	0.254820219307753	49	5	0.00969224970181548	0.136289422090946
Kocuria	InfectStageDEM	Early Infection (4 & 6wpi)	1.43592901205577	0.508155772211658	49	7	0.00706685167438978	0.136289422090946
Lactobacillus	InfectStageDEM	Post-Depo	4.87855466153694	1.85978154844721	49	17	0.0119253244329577	0.136289422090946
Paracoccus	InfectStageDEM	Pre-Infection	-1.81259415718571	0.648697053264284	49	5	0.00784145551359319	0.136289422090946
Paracoccus	InfectStageDEM	Early Infection (4 & 6wpi)	-1.81259415718571	0.683314780569256	49	5	0.0114171395750043	0.136289422090946
Porphyromonas	InfectStageDEM	Pre-Infection	2.2323846538941	0.80655742615218	49	13	0.00822597777622283	0.136289422090946
Propionibacterium	InfectStageDEM	Post-Depo	-3.1144126206828	1.16620894625851	49	34	0.0105723748603517	0.136289422090946
Propionibacterium	InfectStageDEM	Infection Establishment (2wpi)	-3.38728048811489	1.16620894625851	49	34	0.00573398521935845	0.136289422090946
Veillonella	InfectStageDEM	Pre-Infection	-1.27411719212403	0.460989735610419	49	11	0.00849643965900607	0.136289422090946
Cellvibrio	InfectStageDEM	Post-Depo	1.88279421806613	0.733377092701087	49	14	0.0137254667733645	0.137254667733645
Cytophaga	InfectStageDEM	Early Infection (4 & 6wpi)	1.01304210428744	0.388444611237721	49	10	0.0129573033244992	0.137254667733645
Oscillospira	InfectStageDEM	Post-Depo	1.91183292280335	0.803168999327334	49	11	0.0216927280309392	0.192824249163904
Parabacteroides	InfectStageDEM	Infection Establishment (2wpi)	0.766747058175564	0.320323255037046	49	6	0.0210110507201522	0.192824249163904
Bifidobacterium	InfectStageDEM	Post-Depo	1.20784264483718	0.519194302905725	49	7	0.0250461027117606	0.210914549151669
Corynebacterium	InfectStageDEM	Early Infection (4 & 6wpi)	1.97972592468427	0.888863685807475	49	26	0.0310937115290498	0.226136083847635
Paracoccus	InfectStageDEM	Post-Depo	-1.81259415718571	0.808867981555687	49	5	0.0305225098324455	0.226136083847635
Paracoccus	InfectStageDEM	Infection Establishment (2wpi)	-1.81259415718571	0.808867981555687	49	5	0.030522509833272	0.226136083847635
Cellvibrio	InfectStageDEM	Pre-Infection	1.19535383923594	0.588009817756247	49	14	0.0481255766298522	0.323775895442243
Veillonella	InfectStageDEM	Early Infection (4 & 6wpi)	-0.982907404042487	0.482951252939162	49	11	0.0485663843163364	0.323775895442243
Burkholderia	InfectStageDEM	Pre-Infection	-0.839546208160289	0.425113052092503	49	9	0.0545774838460452	0.34929589661469
Fusobacterium	InfectStageDEM	Pre-Infection	-1.21940488900337	0.634691834693476	49	8	0.0616160137139844	0.365131933119907
Saccharopolyspora	InfectStageDEM	Pre-Infection	-0.776924638517322	0.402197834510198	49	5	0.0602509765328137	0.365131933119907
Burkholderia	InfectStageDEM	Early Infection (4 & 6wpi)	-0.839546208160288	0.448108502559373	49	9	0.0676461556907105	0.373220169328058
Staphylococcus	InfectStageDEM	Infection Establishment (2wpi)	-2.17956647966227	1.15396793919816	49	33	0.0662439277851752	0.373220169328058
Anaerococcus	InfectStageDEM	Pre-Infection	-0.67952686810102	0.368199941286465	49	5	0.071695127924856	0.382374015599232
Lactobacillus	InfectStageDEM	Pre-Infection	2.67917696773238	1.49114257897144	49	17	0.0792455836005566	0.409009463744808
Fusobacterium	InfectStageDEM	Post-Depo	-1.3027382223367	0.789724044909118	49	8	0.106708235433383	0.517373262707311
Fusobacterium	InfectStageDEM	Infection Establishment (2wpi)	-1.3027382223367	0.789724044909118	49	8	0.106708235433042	0.517373262707311
Anaerobacillus	InfectStageDEM	Pre-Infection	-1.19609582379148	0.772772541383303	49	15	0.129282657206852	0.530390388540932
Corynebacterium	InfectStageDEM	Post-Depo	1.69536375134591	1.0517176963074	49	26	0.114113935382467	0.530390388540932
Flavobacterium	InfectStageDEM	Early Infection (4 & 6wpi)	-0.587238283530923	0.37771673317924	49	6	0.127180448132342	0.530390388540932
Massilia	InfectStageDEM	Infection Establishment (2wpi)	0.693905517447398	0.445630922707831	49	6	0.126603914369663	0.530390388540932
Saccharopolyspora	InfectStageDEM	Infection Establishment (2wpi)	-0.776924638517321	0.501424853200168	49	5	0.128984650643696	0.530390388540932
Saccharopolyspora	InfectStageDEM	Early Infection (4 & 6wpi)	-0.678020692861677	0.4234708616236	49	5	0.117275736409667	0.530390388540932
Anaerobacillus	InfectStageDEM	Early Infection (4 & 6wpi)	-1.22923298571488	0.811622640792034	49	15	0.137818256164828	0.551273024659312
Anaerococcus	InfectStageDEM	Post-Depo	-0.679526868101021	0.459226010041411	49	5	0.146072278064965	0.552393021496375
Anaerococcus	InfectStageDEM	Infection Establishment (2wpi)	-0.679526868101021	0.459226010041411	49	5	0.146072278064965	0.552393021496375
Mucispirillum	InfectStageDEM	Infection Establishment (2wpi)	1.21092543283538	0.828981888376623	49	13	0.151746736026891	0.552393021496375
Veillonella	InfectStageDEM	Post-Depo	-0.837720687897529	0.573700699577678	49	11	0.151908080911503	0.552393021496375
Mucispirillum	InfectStageDEM	Post-Depo	1.19823695216801	0.828981888376623	49	13	0.155975026284785	0.554577871234792
Staphylococcus	InfectStageDEM	Pre-Infection	-1.31265282575967	0.9267410878099	49	33	0.164306486551497	0.571500822787814
Turicibacter	InfectStageDEM	Early Infection (4 & 6wpi)	0.568198961319557	0.41922501807793	49	9	0.182221412048932	0.620328211230407
Bacteroides	InfectStageDEM	Early Infection (4 & 6wpi)	0.753592647530027	0.566705288053022	49	11	0.191202266378517	0.624333931031892
Faecalibacterium	InfectStageDEM	Pre-Infection	-0.411802380540503	0.309024218811805	49	5	0.189945793582581	0.624333931031892
Flavobacterium	InfectStageDEM	Infection Establishment (2wpi)	-0.587238283530924	0.446920465780027	49	6	0.195667238024736	0.626135161679155
Ruminococcus	InfectStageDEM	Pre-Infection	-0.553688909192427	0.432215204939435	49	8	0.207331929812297	0.650453113136618
Bacteroides	InfectStageDEM	Infection Establishment (2wpi)	0.851372580576665	0.674291505918889	49	11	0.213918105879106	0.655804654254074
Prevotella	InfectStageDEM	Infection Establishment (2wpi)	1.36521342762136	1.09584148193391	49	21	0.219948284605903	0.655804654254074
Pseudomonas	InfectStageDEM	Infection Establishment (2wpi)	0.842998913164735	0.678674384559436	49	45	0.22133407081075	0.655804654254074
Streptomyces	InfectStageDEM	Pre-Infection	-1.31461584374322	1.09591048706952	49	41	0.236728109336762	0.688663590797853
Mucispirillum	InfectStageDEM	Pre-Infection	-0.790913715859376	0.665816105324022	49	13	0.24165395078246	0.690439859378457
Cytophaga	InfectStageDEM	Post-Depo	-0.541974578966387	0.463717520132635	49	10	0.249574066704941	0.693133865095374
Sphingobium	InfectStageDEM	Pre-Infection	0.29984176186457	0.257907402856908	49	5	0.251261026097073	0.693133865095374
Streptococcus	InfectStageDEM	Infection Establishment (2wpi)	-1.57029503569077	1.38818696137891	49	27	0.264105556443524	0.71621845815193
Bacillus	InfectStageDEM	Early Infection (4 & 6wpi)	0.373537409926032	0.343345376699728	49	9	0.282547431465069	0.739663635039076
Faecalibacterium	InfectStageDEM	Infection Establishment (2wpi)	-0.411802380540504	0.385141635562237	49	5	0.291242556296636	0.739663635039076
Stenotrophomonas	InfectStageDEM	Early Infection (4 & 6wpi)	-0.734461541914349	0.6773508276991	49	15	0.284131066053844	0.739663635039076
Streptococcus	InfectStageDEM	Pre-Infection	-1.19837336544281	1.11302571391428	49	27	0.287491019199784	0.739663635039076
Stenotrophomonas	InfectStageDEM	Pre-Infection	-0.674756677070857	0.642591417158827	49	15	0.299425966993893	0.748564917484732
Prevotella	InfectStageDEM	Post-Depo	1.11720152396417	1.09584148193391	49	21	0.313984093265222	0.772883921883623
Bacillus	InfectStageDEM	Post-Depo	-0.391285559908627	0.406251728342796	49	9	0.340730820253882	0.808197836680005
Ruminococcus	InfectStageDEM	Post-Depo	0.526415031107553	0.538492189369322	49	8	0.334069900489816	0.808197836680005
Staphylococcus	InfectStageDEM	Post-Depo	-1.10637173248937	1.15396793919816	49	33	0.343484080589002	0.808197836680005
Acidovorax	InfectStageDEM	Pre-Infection	-0.356274064174266	0.3865408576916	49	8	0.362015936075077	0.830266655277424
Prevotella	InfectStageDEM	Early Infection (4 & 6wpi)	0.848026674283592	0.921970711200192	49	21	0.363241661683873	0.830266655277424
Massilia	InfectStageDEM	Pre-Infection	0.323585198585126	0.357299621512424	49	6	0.370058579509524	0.833934827063716
Micrococcus	InfectStageDEM	Pre-Infection	-1.17524426114876	1.33213107141573	49	21	0.382758049805931	0.8389217529993
Stenotrophomonas	InfectStageDEM	Post-Depo	0.708714444102901	0.801452307563287	49	15	0.381347609591309	0.8389217529993
Actinomyces	InfectStageDEM	Post-Depo	-0.28440108706502	0.334898574738857	49	5	0.400737434343986	0.843657756514129
Actinomyces	InfectStageDEM	Infection Establishment (2wpi)	-0.28440108706502	0.334898574738857	49	5	0.400737434344211	0.843657756514129
Cytophaga	InfectStageDEM	Pre-Infection	-0.324156450963799	0.373616555412295	49	10	0.390814121415103	0.843657756514129
Leuconostoc	InfectStageDEM	Early Infection (4 & 6wpi)	-0.166293920924304	0.202760805840593	49	5	0.416552586796264	0.86556381671951
Streptomyces	InfectStageDEM	Early Infection (4 & 6wpi)	0.920075991972059	1.1551910836014	49	41	0.430035078074174	0.882123237075228
Acinetobacter	InfectStageDEM	Post-Depo	-0.775209152359631	1.03539314411954	49	48	0.458015900436659	0.887136709927388
Collinsella	InfectStageDEM	Pre-Infection	-0.152635648476947	0.204667420962004	49	5	0.460202168274833	0.887136709927388
Flavobacterium	InfectStageDEM	Pre-Infection	-0.267882511355481	0.358333556161348	49	6	0.45869126280092	0.887136709927388
Kocuria	InfectStageDEM	Pre-Infection	-0.36180845860256	0.482078893905161	49	7	0.456938279048854	0.887136709927388
Mucispirillum	InfectStageDEM	Early Infection (4 & 6wpi)	0.525497947871835	0.698426639164949	49	13	0.456252496439119	0.887136709927388
Coprococcus	InfectStageDEM	Post-Depo	0.348426652538963	0.481306443888808	49	9	0.472947324422561	0.896399836038896
Stenotrophomonas	InfectStageDEM	Infection Establishment (2wpi)	-0.575889362848813	0.801452307563287	49	15	0.476212412895664	0.896399836038896
Flavobacterium	InfectStageDEM	Post-Depo	-0.311357641784222	0.446920465780027	49	6	0.489671554240122	0.900545387108269
Staphylococcus	InfectStageDEM	Early Infection (4 & 6wpi)	-0.683781985780983	0.972412423678525	49	33	0.486203885739203	0.900545387108269
Acidovorax	InfectStageDEM	Early Infection (4 & 6wpi)	-0.26962435692487	0.407078137589371	49	8	0.511573609192295	0.901605227989806
Cellvibrio	InfectStageDEM	Infection Establishment (2wpi)	-0.495143937482405	0.733377092701087	49	14	0.503109405482165	0.901605227989806
Oscillospira	InfectStageDEM	Infection Establishment (2wpi)	0.538858527646548	0.803168999327334	49	11	0.505781212413771	0.901605227989806
Porphyromonas	InfectStageDEM	Infection Establishment (2wpi)	-0.654890140654819	1.00595385047323	49	13	0.518423006094138	0.901605227989806
Prevotella	InfectStageDEM	Pre-Infection	-0.578845954539773	0.88082549768476	49	21	0.514721424311135	0.901605227989806
Clostridium	InfectStageDEM	Early Infection (4 & 6wpi)	0.478077193939256	0.776618478398578	49	9	0.541751100934417	0.911608246235869
Collinsella	InfectStageDEM	Infection Establishment (2wpi)	-0.152635648476948	0.254820219307753	49	5	0.552662499280496	0.911608246235869
Kocuria	InfectStageDEM	Post-Depo	-0.361808458602559	0.601258018129352	49	7	0.550427197920902	0.911608246235869
Kocuria	InfectStageDEM	Infection Establishment (2wpi)	-0.361808458602559	0.601258018129352	49	7	0.550427197920902	0.911608246235869
Parabacteroides	InfectStageDEM	Post-Depo	0.19448719322653	0.320323255037046	49	6	0.546865958084461	0.911608246235869
Acidovorax	InfectStageDEM	Post-Depo	-0.261590109822084	0.4819441250981	49	8	0.590225838688621	0.934710597387455
Anaerobacillus	InfectStageDEM	Infection Establishment (2wpi)	-0.470788777982513	0.962571065552631	49	15	0.627392198238602	0.934710597387455
Anaerococcus	InfectStageDEM	Early Infection (4 & 6wpi)	-0.218582780466737	0.388116816268499	49	5	0.576165697423842	0.934710597387455
Bifidobacterium	InfectStageDEM	Infection Establishment (2wpi)	-0.278016524362519	0.519194302905725	49	7	0.595227468764898	0.934710597387455
Bifidobacterium	InfectStageDEM	Early Infection (4 & 6wpi)	0.216771070291783	0.437831582960438	49	7	0.623262416856708	0.934710597387455
Clostridium	InfectStageDEM	Infection Establishment (2wpi)	0.446653657766066	0.922614392575379	49	9	0.630929653236532	0.934710597387455
Corynebacterium	InfectStageDEM	Pre-Infection	0.436409159209104	0.84325013296917	49	26	0.607376950590865	0.934710597387455
Corynebacterium	InfectStageDEM	Infection Establishment (2wpi)	-0.54432607065077	1.0517176963074	49	26	0.607358380513819	0.934710597387455
Lactobacillus	InfectStageDEM	Infection Establishment (2wpi)	0.978905652631017	1.85978154844721	49	17	0.60128482285915	0.934710597387455
Saccharopolyspora	InfectStageDEM	Post-Depo	-0.243226477824094	0.501424853200168	49	5	0.630215365486929	0.934710597387455
Sphingobium	InfectStageDEM	Early Infection (4 & 6wpi)	0.132562246656754	0.271858272815482	49	5	0.628243247758975	0.934710597387455
Porphyromonas	InfectStageDEM	Early Infection (4 & 6wpi)	-0.39466955195434	0.850186176787983	49	13	0.644782130862189	0.938758868400675
Pseudomonas	InfectStageDEM	Early Infection (4 & 6wpi)	0.265253002177166	0.571989539951832	49	45	0.645396722025464	0.938758868400675
Acidovorax	InfectStageDEM	Infection Establishment (2wpi)	0.199536062353804	0.4819441250981	49	8	0.681019921752157	0.947505978089958
Bacillus	InfectStageDEM	Pre-Infection	-0.143055993439984	0.325726024337894	49	9	0.66267240880785	0.947505978089958
Porphyromonas	InfectStageDEM	Post-Depo	-0.425265154565502	1.00595385047323	49	13	0.674537961229532	0.947505978089958
Sphingobium	InfectStageDEM	Post-Depo	-0.134336576220071	0.321667046334411	49	5	0.678251437053292	0.947505978089958
Sphingobium	InfectStageDEM	Infection Establishment (2wpi)	-0.134336576220072	0.321667046334411	49	5	0.67825143705329	0.947505978089958
Burkholderia	InfectStageDEM	Infection Establishment (2wpi)	0.209623119238964	0.53020913052531	49	9	0.694488094974915	0.957914613758504
Acinetobacter	InfectStageDEM	Infection Establishment (2wpi)	0.181644522501299	1.03539314411954	49	48	0.861542469903404	0.964545266365736
Acinetobacter	InfectStageDEM	Early Infection (4 & 6wpi)	-0.321469616122084	0.875066921069368	49	48	0.715107345485537	0.964545266365736
Actinomyces	InfectStageDEM	Early Infection (4 & 6wpi)	-0.0293584023567917	0.281460850730754	49	5	0.917452874932221	0.964545266365736
Anaerobacillus	InfectStageDEM	Post-Depo	-0.200837002446609	0.962571065552631	49	15	0.835761947151047	0.964545266365736
Bacillus	InfectStageDEM	Infection Establishment (2wpi)	-0.113512457353978	0.406251728342796	49	9	0.78123632044962	0.964545266365736
Bacteroides	InfectStageDEM	Pre-Infection	-0.15924353202898	0.542302123544371	49	11	0.770504019915798	0.964545266365736
Bacteroides	InfectStageDEM	Post-Depo	-0.168593294242438	0.674291505918889	49	11	0.803822586078541	0.964545266365736
Bifidobacterium	InfectStageDEM	Pre-Infection	-0.128058320014133	0.416790686857253	49	7	0.76019527809165	0.964545266365736
Burkholderia	InfectStageDEM	Post-Depo	0.0480577225278656	0.53020913052531	49	9	0.928190669188416	0.964545266365736
Cellvibrio	InfectStageDEM	Early Infection (4 & 6wpi)	-0.0675402212499176	0.619816770216754	49	14	0.913723280126078	0.964545266365736
Clostridium	InfectStageDEM	Pre-Infection	0.187795795501426	0.741383292833183	49	9	0.801303266354259	0.964545266365736
Collinsella	InfectStageDEM	Early Infection (4 & 6wpi)	0.0194297268174113	0.214683911669288	49	5	0.928374818877021	0.964545266365736
Coprococcus	InfectStageDEM	Pre-Infection	0.0429693541825391	0.385903673802526	49	9	0.911847294074967	0.964545266365736
Coprococcus	InfectStageDEM	Early Infection (4 & 6wpi)	-0.0683692310230252	0.406778188880878	49	9	0.867294495731769	0.964545266365736
Cytophaga	InfectStageDEM	Infection Establishment (2wpi)	-0.105277559759251	0.463717520132635	49	10	0.821583200341098	0.964545266365736
Faecalibacterium	InfectStageDEM	Post-Depo	-0.0670546129034289	0.385141635562237	49	5	0.862643308977342	0.964545266365736
Faecalibacterium	InfectStageDEM	Early Infection (4 & 6wpi)	-0.0672745516073282	0.325078795467527	49	5	0.837107196636169	0.964545266365736
Fusobacterium	InfectStageDEM	Early Infection (4 & 6wpi)	0.095586382008669	0.664575566931329	49	8	0.886362657605709	0.964545266365736
Lactobacillus	InfectStageDEM	Early Infection (4 & 6wpi)	0.348161409969916	1.57180228853575	49	17	0.825724379926569	0.964545266365736
Leuconostoc	InfectStageDEM	Pre-Infection	0.0308094168754735	0.192355790000234	49	5	0.873481087662905	0.964545266365736
Leuconostoc	InfectStageDEM	Post-Depo	0.0770692701437305	0.239909820847704	49	5	0.749547516378125	0.964545266365736
Leuconostoc	InfectStageDEM	Infection Establishment (2wpi)	0.0277994888795665	0.239909820847704	49	5	0.908279056636526	0.964545266365736
Massilia	InfectStageDEM	Post-Depo	0.161521380858418	0.445630922707831	49	6	0.718746896241834	0.964545266365736
Micrococcus	InfectStageDEM	Post-Depo	0.25894022868666	1.65953953357154	49	21	0.87677942925056	0.964545266365736
Micrococcus	InfectStageDEM	Infection Establishment (2wpi)	0.38115915723836	1.65953953357154	49	21	0.819492313781688	0.964545266365736
Micrococcus	InfectStageDEM	Early Infection (4 & 6wpi)	0.166152856257313	1.3996415770158	49	21	0.906105708386677	0.964545266365736
Oscillospira	InfectStageDEM	Pre-Infection	0.154426081799751	0.643967832677347	49	11	0.811595853150731	0.964545266365736
Oscillospira	InfectStageDEM	Early Infection (4 & 6wpi)	0.154932812945927	0.678801697047541	49	11	0.820513535295375	0.964545266365736
Parabacteroides	InfectStageDEM	Pre-Infection	0.0333558186577602	0.256829972863893	49	6	0.897257174103463	0.964545266365736
Propionibacterium	InfectStageDEM	Early Infection (4 & 6wpi)	0.176898316054967	0.985626452832839	49	34	0.858386325670053	0.964545266365736
Pseudomonas	InfectStageDEM	Post-Depo	0.19698647613024	0.678674384559436	49	45	0.773104426718918	0.964545266365736
Ruminococcus	InfectStageDEM	Early Infection (4 & 6wpi)	-0.101175495036989	0.454233100138967	49	8	0.824888731819015	0.964545266365736
Streptococcus	InfectStageDEM	Early Infection (4 & 6wpi)	-0.400949312628237	1.17323211676803	49	27	0.734167698567435	0.964545266365736
Streptomyces	InfectStageDEM	Post-Depo	-0.132768743327961	1.36684052306223	49	41	0.923059906030795	0.964545266365736
Streptomyces	InfectStageDEM	Infection Establishment (2wpi)	0.186872533480736	1.36684052306223	49	41	0.891876887938918	0.964545266365736
Turicibacter	InfectStageDEM	Pre-Infection	0.0675815704441878	0.397711772775456	49	9	0.865847239048302	0.964545266365736
Turicibacter	InfectStageDEM	Infection Establishment (2wpi)	-0.175634002533659	0.496033730804082	49	9	0.724972595585703	0.964545266365736
Veillonella	InfectStageDEM	Infection Establishment (2wpi)	-0.0940060884004825	0.573700699577678	49	11	0.870652821339364	0.964545266365736
Parabacteroides	InfectStageDEM	Early Infection (4 & 6wpi)	-0.0191313311172612	0.270722561883047	49	6	0.943982479732006	0.974433527465297
Actinomyces	InfectStageDEM	Pre-Infection	0.0137866192161015	0.26934541042141	49	5	0.959425088153126	0.97775805162102
Massilia	InfectStageDEM	Early Infection (4 & 6wpi)	0.0207484580161346	0.376626870365118	49	6	0.956315979808603	0.97775805162102
Streptococcus	InfectStageDEM	Post-Depo	-0.0534411724095782	1.38818696137891	49	27	0.969465486186734	0.981737201201756
Coprococcus	InfectStageDEM	Infection Establishment (2wpi)	0.00820416266681718	0.481306443888808	49	9	0.986477288908355	0.986477288908355
Ruminococcus	InfectStageDEM	Infection Establishment (2wpi)	0.0102155247274564	0.538492189369322	49	8	0.984957391720263	0.986477288908355
