feature	metadata	value	coef	stderr	N	N.not.0	pval	qval
Propionibacterium	InfectStageDEM	Pre-Infection	-3.87106421428298	0.935047353919287	49	34	0.000154591070173714	0.0247345712277943
Pseudomonas	InfectStageDEM	Pre-Infection	-2.09534048986589	0.544988902042945	49	45	0.000411336767974979	0.0329069414379983
Turicibacter	InfectStageDEM	Post-Depo	1.71618672289682	0.496033730804082	49	9	0.00121288730563442	0.0646873229671689
Acinetobacter	InfectStageDEM	Pre-Infection	-2.58111603647028	0.830161372694996	49	48	0.0032856220787727	0.131424883150908
Clostridium	InfectStageDEM	Post-Depo	2.48756822071804	0.922614392575379	49	9	0.0101939158154344	0.136289422090946
Collinsella	InfectStageDEM	Post-Depo	0.693401582278516	0.254820219307753	49	5	0.00969224970181548	0.136289422090946
Kocuria	InfectStageDEM	Early Infection (4 & 6wpi)	1.43592901205577	0.508155772211658	49	7	0.00706685167438978	0.136289422090946
Lactobacillus	InfectStageDEM	Post-Depo	4.87855466153694	1.85978154844721	49	17	0.0119253244329577	0.136289422090946
Paracoccus	InfectStageDEM	Pre-Infection	-1.81259415718571	0.648697053264284	49	5	0.00784145551359319	0.136289422090946
Paracoccus	InfectStageDEM	Early Infection (4 & 6wpi)	-1.81259415718571	0.683314780569256	49	5	0.0114171395750043	0.136289422090946
Porphyromonas	InfectStageDEM	Pre-Infection	2.2323846538941	0.80655742615218	49	13	0.00822597777622283	0.136289422090946
Propionibacterium	InfectStageDEM	Post-Depo	-3.1144126206828	1.16620894625851	49	34	0.0105723748603517	0.136289422090946
Propionibacterium	InfectStageDEM	Infection Establishment (2wpi)	-3.38728048811489	1.16620894625851	49	34	0.00573398521935845	0.136289422090946
Veillonella	InfectStageDEM	Pre-Infection	-1.27411719212403	0.460989735610419	49	11	0.00849643965900607	0.136289422090946
Cellvibrio	InfectStageDEM	Post-Depo	1.88279421806613	0.733377092701087	49	14	0.0137254667733645	0.137254667733645
Cytophaga	InfectStageDEM	Early Infection (4 & 6wpi)	1.01304210428744	0.388444611237721	49	10	0.0129573033244992	0.137254667733645
Oscillospira	InfectStageDEM	Post-Depo	1.91183292280335	0.803168999327334	49	11	0.0216927280309392	0.192824249163904
Parabacteroides	InfectStageDEM	Infection Establishment (2wpi)	0.766747058175564	0.320323255037046	49	6	0.0210110507201522	0.192824249163904
Bifidobacterium	InfectStageDEM	Post-Depo	1.20784264483718	0.519194302905725	49	7	0.0250461027117606	0.210914549151669
Corynebacterium	InfectStageDEM	Early Infection (4 & 6wpi)	1.97972592468427	0.888863685807475	49	26	0.0310937115290498	0.226136083847635
Paracoccus	InfectStageDEM	Post-Depo	-1.81259415718571	0.808867981555687	49	5	0.0305225098324455	0.226136083847635
Paracoccus	InfectStageDEM	Infection Establishment (2wpi)	-1.81259415718571	0.808867981555687	49	5	0.030522509833272	0.226136083847635
