feature	metadata	value	coef	stderr	N	N.not.0	pval	qval
Acinetobacter	DiseaseCINEndpoint	CIN1	6.52588815443648	2.90185812211848	30	26	0.0482725334047949	0.999801771849513
Acinetobacter	DiseaseCINEndpoint	CIN2	4.71043403989394	3.05882703751781	30	26	0.154595599221751	0.999801771849513
Acinetobacter	DiseaseCINEndpoint	CIN3	2.73122643495135	2.90185812211848	30	26	0.368782958295769	0.999801771849513
Acinetobacter	DiseaseCINEndpoint	SCC	5.97785268112036	3.74628272667387	30	26	0.141645318270568	0.999801771849513
Actinobacillus	DiseaseCINEndpoint	CIN1	-2.04404481120654	3.41282098699479	30	20	0.562540173124774	0.999801771849513
Actinobacillus	DiseaseCINEndpoint	CIN3	1.15719266916761	3.41282098699479	30	20	0.741568000829241	0.999801771849513
Actinobacillus	DiseaseCINEndpoint	SCC	-1.1452302013796	4.40593294873932	30	20	0.800191767791142	0.999801771849513
Adlercreutzia	DiseaseCINEndpoint	CIN1	0.473147671337573	1.1401934445966	30	5	0.681702516782785	0.999801771849513
Adlercreutzia	DiseaseCINEndpoint	CIN2	0.901523804699326	1.20186941937275	30	5	0.460195297060138	0.999801771849513
Adlercreutzia	DiseaseCINEndpoint	CIN3	0.389826634173644	1.1401934445966	30	5	0.735287209168125	0.999801771849513
Adlercreutzia	DiseaseCINEndpoint	SCC	1.54584802208716	1.47198340745917	30	5	0.303681556032744	0.999801771849513
Afipia	DiseaseCINEndpoint	CIN1	1.86879753379967	3.47703483503042	30	10	0.602697876270942	0.999801771849513
Afipia	DiseaseCINEndpoint	CIN2	3.0521991302768	3.66511652748131	30	10	0.424416776294985	0.999801771849513
Afipia	DiseaseCINEndpoint	CIN3	3.85606618903512	3.47703483503042	30	10	0.293383973022469	0.999801771849513
Afipia	DiseaseCINEndpoint	SCC	4.30298242482875	4.48883267008529	30	10	0.360364171602207	0.999801771849513
Bifidobacterium	DiseaseCINEndpoint	CIN1	0.413420144745557	0.693408284375946	30	7	0.556392346394629	0.999801771849513
Bifidobacterium	DiseaseCINEndpoint	CIN2	0.303780346708823	0.730916509019246	30	7	0.681237099326289	0.999801771849513
Bifidobacterium	DiseaseCINEndpoint	CIN3	0.552132895587059	0.693408284375946	30	7	0.43337786611323	0.999801771849513
Bifidobacterium	DiseaseCINEndpoint	SCC	0.499999999999975	0.895186245836765	30	7	0.581442376572526	0.999801771849513
Brevibacillus	DiseaseCINEndpoint	CIN1	1.89692108089144	2.63177188644374	30	5	0.477733008070116	0.999801771849513
Brevibacillus	DiseaseCINEndpoint	CIN3	1.11902090504233	2.63177188644374	30	5	0.674330899867456	0.999801771849513
Brevibacillus	DiseaseCINEndpoint	SCC	4.94796139122843	3.39760289573783	30	5	0.157752347546231	0.999801771849513
Caulobacter	DiseaseCINEndpoint	CIN1	0.430950479388164	0.682523024043328	30	4	0.541936792922049	0.999801771849513
Caulobacter	DiseaseCINEndpoint	CIN3	0.30185814001975	0.682523024043328	30	4	0.66770711065718	0.999801771849513
Cloacibacterium	DiseaseCINEndpoint	CIN1	0.510634183106041	1.38716007966905	30	5	0.720460021275576	0.999801771849513
Cloacibacterium	DiseaseCINEndpoint	CIN3	1.07786044798279	1.38716007966905	30	5	0.455130494244142	0.999801771849513
Cloacibacterium	DiseaseCINEndpoint	SCC	1.27387386858881	1.79081596236066	30	5	0.493133810477123	0.999801771849513
Corynebacterium	DiseaseCINEndpoint	CIN1	2.28781217983554	1.65138407866231	30	13	0.196053694763423	0.999801771849513
Corynebacterium	DiseaseCINEndpoint	CIN2	2.25825306857296	1.74071166010386	30	13	0.223652193051378	0.999801771849513
Corynebacterium	DiseaseCINEndpoint	CIN3	0.999202589473845	1.65138407866231	30	13	0.558612476969831	0.999801771849513
Enhydrobacter	DiseaseCINEndpoint	CIN2	1.79021558386529	1.3210116934675	30	9	0.205177506902181	0.999801771849513
Enhydrobacter	DiseaseCINEndpoint	CIN3	0.691011002246402	1.25322173012204	30	9	0.593473564968547	0.999801771849513
Enhydrobacter	DiseaseCINEndpoint	SCC	4.10382906933186	1.61790229662263	30	9	0.0295392623968995	0.999801771849513
Enterococcus	DiseaseCINEndpoint	CIN1	0.621525668379419	1.24910668768915	30	5	0.623131237375388	0.999801771849513
Enterococcus	DiseaseCINEndpoint	CIN2	1.54760802546826	1.31667405788211	30	5	0.250911140623635	0.999801771849513
Herbaspirillum	DiseaseCINEndpoint	CIN1	0.474669562317726	1.56297363217411	30	9	0.763872363429388	0.999801771849513
Herbaspirillum	DiseaseCINEndpoint	CIN2	2.33317453102318	1.6475188668188	30	9	0.169064042259474	0.999801771849513
Herbaspirillum	DiseaseCINEndpoint	CIN3	1.46742948652081	1.56297363217411	30	9	0.35678045311894	0.999801771849513
Herbaspirillum	DiseaseCINEndpoint	SCC	0.500000000000021	2.01779028265721	30	9	0.8063163371528	0.999801771849513
Lactobacillus	DiseaseCINEndpoint	CIN1	1.91792719443115	2.23892827280477	30	13	0.411708243187687	0.999801771849513
Lactobacillus	DiseaseCINEndpoint	CIN3	1.27770546366919	2.23892827280477	30	13	0.580814696157075	0.999801771849513
Lactobacillus	DiseaseCINEndpoint	SCC	1.90125530401667	2.8904439713086	30	13	0.525535484495121	0.999801771849513
Micrococcus	DiseaseCINEndpoint	CIN1	0.675281619119734	0.867369778005167	30	10	0.443557944491614	0.999801771849513
Micrococcus	DiseaseCINEndpoint	CIN2	1.58606630138028	0.914288024030316	30	10	0.0950988295114993	0.999801771849513
Micrococcus	DiseaseCINEndpoint	CIN3	0.208110273271869	0.867369778005167	30	10	0.812338939627729	0.999801771849513
Micrococcus	DiseaseCINEndpoint	SCC	1.73267577360332	1.11976956840588	30	10	0.134345648217749	0.999801771849513
Odoribacter	DiseaseCINEndpoint	CIN1	0.821941331763814	0.940564275738267	30	6	0.402681453060847	0.999801771849513
Odoribacter	DiseaseCINEndpoint	CIN2	1.26491275033183	0.991441799039858	30	6	0.230852607747991	0.999801771849513
Oscillospira	DiseaseCINEndpoint	CIN1	0.924551043825618	1.95350519570573	30	8	0.646176815766681	0.999801771849513
Oscillospira	DiseaseCINEndpoint	CIN2	2.64943678074159	2.05917527980103	30	8	0.227203556085443	0.999801771849513
Oscillospira	DiseaseCINEndpoint	CIN3	0.502221313700948	1.95350519570573	30	8	0.802323782415723	0.999801771849513
Oscillospira	DiseaseCINEndpoint	SCC	2.19363758748897	2.52196436323265	30	8	0.404797322380448	0.999801771849513
Porphyromonas	DiseaseCINEndpoint	CIN1	0.578772222717225	1.73724744538676	30	5	0.745897131232166	0.999801771849513
Porphyromonas	DiseaseCINEndpoint	CIN2	1.17990090381835	1.83121959557704	30	5	0.533864327431354	0.999801771849513
Porphyromonas	DiseaseCINEndpoint	CIN3	0.823218048289585	1.73724744538676	30	5	0.645773541948781	0.999801771849513
Prevotella	DiseaseCINEndpoint	CIN1	-2.04537389376805	1.28770134438461	30	9	0.124766180608063	0.999801771849513
Prevotella	DiseaseCINEndpoint	CIN2	-2.21314082190537	1.35735639810542	30	9	0.115536457620375	0.999801771849513
Prevotella	DiseaseCINEndpoint	CIN3	-2.19608881806491	1.28770134438461	30	9	0.100510344453175	0.999801771849513
Prevotella	DiseaseCINEndpoint	SCC	0.714102587621985	1.66241528723017	30	9	0.671197350884314	0.999801771849513
Propionibacterium	DiseaseCINEndpoint	CIN1	2.80150886170398	1.43834172278871	30	13	0.062759895552215	0.999801771849513
Propionibacterium	DiseaseCINEndpoint	CIN2	1.0413791417102	1.51614529922094	30	13	0.498493458397283	0.999801771849513
Propionibacterium	DiseaseCINEndpoint	CIN3	1.13620702452642	1.43834172278871	30	13	0.436990489938605	0.999801771849513
Propionibacterium	DiseaseCINEndpoint	SCC	0.50000000000002	1.85689117950532	30	13	0.789933949626756	0.999801771849513
Pseudomonas	DiseaseCINEndpoint	CIN1	1.45524180893235	1.1963510692495	30	25	0.251763862838245	0.999801771849513
Pseudomonas	DiseaseCINEndpoint	CIN2	0.435409570824151	1.26106475333542	30	25	0.737042865864748	0.999801771849513
Pseudomonas	DiseaseCINEndpoint	SCC	0.456723703326918	1.54448258914025	30	25	0.773498561670262	0.999801771849513
Ruminococcus	DiseaseCINEndpoint	CIN1	0.504136956689703	1.06938257489782	30	5	0.647451933476072	0.999801771849513
Ruminococcus	DiseaseCINEndpoint	CIN2	0.70801519797429	1.12722820892424	30	5	0.544013588748787	0.999801771849513
Ruminococcus	DiseaseCINEndpoint	CIN3	0.268237889689896	1.06938257489782	30	5	0.807020840988612	0.999801771849513
Ruminococcus	DiseaseCINEndpoint	SCC	0.639867585767276	1.38056696776789	30	5	0.652942701867766	0.999801771849513
Sediminibacterium	DiseaseCINEndpoint	CIN1	-1.60428177143504	1.31464609458017	30	10	0.233731940426415	0.999801771849513
Sediminibacterium	DiseaseCINEndpoint	CIN2	-2.42179838383633	1.3857586586395	30	10	0.0928015356247493	0.999801771849513
Sediminibacterium	DiseaseCINEndpoint	CIN3	-2.0674317942838	1.31464609458017	30	10	0.128379709974438	0.999801771849513
Sediminibacterium	DiseaseCINEndpoint	SCC	-2.94319711637365	1.69720081015521	30	10	0.0952084379574417	0.999801771849513
Staphylococcus	DiseaseCINEndpoint	CIN1	0.934053423909196	0.872139250756815	30	7	0.294404471673011	0.999801771849513
Staphylococcus	DiseaseCINEndpoint	CIN2	0.824269430699112	0.919315489741421	30	7	0.378479061894324	0.999801771849513
Staphylococcus	DiseaseCINEndpoint	SCC	0.500000000000026	1.12592693125165	30	7	0.660805994536786	0.999801771849513
Stenotrophomonas	DiseaseCINEndpoint	CIN1	2.42965279225776	2.19437267540264	30	10	0.294120761572941	0.999801771849513
Stenotrophomonas	DiseaseCINEndpoint	CIN2	1.41389716118401	2.31307189650323	30	10	0.554664977000747	0.999801771849513
Stenotrophomonas	DiseaseCINEndpoint	CIN3	1.10263589835509	2.19437267540264	30	10	0.62620751618155	0.999801771849513
Stenotrophomonas	DiseaseCINEndpoint	SCC	2.85883636931003	2.83292294240235	30	10	0.336698043275234	0.999801771849513
Streptococcus	DiseaseCINEndpoint	CIN2	-1.35911210493309	3.19857237020921	30	19	0.679898571582145	0.999801771849513
Streptococcus	DiseaseCINEndpoint	CIN3	-1.17523345290656	3.03443218522332	30	19	0.7066497050335	0.999801771849513
Streptomyces	DiseaseCINEndpoint	CIN1	0.981385072877521	1.08124925089118	30	7	0.385418876576727	0.999801771849513
Streptomyces	DiseaseCINEndpoint	CIN2	0.49017177579631	1.13973678372232	30	7	0.676261956370575	0.999801771849513
Streptomyces	DiseaseCINEndpoint	CIN3	0.421268827917207	1.08124925089118	30	7	0.70499147555166	0.999801771849513
Turicibacter	DiseaseCINEndpoint	CIN2	3.53725983668352	3.14296680473842	30	6	0.271086387855392	0.999801771849513
Turicibacter	DiseaseCINEndpoint	CIN3	2.14612525948023	2.98168011398253	30	6	0.478341899713113	0.999801771849513
Turicibacter	DiseaseCINEndpoint	SCC	5.27153142033508	3.84933247505739	30	6	0.183030725279235	0.999801771849513
Veillonella	DiseaseCINEndpoint	CIN1	0.831084632713816	1.09036641001701	30	4	0.45306827005664	0.999801771849513
Veillonella	DiseaseCINEndpoint	CIN3	0.577844904196775	1.09036641001701	30	4	0.60081884638536	0.999801771849513
Actinobacillus	DiseaseCINEndpoint	CIN2	-0.225746786642772	3.59742918844247	30	20	0.951200373170783	0.999999999999992
Brevibacillus	DiseaseCINEndpoint	CIN2	4.03049623828149e-14	2.77413114772008	30	5	0.999999999999988	0.999999999999992
Caulobacter	DiseaseCINEndpoint	CIN2	7.1159004927001e-14	0.719442437160927	30	4	0.999999999999923	0.999999999999992
Caulobacter	DiseaseCINEndpoint	SCC	7.45235888812808e-14	0.881133435174309	30	4	0.999999999999934	0.999999999999992
Cloacibacterium	DiseaseCINEndpoint	CIN2	-6.76493218780857e-14	1.46219511033827	30	5	0.999999999999964	0.999999999999992
Corynebacterium	DiseaseCINEndpoint	SCC	-6.62137189465085e-14	2.13192767828374	30	13	0.999999999999976	0.999999999999992
Enhydrobacter	DiseaseCINEndpoint	CIN1	0.14480985290134	1.25322173012204	30	9	0.910296546330899	0.999999999999992
Enterococcus	DiseaseCINEndpoint	CIN3	0.158402787183773	1.24910668768915	30	5	0.90010297351552	0.999999999999992
Enterococcus	DiseaseCINEndpoint	SCC	-5.06539254985228e-14	1.61258979968547	30	5	0.999999999999975	0.999999999999992
Lactobacillus	DiseaseCINEndpoint	CIN2	0.467569877782118	2.36003761993663	30	13	0.846921010315121	0.999999999999992
Odoribacter	DiseaseCINEndpoint	CIN3	-3.9084412201848e-14	0.940564275738267	30	6	0.999999999999968	0.999999999999992
Odoribacter	DiseaseCINEndpoint	SCC	-3.93831811623902e-14	1.21426325865732	30	6	0.999999999999975	0.999999999999992
Porphyromonas	DiseaseCINEndpoint	SCC	-2.45213745001031e-14	2.24277680807476	30	5	0.999999999999992	0.999999999999992
Pseudomonas	DiseaseCINEndpoint	CIN3	-0.203388520922409	1.1963510692495	30	25	0.868394513081581	0.999999999999992
Staphylococcus	DiseaseCINEndpoint	CIN3	0.109351664524061	0.872139250756815	30	7	0.901222981776092	0.999999999999992
Streptococcus	DiseaseCINEndpoint	CIN1	0.53966634623773	3.03443218522332	30	19	0.862393703324939	0.999999999999992
Streptococcus	DiseaseCINEndpoint	SCC	0.00979320233830232	3.91743510618857	30	19	0.998054536879321	0.999999999999992
Streptomyces	DiseaseCINEndpoint	SCC	-4.36889077475217e-14	1.39588678060026	30	7	0.999999999999976	0.999999999999992
Turicibacter	DiseaseCINEndpoint	CIN1	1.00789076679211e-13	2.98168011398253	30	6	0.999999999999973	0.999999999999992
Veillonella	DiseaseCINEndpoint	CIN2	-2.7411708287237e-14	1.14934711326493	30	4	0.999999999999981	0.999999999999992
Veillonella	DiseaseCINEndpoint	SCC	-2.79776202205539e-14	1.40765698241995	30	4	0.999999999999984	0.999999999999992
