feature	metadata	value	coef	stderr	N	N.not.0	pval	qval
Acinetobacter	DiseaseCINEndpoint	Normal	-2.73122643495135	2.90185812211873	30	26	0.368782958315773	0.933209169592671
Acinetobacter	DiseaseCINEndpoint	CIN1	3.79466171948513	1.67538856795535	30	26	0.046972347908999	0.933209169592671
Acinetobacter	DiseaseCINEndpoint	CIN2	1.97920760494258	1.93457208141248	30	26	0.330385501942574	0.933209169592671
Acinetobacter	DiseaseCINEndpoint	SCC	3.24662624616901	2.90185812211872	30	26	0.289376017599912	0.933209169592671
Actinobacillus	DiseaseCINEndpoint	Normal	-1.15719266916758	3.41282098699186	30	20	0.741568000837033	0.933209169592671
Actinobacillus	DiseaseCINEndpoint	CIN1	-3.20123748037416	1.97039311553575	30	20	0.135295222222376	0.933209169592671
Actinobacillus	DiseaseCINEndpoint	CIN2	-1.38293945581038	2.27521399132791	30	20	0.556852503371747	0.933209169592671
Actinobacillus	DiseaseCINEndpoint	SCC	-2.30242287054721	3.41282098699186	30	20	0.51519851963967	0.933209169592671
Adlercreutzia	DiseaseCINEndpoint	Normal	-0.389826634173661	1.1401934445966	30	5	0.735287209168114	0.933209169592671
Adlercreutzia	DiseaseCINEndpoint	CIN2	0.51169717052568	0.7601289630644	30	5	0.507013996502904	0.933209169592671
Adlercreutzia	DiseaseCINEndpoint	SCC	1.15602138791352	1.1401934445966	30	5	0.320351772172473	0.933209169592671
Afipia	DiseaseCINEndpoint	Normal	-3.85606618903514	3.47703483521371	30	10	0.293383973882622	0.933209169592671
Afipia	DiseaseCINEndpoint	CIN1	-1.98726865523545	2.00746699809234	30	10	0.345552102802572	0.933209169592671
Afipia	DiseaseCINEndpoint	CIN2	-0.803867058758319	2.31802322347581	30	10	0.735936012426118	0.933209169592671
Bifidobacterium	DiseaseCINEndpoint	Normal	-0.552132895587089	0.693408284375946	30	7	0.433377866113205	0.933209169592671
Bifidobacterium	DiseaseCINEndpoint	CIN1	-0.138712750841508	0.400339459642769	30	7	0.731875505547724	0.933209169592671
Bifidobacterium	DiseaseCINEndpoint	CIN2	-0.248352548878241	0.462272189583964	30	7	0.595849636514648	0.933209169592671
Brevibacillus	DiseaseCINEndpoint	Normal	-1.11902090504228	2.63177188644374	30	5	0.67433089986746	0.933209169592671
Brevibacillus	DiseaseCINEndpoint	CIN1	0.777900175849126	1.51945420708398	30	5	0.613171903622354	0.933209169592671
Brevibacillus	DiseaseCINEndpoint	CIN2	-1.11902090504228	1.75451459096249	30	5	0.529405980150662	0.933209169592671
Brevibacillus	DiseaseCINEndpoint	SCC	3.82894048618611	2.63177188644374	30	5	0.158141595030668	0.933209169592671
Caulobacter	DiseaseCINEndpoint	Normal	-0.301858140019669	0.682523024043091	30	4	0.667707110659564	0.933209169592671
Caulobacter	DiseaseCINEndpoint	CIN2	-0.301858140019671	0.45501534936206	30	4	0.522071828091811	0.933209169592671
Caulobacter	DiseaseCINEndpoint	SCC	-0.301858140019669	0.682523024043091	30	4	0.667707110659625	0.933209169592671
Cloacibacterium	DiseaseCINEndpoint	Normal	-1.07786044798286	1.3871600796647	30	5	0.455130494188595	0.933209169592671
Cloacibacterium	DiseaseCINEndpoint	CIN1	-0.567226264876759	0.800877245403519	30	5	0.494963489781553	0.933209169592671
Cloacibacterium	DiseaseCINEndpoint	CIN2	-1.07786044798287	0.924773386443135	30	5	0.270847567709252	0.933209169592671
Corynebacterium	DiseaseCINEndpoint	Normal	-0.999202589473918	1.65138407866106	30	13	0.558612476961786	0.933209169592671
Corynebacterium	DiseaseCINEndpoint	CIN1	1.28860959036169	0.953427042350422	30	13	0.206297549654039	0.933209169592671
Corynebacterium	DiseaseCINEndpoint	CIN2	1.25905047909911	1.10092271910737	30	13	0.279414517954922	0.933209169592671
Corynebacterium	DiseaseCINEndpoint	SCC	-0.999202589473918	1.65138407866106	30	13	0.558612476962734	0.933209169592671
Enhydrobacter	DiseaseCINEndpoint	Normal	-0.691011002246474	1.2532217457122	30	9	0.593473569779648	0.933209169592671
Enhydrobacter	DiseaseCINEndpoint	CIN1	-0.54620114934507	0.723547912241229	30	9	0.467719351786215	0.933209169592671
Enhydrobacter	DiseaseCINEndpoint	CIN2	1.09920458161888	0.835481163808131	30	9	0.217653739736025	0.933209169592671
Enhydrobacter	DiseaseCINEndpoint	SCC	3.41281806708545	1.2532217457122	30	9	0.0214409168558165	0.933209169592671
Enterococcus	DiseaseCINEndpoint	CIN1	0.463122881195636	0.721172082383896	30	5	0.52660128549183	0.933209169592671
Enterococcus	DiseaseCINEndpoint	CIN2	1.38920523828448	0.83273779179277	30	5	0.107747146173903	0.933209169592671
Herbaspirillum	DiseaseCINEndpoint	Normal	-1.46742948652079	1.56297363217411	30	9	0.356780453118836	0.933209169592671
Herbaspirillum	DiseaseCINEndpoint	CIN1	-0.992759924203081	0.902383247272007	30	9	0.281746406048575	0.933209169592671
Herbaspirillum	DiseaseCINEndpoint	CIN2	0.865745044502378	1.0419824214494	30	9	0.41391587437576	0.933209169592671
Herbaspirillum	DiseaseCINEndpoint	SCC	-0.967429486520786	1.56297363217411	30	9	0.541537644445884	0.933209169592671
Lactobacillus	DiseaseCINEndpoint	Normal	-1.27770546366912	2.2389282728066	30	13	0.580814696156554	0.933209169592671
Lactobacillus	DiseaseCINEndpoint	CIN1	0.640221730761973	1.29264584100115	30	13	0.63110432785976	0.933209169592671
Lactobacillus	DiseaseCINEndpoint	CIN2	-0.810135585887065	1.49261884853773	30	13	0.599181679869494	0.933209169592671
Micrococcus	DiseaseCINEndpoint	CIN1	0.467171345847866	0.500776174818229	30	10	0.35979745780478	0.933209169592671
Micrococcus	DiseaseCINEndpoint	CIN2	1.37795602810841	0.578246518670112	30	10	0.0250892568602275	0.933209169592671
Micrococcus	DiseaseCINEndpoint	SCC	1.52456550033145	0.867369778005168	30	10	0.0910409246052262	0.933209169592671
Odoribacter	DiseaseCINEndpoint	CIN1	0.82194133176386	0.543035037784633	30	6	0.161070832908911	0.933209169592671
Odoribacter	DiseaseCINEndpoint	CIN2	1.26491275033188	0.627042850488713	30	6	0.0713048709927618	0.933209169592671
Oscillospira	DiseaseCINEndpoint	CIN1	0.422329730124672	1.12785675061951	30	8	0.71588524535333	0.933209169592671
Oscillospira	DiseaseCINEndpoint	CIN2	2.14721546704064	1.30233679715502	30	8	0.130217349039928	0.933209169592671
Oscillospira	DiseaseCINEndpoint	SCC	1.69141627378802	1.95350519573253	30	8	0.406873004382622	0.933209169592671
Porphyromonas	DiseaseCINEndpoint	Normal	-0.823218048289608	1.73724744966238	30	5	0.645773542768457	0.933209169592671
Porphyromonas	DiseaseCINEndpoint	SCC	-0.823218048289608	1.73724744966238	30	5	0.645773542768258	0.933209169592671
Prevotella	DiseaseCINEndpoint	Normal	2.19608881806492	1.28770134438461	30	9	0.100510344453174	0.933209169592671
Prevotella	DiseaseCINEndpoint	SCC	2.9101914056869	1.28770134438461	30	9	0.0327855865410377	0.933209169592671
Propionibacterium	DiseaseCINEndpoint	Normal	-1.1362070245264	1.43834172278871	30	13	0.436990489938614	0.933209169592671
Propionibacterium	DiseaseCINEndpoint	CIN1	1.66530183717756	0.83042698083873	30	13	0.0558644607922334	0.933209169592671
Propionibacterium	DiseaseCINEndpoint	SCC	-0.636207024526397	1.43834172278871	30	13	0.662060915242464	0.933209169592671
Pseudomonas	DiseaseCINEndpoint	CIN1	1.65863032985476	0.690713611874497	30	25	0.0372310319563288	0.933209169592671
Pseudomonas	DiseaseCINEndpoint	CIN2	0.638798091746562	0.797567379497359	30	25	0.441784395745894	0.933209169592671
Pseudomonas	DiseaseCINEndpoint	SCC	0.660112224249327	1.19635106924604	30	25	0.593220361528771	0.933209169592671
Ruminococcus	DiseaseCINEndpoint	CIN1	0.235899066999803	0.617408317479918	30	5	0.710396532802065	0.933209169592671
Ruminococcus	DiseaseCINEndpoint	CIN2	0.439777308284391	0.712921716593889	30	5	0.551108170352755	0.933209169592671
Ruminococcus	DiseaseCINEndpoint	SCC	0.371629696077375	1.06938257489083	30	5	0.735405522389651	0.933209169592671
Sediminibacterium	DiseaseCINEndpoint	Normal	2.06743179428373	1.31464609458018	30	10	0.128379709974481	0.933209169592671
Sediminibacterium	DiseaseCINEndpoint	CIN1	0.463150022848746	0.759011276594954	30	10	0.547235490510536	0.933209169592671
Sediminibacterium	DiseaseCINEndpoint	CIN2	-0.354366589552538	0.876430729720117	30	10	0.689408965946999	0.933209169592671
Sediminibacterium	DiseaseCINEndpoint	SCC	-0.875765322089863	1.31464609458018	30	10	0.511409414945052	0.933209169592671
Staphylococcus	DiseaseCINEndpoint	CIN1	0.824701759385141	0.503529831195286	30	7	0.11398190202697	0.933209169592671
Staphylococcus	DiseaseCINEndpoint	CIN2	0.714917766175057	0.58142616717121	30	7	0.230296309450075	0.933209169592671
Staphylococcus	DiseaseCINEndpoint	SCC	0.390648335475971	0.872139250756816	30	7	0.658068752076839	0.933209169592671
Stenotrophomonas	DiseaseCINEndpoint	Normal	-1.10263589835511	2.1943726754108	30	10	0.62620751618703	0.933209169592671
Stenotrophomonas	DiseaseCINEndpoint	CIN1	1.32701689390266	1.26692165485078	30	10	0.319555760628241	0.933209169592671
Stenotrophomonas	DiseaseCINEndpoint	SCC	1.75620047095493	2.1943726754108	30	10	0.442123369392245	0.933209169592671
Streptococcus	DiseaseCINEndpoint	Normal	1.17523345290662	3.03443218513812	30	19	0.706649704976084	0.933209169592671
Streptococcus	DiseaseCINEndpoint	CIN1	1.71489979914429	1.75193023892716	30	19	0.350734470756018	0.933209169592671
Streptococcus	DiseaseCINEndpoint	SCC	1.18502665524487	3.03443218513812	30	19	0.704337163375935	0.933209169592671
Streptomyces	DiseaseCINEndpoint	Normal	-0.421268827917266	1.08124925089004	30	7	0.704991475553863	0.933209169592671
Streptomyces	DiseaseCINEndpoint	CIN1	0.560116244960299	0.624259546062446	30	7	0.390675947837635	0.933209169592671
Streptomyces	DiseaseCINEndpoint	SCC	-0.421268827917266	1.08124925089004	30	7	0.704991475553509	0.933209169592671
Turicibacter	DiseaseCINEndpoint	Normal	-2.14612525948011	2.98168011398253	30	6	0.478341899713141	0.933209169592671
Turicibacter	DiseaseCINEndpoint	CIN1	-2.14612525948011	1.72147381644517	30	6	0.224069956616975	0.933209169592671
Turicibacter	DiseaseCINEndpoint	CIN2	1.39113457720332	1.98778674265502	30	6	0.490488158963174	0.933209169592671
Turicibacter	DiseaseCINEndpoint	SCC	3.12540616085487	2.98168011398253	30	6	0.304573604754542	0.933209169592671
Veillonella	DiseaseCINEndpoint	Normal	-0.577844904196809	1.09036641001701	30	4	0.600818846385414	0.933209169592671
Veillonella	DiseaseCINEndpoint	CIN1	0.253239728517035	0.629523340338649	30	4	0.690902571329116	0.933209169592671
Veillonella	DiseaseCINEndpoint	CIN2	-0.577844904196809	0.726910940011343	30	4	0.434135373034055	0.933209169592671
Veillonella	DiseaseCINEndpoint	SCC	-0.577844904196809	1.09036641001701	30	4	0.600818846385414	0.933209169592671
Caulobacter	DiseaseCINEndpoint	CIN1	0.129092339368422	0.394054851659396	30	4	0.749969428813319	0.933295289189907
Porphyromonas	DiseaseCINEndpoint	CIN2	0.356682855528767	1.15816496644159	30	5	0.764422430797442	0.940827607135313
Lactobacillus	DiseaseCINEndpoint	SCC	0.623549840347491	2.2389282728066	30	13	0.786299778058526	0.947775323498029
Micrococcus	DiseaseCINEndpoint	Normal	-0.208110273271868	0.867369778005168	30	10	0.812338939627732	0.947775323498029
Oscillospira	DiseaseCINEndpoint	Normal	-0.50222131370097	1.95350519573253	30	8	0.802323782413738	0.947775323498029
Porphyromonas	DiseaseCINEndpoint	CIN1	-0.244445825572359	1.00300028271157	30	5	0.812378848712596	0.947775323498029
Ruminococcus	DiseaseCINEndpoint	Normal	-0.268237889689911	1.06938257489083	30	5	0.807020840984662	0.947775323498029
Prevotella	DiseaseCINEndpoint	CIN1	0.150714924296868	0.7434547178163	30	9	0.840992838531189	0.961134672607073
Stenotrophomonas	DiseaseCINEndpoint	CIN2	0.311261262828912	1.46291511694053	30	10	0.835782710892947	0.961134672607073
Adlercreutzia	DiseaseCINEndpoint	CIN1	0.0833210371639267	0.658290992166094	30	5	0.900291859287522	0.961304513894529
Afipia	DiseaseCINEndpoint	SCC	0.446916235793635	3.47703483521371	30	10	0.90027489454742	0.961304513894529
Cloacibacterium	DiseaseCINEndpoint	SCC	0.196013420606011	1.3871600796647	30	5	0.890434578552591	0.961304513894529
Enterococcus	DiseaseCINEndpoint	Normal	-0.158402787183833	1.24910668768916	30	5	0.900102973515483	0.961304513894529
Enterococcus	DiseaseCINEndpoint	SCC	-0.158402787183833	1.24910668768916	30	5	0.900102973515483	0.961304513894529
Pseudomonas	DiseaseCINEndpoint	Normal	0.203388520922409	1.19635106924604	30	25	0.868394513078826	0.961304513894529
Staphylococcus	DiseaseCINEndpoint	Normal	-0.109351664524029	0.872139250756816	30	7	0.901222981776121	0.961304513894529
Propionibacterium	DiseaseCINEndpoint	CIN2	-0.0948278828162194	0.958894481859139	30	13	0.922011980613337	0.963791239430263
Streptococcus	DiseaseCINEndpoint	CIN2	-0.183878652026526	2.02295479009208	30	19	0.929370123736325	0.963791239430263
Streptomyces	DiseaseCINEndpoint	CIN2	0.0689029478790882	0.720832833926694	30	7	0.925736226323192	0.963791239430263
Bifidobacterium	DiseaseCINEndpoint	SCC	-0.0521328955870892	0.693408284375946	30	7	0.940667072472107	0.966556991897945
Odoribacter	DiseaseCINEndpoint	Normal	5.48223895699015e-15	0.94056427573307	30	6	0.999999999999995	0.999999999999996
Odoribacter	DiseaseCINEndpoint	SCC	5.45932373344457e-15	0.94056427573307	30	6	0.999999999999996	0.999999999999996
Prevotella	DiseaseCINEndpoint	CIN2	-0.017052003840453	0.858467562923076	30	9	0.98431010257361	0.999999999999996
