feature	metadata	value	coef	stderr	N	N.not.0	pval	qval
Propionibacterium	InfectStageDEM	Early Infection (4 & 6wpi)	3.57542659018642	1.11216287347724	31	27	0.00327952464131989	0.118062887087516
Propionibacterium	InfectStageDEM	Mid Infection (8-10-12wpi)	3.39647839770439	1.04033310771046	31	27	0.00288857835163663	0.118062887087516
Corynebacterium	InfectStageDEM	Early Infection (4 & 6wpi)	2.53850314817642	1.04824241882441	31	16	0.0221768693286497	0.446631579070406
Kocuria	InfectStageDEM	Early Infection (4 & 6wpi)	1.80550767967295	0.807364872868794	31	7	0.0334801215451552	0.446631579070406
Parabacteroides	InfectStageDEM	Early Infection (4 & 6wpi)	-0.789081756117632	0.36072829518288	31	4	0.0372192982558672	0.446631579070406
Parabacteroides	InfectStageDEM	Mid Infection (8-10-12wpi)	-0.764840235191591	0.337430422572348	31	4	0.0313291900952554	0.446631579070406
Cytophaga	InfectStageDEM	Early Infection (4 & 6wpi)	1.11863270323153	0.562679523702945	31	9	0.0585373842934528	0.468299074347622
Massilia	InfectStageDEM	Mid Infection (8-10-12wpi)	-0.693905517447422	0.335861526564261	31	4	0.0481880289706606	0.468299074347622
Staphylococcus	InfectStageDEM	Mid Infection (8-10-12wpi)	2.04837159504975	1.03761832809007	31	22	0.0583088548754627	0.468299074347622
Massilia	InfectStageDEM	Early Infection (4 & 6wpi)	-0.669587002471013	0.359051074800668	31	4	0.0727113380091461	0.523521633665852
Paracoccus	InfectStageDEM	Mid Infection (8-10-12wpi)	1.81411984156753	1.01192899509304	31	5	0.0850884375790708	0.556942500517554
Burkholderia	InfectStageDEM	Early Infection (4 & 6wpi)	-1.04345735661898	0.643924305994786	31	7	0.116341575878259	0.698049455269557
Flavobacterium	InfectStageDEM	Mid Infection (8-10-12wpi)	0.58466627328916	0.414795459390338	31	4	0.170888458570384	0.723762883356921
Porphyromonas	InfectStageDEM	Mid Infection (8-10-12wpi)	0.653547229966422	0.434820480823015	31	6	0.145233361901657	0.723762883356921
Pseudomonas	InfectStageDEM	Mid Infection (8-10-12wpi)	-0.818855126870943	0.562062156548059	31	31	0.157633595877203	0.723762883356921
Saccharopolyspora	InfectStageDEM	Mid Infection (8-10-12wpi)	0.778020692861652	0.547736154735514	31	4	0.1676825166987	0.723762883356921
Turicibacter	InfectStageDEM	Early Infection (4 & 6wpi)	0.743832963853242	0.486623465746169	31	4	0.137593193595055	0.723762883356921
Anaerococcus	InfectStageDEM	Mid Infection (8-10-12wpi)	0.681882273974654	0.577135412021742	31	5	0.247344417133204	0.742316059662087
Fusobacterium	InfectStageDEM	Early Infection (4 & 6wpi)	0.795106667455018	0.650216632607692	31	7	0.232754138472896	0.742316059662087
Fusobacterium	InfectStageDEM	Mid Infection (8-10-12wpi)	0.763819745418476	0.608617257689361	31	7	0.220969825821597	0.742316059662087
Mucispirillum	InfectStageDEM	Mid Infection (8-10-12wpi)	-0.622945862449301	0.521542645255384	31	9	0.243493531299255	0.742316059662087
Staphylococcus	InfectStageDEM	Early Infection (4 & 6wpi)	1.435401982248	1.10926065198578	31	22	0.206231748006055	0.742316059662087
Streptococcus	InfectStageDEM	Mid Infection (8-10-12wpi)	1.57455726454835	1.20002561012473	31	20	0.200141018729065	0.742316059662087
Veillonella	InfectStageDEM	Early Infection (4 & 6wpi)	-0.890890600113791	0.751993278197602	31	10	0.247438686554029	0.742316059662087
Prevotella	InfectStageDEM	Mid Infection (8-10-12wpi)	-1.27412605840084	1.12944053240119	31	15	0.270640372899588	0.779444273950814
Bacillus	InfectStageDEM	Early Infection (4 & 6wpi)	0.487251639788218	0.464975363634503	31	8	0.303642513682892	0.780795035184579
Bacteroides	InfectStageDEM	Mid Infection (8-10-12wpi)	-0.832903762848884	0.768674324160103	31	9	0.288910361970067	0.780795035184579
Cellvibrio	InfectStageDEM	Mid Infection (8-10-12wpi)	0.499024814800797	0.466349267382603	31	5	0.29473035606255	0.780795035184579
Acinetobacter	InfectStageDEM	Early Infection (4 & 6wpi)	-0.491866352606814	0.486560318683443	31	31	0.320718347154395	0.796266241210912
Actinomyces	InfectStageDEM	Mid Infection (8-10-12wpi)	0.288201643997716	0.301236458945525	31	4	0.347837586343909	0.80285260257523
Faecalibacterium	InfectStageDEM	Mid Infection (8-10-12wpi)	0.407465885583427	0.430653720641749	31	4	0.353014723600114	0.80285260257523
Pseudomonas	InfectStageDEM	Early Infection (4 & 6wpi)	-0.551552248266717	0.600716682529928	31	31	0.367387786684435	0.80285260257523
Streptococcus	InfectStageDEM	Early Infection (4 & 6wpi)	1.17391256525237	1.2828813395546	31	20	0.367974109513647	0.80285260257523
Cellvibrio	InfectStageDEM	Early Infection (4 & 6wpi)	0.427603716232486	0.498294668889868	31	5	0.39895307192051	0.844841799361079
Actinomyces	InfectStageDEM	Early Infection (4 & 6wpi)	0.260243292325681	0.321994832905916	31	4	0.42660435169995	0.877586094925612
Acidovorax	InfectStageDEM	Early Infection (4 & 6wpi)	-0.457202600007207	0.591697414798385	31	6	0.446175909986012	0.880264692556922
Anaerococcus	InfectStageDEM	Early Infection (4 & 6wpi)	0.460944087634318	0.616983707874278	31	5	0.461235633048533	0.880264692556922
Faecalibacterium	InfectStageDEM	Early Infection (4 & 6wpi)	0.341591384660898	0.459973063573224	31	4	0.464584143293931	0.880264692556922
Anaerobacillus	InfectStageDEM	Early Infection (4 & 6wpi)	-0.748654805258487	1.06235852686719	31	11	0.486811499329754	0.898728921839546
Lactobacillus	InfectStageDEM	Mid Infection (8-10-12wpi)	-0.975495443343882	1.48004874389262	31	8	0.515217924933691	0.927392264880644
Stenotrophomonas	InfectStageDEM	Mid Infection (8-10-12wpi)	0.381974611840994	0.608548957865917	31	9	0.535298921441381	0.940037130336084
Acidovorax	InfectStageDEM	Mid Infection (8-10-12wpi)	-0.195065824471243	0.553482250703855	31	6	0.727152069769473	0.969536093025965
Acinetobacter	InfectStageDEM	Mid Infection (8-10-12wpi)	-0.172446612911793	0.455135502628247	31	31	0.707627019128615	0.969536093025965
Anaerobacillus	InfectStageDEM	Mid Infection (8-10-12wpi)	0.481001036469729	0.993745407363723	31	11	0.632130051097622	0.969536093025965
Clostridium	InfectStageDEM	Mid Infection (8-10-12wpi)	-0.395082150162876	0.811928748956377	31	5	0.630331114849914	0.969536093025965
Corynebacterium	InfectStageDEM	Mid Infection (8-10-12wpi)	0.548861487975958	0.980540997381037	31	16	0.580098248700144	0.969536093025965
Kocuria	InfectStageDEM	Mid Infection (8-10-12wpi)	0.36342173372682	0.755220685097831	31	7	0.634104734789571	0.969536093025965
Lactobacillus	InfectStageDEM	Early Infection (4 & 6wpi)	-0.626544090606736	1.58223866153466	31	8	0.695116903119929	0.969536093025965
Mucispirillum	InfectStageDEM	Early Infection (4 & 6wpi)	-0.291222419308758	0.557024180230669	31	9	0.605725154757234	0.969536093025965
Porphyromonas	InfectStageDEM	Early Infection (4 & 6wpi)	0.257800676014035	0.464519596442448	31	6	0.583817909885792	0.969536093025965
Prevotella	InfectStageDEM	Early Infection (4 & 6wpi)	-0.427909641354282	1.20643425638392	31	15	0.726011816517693	0.969536093025965
Ruminococcus	InfectStageDEM	Mid Infection (8-10-12wpi)	0.232746351550149	0.506945660610589	31	6	0.650685850623853	0.969536093025965
Streptomyces	InfectStageDEM	Early Infection (4 & 6wpi)	0.517790174180302	1.20185370972933	31	27	0.669893206999233	0.969536093025965
Turicibacter	InfectStageDEM	Mid Infection (8-10-12wpi)	0.175634002533692	0.455194571296672	31	4	0.702528499149891	0.969536093025965
Burkholderia	InfectStageDEM	Mid Infection (8-10-12wpi)	-0.201102933079997	0.602336034012169	31	7	0.740964078907273	0.96998933966043
Bacillus	InfectStageDEM	Mid Infection (8-10-12wpi)	0.114083654432034	0.434944626002734	31	8	0.79501444840047	0.997066856643676
Oscillospira	InfectStageDEM	Early Infection (4 & 6wpi)	0.16562741145824	0.687190668194093	31	5	0.812145077398389	0.997066856643676
Ruminococcus	InfectStageDEM	Early Infection (4 & 6wpi)	0.12646066670436	0.539947428674829	31	6	0.817040896416346	0.997066856643676
Stenotrophomonas	InfectStageDEM	Early Infection (4 & 6wpi)	-0.183976154589909	0.650566200975027	31	9	0.779414971096604	0.997066856643676
Cytophaga	InfectStageDEM	Mid Infection (8-10-12wpi)	0.112778080072762	0.527539306452042	31	9	0.832533421749965	0.999040106099959
Bacteroides	InfectStageDEM	Early Infection (4 & 6wpi)	-0.073066590685998	0.821156081407198	31	9	0.929812176925449	0.999201145352721
Clostridium	InfectStageDEM	Early Infection (4 & 6wpi)	0.0864530650814164	0.86798834316193	31	5	0.921370297636147	0.999201145352721
Coprococcus	InfectStageDEM	Early Infection (4 & 6wpi)	-0.0758312629405462	0.494241490262218	31	5	0.879159957193197	0.999201145352721
Micrococcus	InfectStageDEM	Early Infection (4 & 6wpi)	-0.181243701849699	1.11536249167199	31	14	0.872081088552637	0.999201145352721
Saccharopolyspora	InfectStageDEM	Early Infection (4 & 6wpi)	0.0999999999999727	0.585013862909443	31	4	0.865641584528937	0.999201145352721
Streptomyces	InfectStageDEM	Mid Infection (8-10-12wpi)	-0.133955684949999	1.1242312027076	31	27	0.906004811081582	0.999201145352721
Veillonella	InfectStageDEM	Mid Infection (8-10-12wpi)	0.0916977421297132	0.703551655282599	31	10	0.897353261414938	0.999201145352721
Coprococcus	InfectStageDEM	Mid Infection (8-10-12wpi)	-0.00621982216789172	0.462320580722447	31	5	0.989361401290445	1
Flavobacterium	InfectStageDEM	Early Infection (4 & 6wpi)	-4.52427402344544e-15	0.443176001667756	31	4	0.999999999999992	1
Micrococcus	InfectStageDEM	Mid Infection (8-10-12wpi)	-0.0527609066323335	1.04332607647378	31	14	0.960027274018112	1
Oscillospira	InfectStageDEM	Mid Infection (8-10-12wpi)	-0.0153495902917456	0.64585723623057	31	5	0.981284163394191	1
Paracoccus	InfectStageDEM	Early Infection (4 & 6wpi)	-6.82586211119964e-16	1.08166220229269	31	5	1	1
