feature	metadata	value	coef	stderr	N	N.not.0	pval	qval
Acinetobacter	DiseaseCINEndpoint	Normal	-4.71043403989393	3.05882703751807	30	26	0.154595599245258	0.894126457460404
Brevibacillus	DiseaseCINEndpoint	SCC	4.9479613912284	2.77413114772008	30	5	0.0866331369930697	0.894126457460404
Cloacibacterium	DiseaseCINEndpoint	CIN3	1.07786044798284	0.924773386441722	30	5	0.270847567711817	0.894126457460404
Corynebacterium	DiseaseCINEndpoint	Normal	-2.25825306857304	1.74071166009209	30	13	0.223652193041748	0.894126457460404
Corynebacterium	DiseaseCINEndpoint	CIN3	-1.25905047909912	1.10092271910076	30	13	0.279414517956376	0.894126457460404
Corynebacterium	DiseaseCINEndpoint	SCC	-2.25825306857304	1.74071166009209	30	13	0.223652193041186	0.894126457460404
Enhydrobacter	DiseaseCINEndpoint	Normal	-1.79021558386537	1.32101170990069	30	9	0.205177512783405	0.894126457460404
Enhydrobacter	DiseaseCINEndpoint	CIN1	-1.64540573096396	0.835481163807957	30	9	0.0772199799963912	0.894126457460404
Enhydrobacter	DiseaseCINEndpoint	CIN3	-1.0992045816189	0.835481163807957	30	9	0.217653739738066	0.894126457460404
Enhydrobacter	DiseaseCINEndpoint	SCC	2.31361348546655	1.32101170990069	30	9	0.11043141290037	0.894126457460404
Enterococcus	DiseaseCINEndpoint	Normal	-1.54760802546833	1.31667405788211	30	5	0.250911140623643	0.894126457460404
Enterococcus	DiseaseCINEndpoint	CIN1	-0.926082357088861	0.83273779179277	30	5	0.27667821778701	0.894126457460404
Enterococcus	DiseaseCINEndpoint	CIN3	-1.38920523828451	0.83273779179277	30	5	0.107747146174028	0.894126457460404
Enterococcus	DiseaseCINEndpoint	SCC	-1.54760802546833	1.31667405788211	30	5	0.250911140623549	0.894126457460404
Herbaspirillum	DiseaseCINEndpoint	Normal	-2.33317453102316	1.6475188668188	30	9	0.169064042259479	0.894126457460404
Herbaspirillum	DiseaseCINEndpoint	CIN1	-1.85850496870545	1.0419824214494	30	9	0.0866303882514792	0.894126457460404
Herbaspirillum	DiseaseCINEndpoint	SCC	-1.83317453102316	1.6475188668188	30	9	0.276427629961492	0.894126457460404
Micrococcus	DiseaseCINEndpoint	Normal	-1.58606630138028	0.914288024030316	30	10	0.0950988295114999	0.894126457460404
Micrococcus	DiseaseCINEndpoint	CIN1	-0.910784682260547	0.578246518670111	30	10	0.127809371431694	0.894126457460404
Micrococcus	DiseaseCINEndpoint	CIN3	-1.37795602810841	0.578246518670111	30	10	0.025089256860217	0.894126457460404
Odoribacter	DiseaseCINEndpoint	Normal	-1.26491275033186	0.991441799037186	30	6	0.23085260776348	0.894126457460404
Odoribacter	DiseaseCINEndpoint	CIN3	-1.26491275033186	0.627042850490488	30	6	0.0713048709993874	0.894126457460404
Odoribacter	DiseaseCINEndpoint	SCC	-1.26491275033186	0.991441799037186	30	6	0.230852607765321	0.894126457460404
Oscillospira	DiseaseCINEndpoint	Normal	-2.64943678074161	2.05917527982927	30	8	0.227203556072778	0.894126457460404
Oscillospira	DiseaseCINEndpoint	CIN1	-1.72488573691597	1.30233679715502	30	8	0.214823082716037	0.894126457460404
Oscillospira	DiseaseCINEndpoint	CIN3	-2.14721546704064	1.30233679715502	30	8	0.130217349042489	0.894126457460404
Prevotella	DiseaseCINEndpoint	Normal	2.21314082190537	1.35735639810542	30	9	0.115536457620276	0.894126457460404
Prevotella	DiseaseCINEndpoint	SCC	2.92724340952735	1.35735639810542	30	9	0.0408524250314425	0.894126457460404
Propionibacterium	DiseaseCINEndpoint	CIN1	1.76012971999379	0.958894481859138	30	13	0.0783432202226101	0.894126457460404
Pseudomonas	DiseaseCINEndpoint	CIN1	1.0198322381082	0.797567379503909	30	25	0.229887666576659	0.894126457460404
Sediminibacterium	DiseaseCINEndpoint	Normal	2.42179838383625	1.3857586586395	30	10	0.0928015356247758	0.894126457460404
Staphylococcus	DiseaseCINEndpoint	CIN3	-0.714917766175043	0.58142616717121	30	7	0.230296309449854	0.894126457460404
Turicibacter	DiseaseCINEndpoint	Normal	-3.53725983668339	3.14296680473842	30	6	0.271086387855414	0.894126457460404
Turicibacter	DiseaseCINEndpoint	CIN1	-3.53725983668339	1.98778674265502	30	6	0.0873198027573372	0.894126457460404
Veillonella	DiseaseCINEndpoint	CIN1	0.831084632713834	0.726910940011342	30	4	0.263740416198685	0.894126457460404
Brevibacillus	DiseaseCINEndpoint	CIN1	1.89692108089142	1.75451459096249	30	5	0.289942890270347	0.902044547507745
Acinetobacter	DiseaseCINEndpoint	CIN1	1.81545411454255	1.93457208141248	30	26	0.370137501016667	0.932060390898739
Acinetobacter	DiseaseCINEndpoint	CIN3	-1.97920760494258	1.93457208141248	30	26	0.330385501942894	0.932060390898739
Actinobacillus	DiseaseCINEndpoint	CIN1	-1.81829802456377	2.27521399141024	30	20	0.442756061407215	0.932060390898739
Actinobacillus	DiseaseCINEndpoint	CIN3	1.38293945581039	2.27521399141024	30	20	0.556852503385786	0.932060390898739
Adlercreutzia	DiseaseCINEndpoint	Normal	-0.901523804699346	1.20186941937275	30	5	0.460195297060059	0.932060390898739
Adlercreutzia	DiseaseCINEndpoint	CIN1	-0.428376133361758	0.7601289630644	30	5	0.578076055755658	0.932060390898739
Adlercreutzia	DiseaseCINEndpoint	CIN3	-0.511697170525688	0.7601289630644	30	5	0.507013996502891	0.932060390898739
Adlercreutzia	DiseaseCINEndpoint	SCC	0.644324217387832	1.20186941937275	30	5	0.596626553808142	0.932060390898739
Afipia	DiseaseCINEndpoint	Normal	-3.05219913027681	3.66511652758816	30	10	0.424416776621419	0.932060390898739
Bifidobacterium	DiseaseCINEndpoint	CIN3	0.248352548878228	0.462272189583964	30	7	0.595849636514673	0.932060390898739
Brevibacillus	DiseaseCINEndpoint	CIN3	1.1190209050423	1.75451459096249	30	5	0.529405980150702	0.932060390898739
Caulobacter	DiseaseCINEndpoint	CIN1	0.430950479388111	0.455015349362755	30	4	0.365906045517883	0.932060390898739
Caulobacter	DiseaseCINEndpoint	CIN3	0.301858140019695	0.455015349362755	30	4	0.522071828091093	0.932060390898739
Cloacibacterium	DiseaseCINEndpoint	CIN1	0.510634183106088	0.924773386441722	30	5	0.592955592671635	0.932060390898739
Cloacibacterium	DiseaseCINEndpoint	SCC	1.27387386858886	1.46219511033146	30	5	0.404071281657348	0.932060390898739
Herbaspirillum	DiseaseCINEndpoint	CIN3	-0.865745044502366	1.0419824214494	30	9	0.413915874375769	0.932060390898739
Lactobacillus	DiseaseCINEndpoint	CIN1	1.45035731664905	1.49261884851193	30	13	0.354122889104527	0.932060390898739
Lactobacillus	DiseaseCINEndpoint	CIN3	0.81013558588708	1.49261884851193	30	13	0.599181679863475	0.932060390898739
Lactobacillus	DiseaseCINEndpoint	SCC	1.43368542623457	2.36003761989776	30	13	0.557071911154692	0.932060390898739
Odoribacter	DiseaseCINEndpoint	CIN1	-0.442971418568009	0.627042850490488	30	6	0.49604127390443	0.932060390898739
Porphyromonas	DiseaseCINEndpoint	Normal	-1.17990090381837	1.83121960008394	30	5	0.533864328437579	0.932060390898739
Porphyromonas	DiseaseCINEndpoint	SCC	-1.17990090381837	1.83121960008394	30	5	0.533864328437972	0.932060390898739
Propionibacterium	DiseaseCINEndpoint	Normal	-1.04137914171017	1.51614529922094	30	13	0.498493458397351	0.932060390898739
Pseudomonas	DiseaseCINEndpoint	CIN3	-0.638798091746558	0.797567379503909	30	25	0.441784395750907	0.932060390898739
Ruminococcus	DiseaseCINEndpoint	Normal	-0.70801519797431	1.12722820890439	30	5	0.54401358873642	0.932060390898739
Ruminococcus	DiseaseCINEndpoint	CIN3	-0.439777308284404	0.712921716585995	30	5	0.551108170347941	0.932060390898739
Sediminibacterium	DiseaseCINEndpoint	CIN1	0.817516612401264	0.876430729720117	30	10	0.359855694373518	0.932060390898739
Staphylococcus	DiseaseCINEndpoint	Normal	-0.824269430699077	0.919315489741422	30	7	0.378479061894419	0.932060390898739
Stenotrophomonas	DiseaseCINEndpoint	Normal	-1.41389716118402	2.31307189652699	30	10	0.554664977007125	0.932060390898739
Stenotrophomonas	DiseaseCINEndpoint	CIN1	1.01575563107375	1.46291511695012	30	10	0.50328231395739	0.932060390898739
Stenotrophomonas	DiseaseCINEndpoint	SCC	1.44493920812601	2.31307189652699	30	10	0.546166536101084	0.932060390898739
Streptococcus	DiseaseCINEndpoint	CIN1	1.89877845117084	2.02295479008845	30	19	0.370044733523699	0.932060390898739
Streptomyces	DiseaseCINEndpoint	CIN1	0.491213297081195	0.72083283392287	30	7	0.511057693721641	0.932060390898739
Turicibacter	DiseaseCINEndpoint	CIN3	-1.39113457720326	1.98778674265502	30	6	0.490488158963189	0.932060390898739
Turicibacter	DiseaseCINEndpoint	SCC	1.73427158365159	3.14296680473842	30	6	0.585988377609724	0.932060390898739
Veillonella	DiseaseCINEndpoint	CIN3	0.577844904196793	0.726910940011342	30	4	0.434135373033934	0.932060390898739
Afipia	DiseaseCINEndpoint	CIN1	-1.18340159647712	2.31802322342119	30	10	0.620765417781121	0.939536848533588
Porphyromonas	DiseaseCINEndpoint	CIN1	-0.601128681101123	1.15816496644159	30	5	0.615027715282483	0.939536848533588
Acinetobacter	DiseaseCINEndpoint	SCC	1.26741864122643	3.05882703751807	30	26	0.687367174793692	0.95259823633719
Afipia	DiseaseCINEndpoint	CIN3	0.803867058758322	2.31802322342119	30	10	0.735936012313428	0.95259823633719
Afipia	DiseaseCINEndpoint	SCC	1.25078329455195	3.66511652758816	30	10	0.739964701440496	0.95259823633719
Bifidobacterium	DiseaseCINEndpoint	Normal	-0.303780346708856	0.730916509019246	30	7	0.681237099326218	0.95259823633719
Propionibacterium	DiseaseCINEndpoint	SCC	-0.541379141710171	1.51614529922094	30	13	0.724031453274608	0.95259823633719
Pseudomonas	DiseaseCINEndpoint	Normal	-0.43540957082415	1.26106475334212	30	25	0.737042865861266	0.95259823633719
Sediminibacterium	DiseaseCINEndpoint	CIN3	0.354366589552506	0.876430729720117	30	10	0.689408965947025	0.95259823633719
Sediminibacterium	DiseaseCINEndpoint	SCC	-0.521398732537345	1.3857586586395	30	10	0.709901555116389	0.95259823633719
Staphylococcus	DiseaseCINEndpoint	SCC	-0.324269430699077	0.919315489741422	30	7	0.727248040967228	0.95259823633719
Streptococcus	DiseaseCINEndpoint	Normal	1.35911210493316	3.19857237011367	30	19	0.679898571430938	0.95259823633719
Streptococcus	DiseaseCINEndpoint	SCC	1.36890530727141	3.19857237011367	30	19	0.677740721086926	0.95259823633719
Streptomyces	DiseaseCINEndpoint	Normal	-0.490171775796373	1.13973678371508	30	7	0.676261956370238	0.95259823633719
Streptomyces	DiseaseCINEndpoint	SCC	-0.490171775796373	1.13973678371508	30	7	0.676261956369985	0.95259823633719
Porphyromonas	DiseaseCINEndpoint	CIN3	-0.356682855528763	1.15816496644159	30	5	0.764422430795684	0.972901275558143
Ruminococcus	DiseaseCINEndpoint	CIN1	-0.203878241284596	0.712921716585995	30	5	0.780733310001197	0.982495850788023
Actinobacillus	DiseaseCINEndpoint	SCC	-0.919483414736818	3.59742918856957	30	20	0.803444314088798	0.983474971174658
Bifidobacterium	DiseaseCINEndpoint	CIN1	0.109639798036725	0.462272189583964	30	7	0.814453190778598	0.983474971174658
Bifidobacterium	DiseaseCINEndpoint	SCC	0.196219653291144	0.730916509019246	30	7	0.790550433079419	0.983474971174658
Lactobacillus	DiseaseCINEndpoint	Normal	-0.467569877782047	2.36003761989776	30	13	0.846921010312416	0.983474971174658
Oscillospira	DiseaseCINEndpoint	SCC	-0.455799193252622	2.05917527982927	30	8	0.829274110858623	0.983474971174658
Prevotella	DiseaseCINEndpoint	CIN1	0.167766928137323	0.858467562923076	30	9	0.846639086058733	0.983474971174658
Staphylococcus	DiseaseCINEndpoint	CIN1	0.109783993210093	0.58142616717121	30	7	0.851759573249481	0.983474971174658
Stenotrophomonas	DiseaseCINEndpoint	CIN3	-0.311261262828919	1.46291511695012	30	10	0.835782710893138	0.983474971174658
Micrococcus	DiseaseCINEndpoint	SCC	0.146609472223035	0.914288024030316	30	10	0.873891118306721	0.998732706636253
Actinobacillus	DiseaseCINEndpoint	Normal	0.225746786642805	3.59742918856957	30	20	0.951200373173645	0.999999999999996
Brevibacillus	DiseaseCINEndpoint	Normal	1.34891607974744e-14	2.77413114772008	30	5	0.999999999999996	0.999999999999996
Caulobacter	DiseaseCINEndpoint	Normal	2.08951208025319e-14	0.719442437161775	30	4	0.999999999999977	0.999999999999996
Caulobacter	DiseaseCINEndpoint	SCC	2.09494734138382e-14	0.719442437161775	30	4	0.999999999999977	0.999999999999996
Cloacibacterium	DiseaseCINEndpoint	Normal	-1.74171761550435e-14	1.46219511033146	30	5	0.999999999999991	0.999999999999996
Corynebacterium	DiseaseCINEndpoint	CIN1	0.0295591112625746	1.10092271910076	30	13	0.979108110083508	0.999999999999996
Prevotella	DiseaseCINEndpoint	CIN3	0.0170520038404561	0.858467562923076	30	9	0.984310102573606	0.999999999999996
Propionibacterium	DiseaseCINEndpoint	CIN3	0.0948278828162297	0.958894481859139	30	13	0.922011980613334	0.999999999999996
Pseudomonas	DiseaseCINEndpoint	SCC	0.0213141325027689	1.26106475334212	30	25	0.986847505957455	0.999999999999996
Ruminococcus	DiseaseCINEndpoint	SCC	-0.0681476122070255	1.12722820890439	30	5	0.952983696403193	0.999999999999996
Streptococcus	DiseaseCINEndpoint	CIN3	0.183878652026552	2.02295479008845	30	19	0.929370123721236	0.999999999999996
Streptomyces	DiseaseCINEndpoint	CIN3	-0.0689029478791186	0.72083283392287	30	7	0.92573622632241	0.999999999999996
Veillonella	DiseaseCINEndpoint	Normal	-1.02387606053119e-14	1.14934711326493	30	4	0.999999999999993	0.999999999999996
Veillonella	DiseaseCINEndpoint	SCC	-1.02880666948598e-14	1.14934711326493	30	4	0.999999999999993	0.999999999999996
