feature	metadata	value	coef	stderr	N	N.not.0	pval	qval
Janthinobacterium.ASV.1	NaturalMicro	Post-Depo	4.65977581372838	0.378082607396727	18	10	1.39604093138197e-09	7.25941284318624e-08
Stenotrophomonas.ASV.1	NaturalMicro	Post-Depo	3.17462448874702	0.407015604770348	18	9	1.86543937101842e-05	0.000485014236464788
Brevundimonas.ASV.1	NaturalMicro	Post-Depo	1.77956297467189	0.49758854849349	18	6	0.00537791540490093	0.0932172003516161
Pedobacter.ASV.1	NaturalMicro	Post-Depo	2.54387687796822	0.813214010501231	18	6	0.0112547951402791	0.146312336823628
Janthinobacterium.ASV.2	NaturalMicro	Post-Depo	1.05813354913425	0.37132284117201	18	5	0.0179399704522874	0.186575692703789
Streptomyces.ASV.4	NaturalMicro	Post-Depo	-1.26302253300105	0.483923844197196	18	5	0.026864986063333	0.199568467899045
Sediminibacterium.ASV.1	NaturalMicro	Post-Depo	0.869680965862636	0.329353760719495	18	5	0.0255180654435686	0.199568467899045
Brevundimonas.ASV.2	NaturalMicro	Post-Depo	0.612359299844583	0.256748866771924	18	4	0.0392578117128108	0.233304164274942
Bacillus.ASV.1	NaturalMicro	Post-Depo	2.32581444453713	0.952059530517587	18	17	0.04037956689374	0.233304164274942
Comamonas.ASV.1	NaturalMicro	Post-Depo	1.1218859093552	0.568464889588314	18	5	0.0659624651729992	0.324706567783621
Pseudomonas.ASV.1	NaturalMicro	Post-Depo	1.89401854297481	0.930488509762668	18	18	0.0762029916263028	0.324706567783621
Corynebacterium.ASV.4	NaturalMicro	Post-Depo	0.534706381773671	0.282596051786507	18	3	0.0874209990186672	0.324706567783621
Lactobacillus.ASV.2	NaturalMicro	Post-Depo	0.497632211365391	0.259825007513274	18	3	0.0856667145999783	0.324706567783621
Herbaspirillum.ASV.1	NaturalMicro	Post-Depo	0.421591562681161	0.214667002210966	18	3	0.0790957701076836	0.324706567783621
Pseudomonas.ASV.5	NaturalMicro	Post-Depo	1.0237042606186	0.594752515631827	18	3	0.104484595206138	0.362213263381278
Cloacibacterium.ASV.1	NaturalMicro	Post-Depo	0.378450958204534	0.276387709554122	18	2	0.189828048841762	0.372505323227714
Stenotrophomonas.ASV.2	NaturalMicro	Post-Depo	0.412614829449611	0.308017965135654	18	2	0.199100622712516	0.372505323227714
Sphingobium.ASV.1	NaturalMicro	Post-Depo	0.238876328400762	0.15849477862722	18	2	0.151265212015958	0.372505323227714
Enterobacter.ASV.1	NaturalMicro	Post-Depo	-0.323270783397075	0.226856962261831	18	2	0.173372609253729	0.372505323227714
Streptococcus.ASV.1	NaturalMicro	Post-Depo	-2.19486505437824	1.52931473134252	18	3	0.170491389251144	0.372505323227714
Cytophaga.ASV.1	NaturalMicro	Post-Depo	0.342186288316195	0.24356180680451	18	2	0.194819639404216	0.372505323227714
Anoxybacillus.ASV.1	NaturalMicro	Post-Depo	0.293066265624399	0.200994594389162	18	2	0.175836988770125	0.372505323227714
Achromobacter.ASV.2	NaturalMicro	Post-Depo	0.38968477954982	0.286724275747826	18	2	0.192967605100423	0.372505323227714
Comamonas.ASV.2	NaturalMicro	Post-Depo	0.325565130121738	0.228864914739078	18	2	0.174078602595176	0.372505323227714
Stenotrophomonas.ASV.3	NaturalMicro	Post-Depo	0.287448318817029	0.196320768611671	18	2	0.175311815631517	0.372505323227714
Enterococcus.ASV.1	NaturalMicro	Post-Depo	-0.305071394787796	0.211136176432655	18	2	0.167784834314496	0.372505323227714
Staphylococcus.ASV.2	NaturalMicro	Post-Depo	-0.31084375283869	0.216080258808961	18	2	0.169550136042697	0.372505323227714
Sediminibacterium.ASV.2	NaturalMicro	Post-Depo	0.418371272862165	0.313399874790249	18	2	0.200579789430307	0.372505323227714
Bradyrhizobium.ASV.1	NaturalMicro	Post-Depo	0.493725219096591	0.3848520018436	18	2	0.217802148182995	0.377523723517191
Pseudomonas.ASV.2	NaturalMicro	Post-Depo	0.48163733337173	0.373286704525789	18	2	0.215296046156925	0.377523723517191
Pseudomonas.ASV.8	NaturalMicro	Post-Depo	0.641326855298543	0.52796420265039	18	2	0.242097520087559	0.406099065953324
Achromobacter.ASV.1	NaturalMicro	Post-Depo	0.52897664451607	0.488729678185331	18	3	0.295139982207172	0.479602471086654
Corynebacterium.ASV.2	NaturalMicro	Post-Depo	0.260003175004457	0.249494898680716	18	4	0.327823054930569	0.516569662314836
Porphyromonas.ASV.1	NaturalMicro	Post-Depo	-0.901220674594965	1.0184111759811	18	2	0.38930081388266	0.595401244761715
Xanthomonas.ASV.1	NaturalMicro	Post-Depo	-0.232784263187433	0.276742880794675	18	3	0.412655261102353	0.596057599370066
Micrococcus.ASV.1	NaturalMicro	Post-Depo	0.391923375609887	0.463351686292305	18	7	0.410111638848532	0.596057599370066
Enhydrobacter.ASV.1	NaturalMicro	Post-Depo	0.389088192380222	0.512391473607383	18	2	0.458681288188458	0.644633161778374
Lactobacillus.ASV.1	NaturalMicro	Post-Depo	0.333400975252308	0.458188469884932	18	2	0.477341625453031	0.653204329567306
Halomonas.ASV.1	NaturalMicro	Post-Depo	0.238064242940548	0.345902595940798	18	5	0.510761287851438	0.681015050468584
Stenotrophomonas.ASV.4	NaturalMicro	Post-Depo	0.417592092082221	0.643425375328389	18	7	0.534513353228565	0.694867359197135
Acinetobacter.ASV.3	NaturalMicro	Post-Depo	0.15186192359499	0.285482917168223	18	2	0.60207115991384	0.745421436083802
Acinetobacter.ASV.2	NaturalMicro	Post-Depo	-0.523300900392659	0.947383842074581	18	7	0.595789566207092	0.745421436083802
Cellvibrio.ASV.1	NaturalMicro	Post-Depo	0.186933036613194	0.522073481023042	18	3	0.724979334293268	0.807798753146923
Streptococcus.ASV.2	NaturalMicro	Post-Depo	-0.315641279870112	0.899118050699162	18	3	0.730125796113565	0.807798753146923
Staphylococcus.ASV.1	NaturalMicro	Post-Depo	-0.416033021611761	1.0969369585503	18	12	0.714357779591536	0.807798753146923
Pseudomonas.ASV.7	NaturalMicro	Post-Depo	-0.20089067734657	0.52268531579234	18	3	0.705784073566059	0.807798753146923
Propionibacterium.ASV.1	NaturalMicro	Post-Depo	0.121608176335422	0.332627315144156	18	6	0.724142403499659	0.807798753146923
Acinetobacter.ASV.1	NaturalMicro	Post-Depo	0.257329598465841	1.20743799921265	18	10	0.83392488231812	0.903418622511297
Pseudomonas.ASV.4	NaturalMicro	Post-Depo	-0.0645755755001858	0.413537721530546	18	11	0.879780224881094	0.933644320281978
Acinetobacter.ASV.5	NaturalMicro	Post-Depo	-0.0366737069537351	0.454874234754514	18	3	0.936740979317802	0.963137306871183
Erysipelothrix.ASV.1	NaturalMicro	Post-Depo	0.0432783710007906	0.613278795699748	18	4	0.944615435585199	0.963137306871183
Pseudomonas.ASV.3	NaturalMicro	Post-Depo	0.044813348495113	1.07330472079763	18	12	0.967212453820542	0.967212453820542
