feature	metadata	value	coef	stderr	N	N.not.0	pval	qval
Micrococcus.ASV.1	InfectStage2	Pre-Infection	-2.56292676000329	0.619988249262675	62	39	0.000112497639626885	0.00641236545873242
Turicibacter.ASV.1	InfectStage2	Pre-Infection	-1.44005638353024	0.532442259924945	62	15	0.00925526501341294	0.263775052882269
Aeromonas.ASV.1	InfectStage2	Pre-Infection	-0.350271075893638	0.214547539742453	62	7	0.107790096790547	0.548347125321498
Acinetobacter.ASV.3	InfectStage2	Pre-Infection	-0.658930618016092	0.376530061766598	62	13	0.0860128056409854	0.548347125321498
Staphylococcus.ASV.3	InfectStage2	Pre-Infection	-0.359544868503792	0.208876951929601	62	7	0.0903449558440102	0.548347125321498
Pseudomonas.ASV.2	InfectStage2	Pre-Infection	-0.550213553457473	0.344453980268847	62	16	0.115441500067684	0.548347125321498
Pseudomonas.ASV.10	InfectStage2	Pre-Infection	-0.353223571909158	0.219882213504403	62	7	0.11421550993087	0.548347125321498
Staphylococcus.ASV.1	InfectStage2	Pre-Infection	-1.55114328363841	0.925418930983457	62	46	0.0989121457290337	0.548347125321498
Stenotrophomonas.ASV.3	InfectStage2	Pre-Infection	-0.850502684981454	0.423213235259818	62	17	0.0489738729500951	0.548347125321498
Staphylococcus.ASV.2	InfectStage2	Pre-Infection	-1.22712269742921	0.568185411768939	62	19	0.0348005751474211	0.548347125321498
Streptococcus.ASV.3	InfectStage2	Pre-Infection	-0.726534836674329	0.397480607383733	62	16	0.0725452463008218	0.548347125321498
Lactobacillus.ASV.3	InfectStage2	Pre-Infection	-0.444817157998141	0.266361020398958	62	7	0.101010831049196	0.548347125321498
Corynebacterium.ASV.2	InfectStage2	Pre-Infection	0.391724363254416	0.318947029647303	62	9	0.224175515452118	0.683327899312096
Corynebacterium.ASV.6	InfectStage2	Pre-Infection	-0.371611135837332	0.264135446998329	62	13	0.165383572011183	0.683327899312096
Cellvibrio.ASV.1	InfectStage2	Pre-Infection	-0.426416687104349	0.374306426390414	62	18	0.259809409141347	0.683327899312096
Acinetobacter.ASV.1	InfectStage2	Pre-Infection	0.607312111764809	0.538317758320623	62	33	0.263740592716949	0.683327899312096
Pseudomonas.ASV.1	InfectStage2	Pre-Infection	0.248701373409309	0.198022365735444	62	62	0.214011545380741	0.683327899312096
Blastomonas.ASV.1	InfectStage2	Pre-Infection	-0.295955572102778	0.218915061661383	62	10	0.181475453018902	0.683327899312096
Pseudomonas.ASV.9	InfectStage2	Pre-Infection	-0.261694418792803	0.222222926092343	62	9	0.244291248219375	0.683327899312096
Lactobacillus.ASV.2	InfectStage2	Pre-Infection	-0.453517295248229	0.332790523601325	62	14	0.178047761286165	0.683327899312096
Lactobacillus.ASV.1	InfectStage2	Pre-Infection	-0.624711096396798	0.519372939779804	62	10	0.233771804772445	0.683327899312096
Propionibacterium.ASV.1	InfectStage2	Pre-Infection	-0.417819559521619	0.348789486113738	62	27	0.235661546411287	0.683327899312096
Pseudomonas.ASV.5	InfectStage2	Pre-Infection	-0.477466435880363	0.447715067663632	62	15	0.290492090267202	0.689918714384604
Pedobacter.ASV.1	InfectStage2	Pre-Infection	-0.616671553545568	0.568620501137767	62	29	0.28247970113258	0.689918714384604
Comamonas.ASV.1	InfectStage2	Pre-Infection	-0.314528452385514	0.453626217289134	62	23	0.490756132513592	0.874682221595091
Stenotrophomonas.ASV.4	InfectStage2	Pre-Infection	0.316572653633604	0.415309445564874	62	19	0.448892692216739	0.874682221595091
Brevundimonas.ASV.3	InfectStage2	Pre-Infection	-0.145995917092908	0.181539586819137	62	8	0.424450818872714	0.874682221595091
Brevundimonas.ASV.2	InfectStage2	Pre-Infection	-0.276944959235574	0.365649500813471	62	19	0.451771282876287	0.874682221595091
Comamonas.ASV.2	InfectStage2	Pre-Infection	-0.261257933542388	0.310967948304609	62	10	0.404162958254175	0.874682221595091
Janthinobacterium.ASV.1	InfectStage2	Pre-Infection	-0.492347437269825	0.710567118652091	62	36	0.491049668263911	0.874682221595091
Achromobacter.ASV.1	InfectStage2	Pre-Infection	0.181397915346724	0.220269731538288	62	7	0.413470214485098	0.874682221595091
Bacillus.ASV.1	InfectStage2	Pre-Infection	-0.217426826096595	0.310291123323492	62	61	0.486594120199694	0.874682221595091
Streptomyces.ASV.4	InfectStage2	Pre-Infection	0.228370233870952	0.473085012675223	62	20	0.631047234877792	0.901782952696046
Brevundimonas.ASV.1	InfectStage2	Pre-Infection	0.289644270227691	0.478532681147108	62	21	0.547645832065677	0.901782952696046
Acinetobacter.ASV.5	InfectStage2	Pre-Infection	-0.153903163838053	0.300978569197651	62	11	0.610987870512381	0.901782952696046
Pseudomonas.ASV.3	InfectStage2	Pre-Infection	-0.179362459043957	0.347229463662193	62	47	0.607658089473176	0.901782952696046
Halomonas.ASV.2	InfectStage2	Pre-Infection	-0.0902430437014574	0.187927389224779	62	7	0.632830142242839	0.901782952696046
Mesorhizobium.ASV.1	InfectStage2	Pre-Infection	-0.0948227365644479	0.174611554324484	62	7	0.589107450757318	0.901782952696046
Pseudomonas.ASV.7	InfectStage2	Pre-Infection	-0.178068641212985	0.362627876614289	62	14	0.625182016211722	0.901782952696046
Herbaspirillum.ASV.1	InfectStage2	Pre-Infection	0.0984615322188803	0.153617684207644	62	8	0.524361760922056	0.901782952696046
Bradyrhizobium.ASV.1	InfectStage2	Pre-Infection	-0.113164579405721	0.261204122551828	62	8	0.666392591813457	0.924659919270112
Janthinobacterium.ASV.2	InfectStage2	Pre-Infection	-0.157172390585659	0.426480505438232	62	24	0.713772569261139	0.924659919270112
Enterobacter.ASV.1	InfectStage2	Pre-Infection	-0.0713279629470704	0.179023224920444	62	8	0.691728642069526	0.924659919270112
Acinetobacter.ASV.2	InfectStage2	Pre-Infection	-0.215896809668038	0.554809636732604	62	26	0.69855266866781	0.924659919270112
Sediminibacterium.ASV.1	InfectStage2	Pre-Infection	-0.128256100513922	0.468296861657503	62	21	0.785119216592161	0.958153275019799
Stenotrophomonas.ASV.1	InfectStage2	Pre-Infection	-0.201724157504499	0.712803671659577	62	35	0.778150167738655	0.958153275019799
Anoxybacillus.ASV.1	InfectStage2	Pre-Infection	0.0718828148717427	0.298150996967628	62	8	0.81042681289481	0.958153275019799
Pseudomonas.ASV.6	InfectStage2	Pre-Infection	-0.056277127032469	0.251465176018892	62	7	0.823675622385442	0.958153275019799
Achromobacter.ASV.2	InfectStage2	Pre-Infection	-0.0680779752613491	0.28628554744291	62	9	0.812848374827195	0.958153275019799
Cloacibacterium.ASV.1	InfectStage2	Pre-Infection	0.0403784082710044	0.249311162398228	62	9	0.871881622790037	0.976036645539759
Halomonas.ASV.1	InfectStage2	Pre-Infection	0.0582106326385878	0.436503955036539	62	21	0.89435773254328	0.976036645539759
Pseudomonas.ASV.4	InfectStage2	Pre-Infection	-0.0371238664944583	0.318304854167963	62	42	0.907542845852759	0.976036645539759
Erysipelothrix.ASV.1	InfectStage2	Pre-Infection	0.0437153087274784	0.32129306311398	62	12	0.892296845974179	0.976036645539759
Xanthomonas.ASV.1	InfectStage2	Pre-Infection	0.0181249112729651	0.195969809980826	62	8	0.926618225458265	0.978097015761502
Pseudochrobactrum.ASV.1	InfectStage2	Pre-Infection	0.00121826476245558	0.189683007153765	62	7	0.994896820954082	0.994896820954082
Streptococcus.ASV.2	InfectStage2	Pre-Infection	0.0110654518126431	0.559736022217458	62	14	0.984303184527726	0.994896820954082
Sediminibacterium.ASV.2	InfectStage2	Pre-Infection	-0.00855870014644029	0.183481461903373	62	7	0.962950179294224	0.994896820954082
