feature	metadata	value	coef	stderr	N	N.not.0	pval	qval
Collinsella	InfectStageDEM	Pre-Infection	-0.846037230755468	0.262933019788963	49	5	0.00268623823125121	0.0857525046546736
Cytophaga	InfectStageDEM	Early Infection (4 & 6wpi)	1.55501668326469	0.495188632416593	49	10	0.00321571892455026	0.0857525046546736
Pseudomonas	InfectStageDEM	Pre-Infection	-2.29232696599612	0.700541255546319	49	45	0.00222888782693314	0.0857525046546736
Turicibacter	InfectStageDEM	Pre-Infection	-1.64860515245261	0.513443690849991	49	9	0.00247388859785425	0.0857525046546736
Turicibacter	InfectStageDEM	Infection Establishment (2wpi)	-1.89182072543046	0.592873706251914	49	9	0.00261638017934294	0.0857525046546736
Turicibacter	InfectStageDEM	Mid Infection (8-10-12wpi)	-1.71618672289679	0.496033730804082	49	9	0.00121288730563588	0.0857525046546736
Cellvibrio	InfectStageDEM	Infection Establishment (2wpi)	-2.37793815554855	0.876553282626821	49	14	0.00948520315647256	0.136289422090894
Clostridium	InfectStageDEM	Mid Infection (8-10-12wpi)	-2.48756822068906	0.922614392586536	49	9	0.0101939158165867	0.136289422090894
Collinsella	InfectStageDEM	Infection Establishment (2wpi)	-0.84603723075547	0.303608899507997	49	5	0.00835334050626674	0.136289422090894
Collinsella	InfectStageDEM	Mid Infection (8-10-12wpi)	-0.693401582284274	0.254820219309162	49	5	0.00969224970258377	0.136289422090894
Kocuria	InfectStageDEM	Early Infection (4 & 6wpi)	1.79773747065826	0.642771858540214	49	7	0.00762458785644116	0.136289422090894
Lactobacillus	InfectStageDEM	Mid Infection (8-10-12wpi)	-4.87855466153695	1.85978154844721	49	17	0.0119253244329532	0.136289422090894
Propionibacterium	InfectStageDEM	Early Infection (4 & 6wpi)	3.29131093673777	1.24672980522572	49	34	0.0114290840200042	0.136289422090894
Propionibacterium	InfectStageDEM	Mid Infection (8-10-12wpi)	3.1144126206828	1.16620894625851	49	34	0.0105723748603308	0.136289422090894
Cellvibrio	InfectStageDEM	Mid Infection (8-10-12wpi)	-1.88279421806615	0.733377092701087	49	14	0.0137254667733647	0.142475672607815
Porphyromonas	InfectStageDEM	Pre-Infection	2.65764980845956	1.0412611597491	49	13	0.0142475672607815	0.142475672607815
Bifidobacterium	InfectStageDEM	Pre-Infection	-1.33590096485126	0.536231985759231	49	7	0.0170180069591628	0.150139909095093
Cellvibrio	InfectStageDEM	Early Infection (4 & 6wpi)	-1.95033443931606	0.784013090341663	49	14	0.016721546349242	0.150139909095093
Collinsella	InfectStageDEM	Early Infection (4 & 6wpi)	-0.673971855466863	0.272307143782191	49	5	0.0178291142050423	0.150139909095093
Bifidobacterium	InfectStageDEM	Infection Establishment (2wpi)	-1.48585916919965	0.619187362652359	49	7	0.0212021530785461	0.15776529477044
Clostridium	InfectStageDEM	Pre-Infection	-2.29977242521653	0.951159498460138	49	9	0.020396134068563	0.15776529477044
Oscillospira	InfectStageDEM	Mid Infection (8-10-12wpi)	-1.9118329228033	0.803168999327334	49	11	0.0216927280309355	0.15776529477044
Bifidobacterium	InfectStageDEM	Mid Infection (8-10-12wpi)	-1.20784264483342	0.519194302901781	49	7	0.0250461027107638	0.168353347014192
Mucispirillum	InfectStageDEM	Pre-Infection	-1.98915066802738	0.85539444435758	49	13	0.0252530020521288	0.168353347014192
Lactobacillus	InfectStageDEM	Early Infection (4 & 6wpi)	-4.53039325156703	1.98819010529526	49	17	0.027596273947615	0.176616153264736
Paracoccus	InfectStageDEM	Mid Infection (8-10-12wpi)	1.81259415718577	0.808867981549543	49	5	0.0305225098241027	0.187830829686786
Turicibacter	InfectStageDEM	Early Infection (4 & 6wpi)	-1.14798776157724	0.530282363700609	49	9	0.0358640517444549	0.212527714041214
Oscillospira	InfectStageDEM	Pre-Infection	-1.75740684100356	0.831358897150883	49	11	0.0402281708567069	0.229875262038325
Clostridium	InfectStageDEM	Early Infection (4 & 6wpi)	-2.00949102674984	0.985821773754913	49	9	0.0481517421344204	0.256809291383575
Oscillospira	InfectStageDEM	Early Infection (4 & 6wpi)	-1.75690010985739	0.858623776903129	49	11	0.0467430874719736	0.256809291383575
Ruminococcus	InfectStageDEM	Pre-Infection	-1.08010394029994	0.556319659811614	49	8	0.0593681310372429	0.306416160192222
Clostridium	InfectStageDEM	Infection Establishment (2wpi)	-2.04091456295189	1.09830438495646	49	9	0.0707134753463101	0.353567376731551
Bacillus	InfectStageDEM	Early Infection (4 & 6wpi)	0.764822969834671	0.434301365783858	49	9	0.0851798710422102	0.383714129825972
Bifidobacterium	InfectStageDEM	Early Infection (4 & 6wpi)	-0.991071574541655	0.554889199005085	49	7	0.0815471350878693	0.383714129825972
Corynebacterium	InfectStageDEM	Infection Establishment (2wpi)	-2.23968982199669	1.25704307956987	49	26	0.0816986939991039	0.383714129825972
Lactobacillus	InfectStageDEM	Infection Establishment (2wpi)	-3.89964900890593	2.22286411381633	49	17	0.0863356792108437	0.383714129825972
Acinetobacter	InfectStageDEM	Pre-Infection	-1.80590688411065	1.07173372370414	49	48	0.0990632247189213	0.41642238218112
Fusobacterium	InfectStageDEM	Early Infection (4 & 6wpi)	1.39832460434539	0.843798675004908	49	8	0.1051860209731	0.41642238218112
Fusobacterium	InfectStageDEM	Mid Infection (8-10-12wpi)	1.30273822233673	0.789724044909118	49	8	0.106708235433912	0.41642238218112
Stenotrophomonas	InfectStageDEM	Pre-Infection	-1.38347112117371	0.82958195235732	49	15	0.102483634604098	0.41642238218112
Stenotrophomonas	InfectStageDEM	Early Infection (4 & 6wpi)	-1.4431759860172	0.85678855621177	49	15	0.0991859939794544	0.41642238218112
Burkholderia	InfectStageDEM	Pre-Infection	-0.887603930688151	0.548818590336557	49	9	0.112961510053878	0.424609992120839
Corynebacterium	InfectStageDEM	Mid Infection (8-10-12wpi)	-1.69536375134593	1.0517176963074	49	26	0.114113935382476	0.424609992120839
Burkholderia	InfectStageDEM	Early Infection (4 & 6wpi)	-0.88760393068815	0.566817402790004	49	9	0.124526438831011	0.452823413930948
Parabacteroides	InfectStageDEM	Infection Establishment (2wpi)	0.572259864949023	0.382859518655395	49	6	0.142130830403134	0.494368105750032
Prevotella	InfectStageDEM	Pre-Infection	-1.69604747850396	1.12917890011569	49	21	0.141016648442626	0.494368105750032
Anaerococcus	InfectStageDEM	Mid Infection (8-10-12wpi)	0.6795268681011	0.459226010041411	49	5	0.146072278064972	0.497267329582885
Veillonella	InfectStageDEM	Mid Infection (8-10-12wpi)	0.837720687897545	0.573700699577678	49	11	0.151908080911231	0.506360269704104
Mucispirillum	InfectStageDEM	Mid Infection (8-10-12wpi)	-1.19823695216647	0.828981888374199	49	13	0.155975026284477	0.509306208275843
Oscillospira	InfectStageDEM	Infection Establishment (2wpi)	-1.37297439515677	0.959970566126506	49	11	0.159715607376967	0.511089943606294
Stenotrophomonas	InfectStageDEM	Infection Establishment (2wpi)	-1.28460380695167	0.957918727016708	49	15	0.186790680284133	0.586009977361985
Sphingobium	InfectStageDEM	Pre-Infection	0.434178338084593	0.332957025376137	49	5	0.199012102785974	0.61234493164915
Bacteroides	InfectStageDEM	Infection Establishment (2wpi)	1.01996587481904	0.801442304231471	49	11	0.210561170118354	0.623884948498827
Bacteroides	InfectStageDEM	Early Infection (4 & 6wpi)	0.922185941772876	0.720347146627187	49	11	0.20775242811112	0.623884948498827
Corynebacterium	InfectStageDEM	Pre-Infection	-1.25895459213682	1.08863124055893	49	26	0.253735004459494	0.724957155598556
Cytophaga	InfectStageDEM	Mid Infection (8-10-12wpi)	0.541974578977259	0.463717520129593	49	10	0.24957406669327	0.724957155598556
Lactobacillus	InfectStageDEM	Pre-Infection	-2.19937769380456	1.92505679172572	49	17	0.259425174392209	0.728211015837779
Ruminococcus	InfectStageDEM	Early Infection (4 & 6wpi)	-0.627590526144658	0.57553399540275	49	8	0.281961947410219	0.76687587820091
Veillonella	InfectStageDEM	Infection Establishment (2wpi)	0.743714599497058	0.682996211871642	49	11	0.282785480086585	0.76687587820091
Acidovorax	InfectStageDEM	Infection Establishment (2wpi)	0.461126172175879	0.57569542313265	49	8	0.427897576772858	0.805302682086421
Acinetobacter	InfectStageDEM	Infection Establishment (2wpi)	0.956853674860928	1.23753150776037	49	48	0.443540893522219	0.805302682086421
Acinetobacter	InfectStageDEM	Mid Infection (8-10-12wpi)	0.775209152359629	1.03539314411954	49	48	0.458015900436652	0.805302682086421
Actinomyces	InfectStageDEM	Pre-Infection	0.298187706281192	0.34471773343071	49	5	0.392246127448063	0.805302682086421
Actinomyces	InfectStageDEM	Mid Infection (8-10-12wpi)	0.284401087065609	0.334898574739444	49	5	0.400737434344506	0.805302682086421
Anaerobacillus	InfectStageDEM	Pre-Infection	-0.995258821344846	0.994030666824345	49	15	0.322782084676471	0.805302682086421
Anaerobacillus	InfectStageDEM	Early Infection (4 & 6wpi)	-1.02839598326293	1.02873189824411	49	15	0.323377618387544	0.805302682086421
Anaerococcus	InfectStageDEM	Early Infection (4 & 6wpi)	0.46094408763434	0.49093325504862	49	5	0.352900768384362	0.805302682086421
Bacillus	InfectStageDEM	Mid Infection (8-10-12wpi)	0.391285559908645	0.406251728342796	49	9	0.34073082025386	0.805302682086421
Cellvibrio	InfectStageDEM	Pre-Infection	-0.687440378830196	0.759117410525468	49	14	0.370091341901576	0.805302682086421
Coprococcus	InfectStageDEM	Early Infection (4 & 6wpi)	-0.416795883562027	0.514538231736702	49	9	0.422277385080683	0.805302682086421
Cytophaga	InfectStageDEM	Infection Establishment (2wpi)	0.436697019207124	0.549343637439045	49	10	0.431594525781008	0.805302682086421
Faecalibacterium	InfectStageDEM	Pre-Infection	-0.344747767637108	0.398138587546578	49	5	0.391744905675744	0.805302682086421
Faecalibacterium	InfectStageDEM	Infection Establishment (2wpi)	-0.344747767637109	0.459730841389589	49	5	0.457738759346967	0.805302682086421
Leuconostoc	InfectStageDEM	Early Infection (4 & 6wpi)	-0.243363191068007	0.256474386666978	49	5	0.347864936595519	0.805302682086421
Massilia	InfectStageDEM	Infection Establishment (2wpi)	0.532384136588944	0.532630828024484	49	6	0.323000147614308	0.805302682086421
Micrococcus	InfectStageDEM	Pre-Infection	-1.43418448983544	1.71420384323654	49	21	0.407821565496423	0.805302682086421
Mucispirillum	InfectStageDEM	Early Infection (4 & 6wpi)	-0.672739004294642	0.885872973575122	49	13	0.451988918365364	0.805302682086421
Prevotella	InfectStageDEM	Mid Infection (8-10-12wpi)	-1.11720152396419	1.09584148193391	49	21	0.313984093265206	0.805302682086421
Pseudomonas	InfectStageDEM	Infection Establishment (2wpi)	0.646012437034506	0.808915364936212	49	45	0.429318067841713	0.805302682086421
Ruminococcus	InfectStageDEM	Infection Establishment (2wpi)	-0.516199506380058	0.642382610695433	49	8	0.426464770138958	0.805302682086421
Ruminococcus	InfectStageDEM	Mid Infection (8-10-12wpi)	-0.526415031107651	0.538492189369414	49	8	0.334069900491696	0.805302682086421
Saccharopolyspora	InfectStageDEM	Pre-Infection	-0.533698160693209	0.518643765955626	49	5	0.309690783330601	0.805302682086421
Saccharopolyspora	InfectStageDEM	Infection Establishment (2wpi)	-0.533698160693208	0.598878235776004	49	5	0.378206472269823	0.805302682086421
Saccharopolyspora	InfectStageDEM	Early Infection (4 & 6wpi)	-0.434794215038315	0.535996639480207	49	5	0.42197066156299	0.805302682086421
Sphingobium	InfectStageDEM	Early Infection (4 & 6wpi)	0.266898822876778	0.343876537142544	49	5	0.441814303075317	0.805302682086421
Staphylococcus	InfectStageDEM	Infection Establishment (2wpi)	-1.0731947471729	1.37519883778626	49	33	0.4399658196669	0.805302682086421
Staphylococcus	InfectStageDEM	Mid Infection (8-10-12wpi)	1.10637173248936	1.15396793919816	49	33	0.343484080587805	0.805302682086421
Stenotrophomonas	InfectStageDEM	Mid Infection (8-10-12wpi)	-0.708714444102839	0.801452307563287	49	15	0.381347609591289	0.805302682086421
Streptococcus	InfectStageDEM	Pre-Infection	-1.14493219303321	1.43691001796355	49	27	0.429844940305756	0.805302682086421
Streptococcus	InfectStageDEM	Infection Establishment (2wpi)	-1.51685386328116	1.65920077134505	49	27	0.365590619545466	0.805302682086421
Streptomyces	InfectStageDEM	Pre-Infection	-1.18184710041526	1.4148143551181	49	41	0.408040992062596	0.805302682086421
Actinomyces	InfectStageDEM	Early Infection (4 & 6wpi)	0.255042684708791	0.357772410145601	49	5	0.48001784997296	0.808451115743932
Coprococcus	InfectStageDEM	Mid Infection (8-10-12wpi)	-0.348426652539018	0.481306443888808	49	9	0.472947324422486	0.808451115743932
Streptomyces	InfectStageDEM	Early Infection (4 & 6wpi)	1.05284473530002	1.46121398275936	49	41	0.475011071582023	0.808451115743932
Veillonella	InfectStageDEM	Pre-Infection	-0.436396504226494	0.591492070169381	49	11	0.464995525698532	0.808451115743932
Flavobacterium	InfectStageDEM	Mid Infection (8-10-12wpi)	0.311357641784304	0.446920465780027	49	6	0.489671554240021	0.816119257066702
Bacillus	InfectStageDEM	Pre-Infection	0.248229566468655	0.420510489229004	49	9	0.558005800980447	0.866805127736617
Coprococcus	InfectStageDEM	Pre-Infection	-0.305457298356463	0.498199500625815	49	9	0.542951855742291	0.866805127736617
Coprococcus	InfectStageDEM	Infection Establishment (2wpi)	-0.340222489872185	0.575271231592903	49	9	0.557270604950991	0.866805127736617
Kocuria	InfectStageDEM	Mid Infection (8-10-12wpi)	0.361808458602466	0.601258018129352	49	7	0.550427197921008	0.866805127736617
Parabacteroides	InfectStageDEM	Early Infection (4 & 6wpi)	-0.213618524343803	0.342439963818524	49	6	0.535971230725514	0.866805127736617
Parabacteroides	InfectStageDEM	Mid Infection (8-10-12wpi)	-0.194487193226546	0.320323255037046	49	6	0.546865958084426	0.866805127736617
Propionibacterium	InfectStageDEM	Pre-Infection	-0.756651593600186	1.2071409432149	49	34	0.534020826269516	0.866805127736617
Bacillus	InfectStageDEM	Infection Establishment (2wpi)	0.277773102554661	0.485563688306854	49	9	0.570190551820026	0.868861793249564
Flavobacterium	InfectStageDEM	Early Infection (4 & 6wpi)	-0.275880641746642	0.477778074881797	49	6	0.566596061565553	0.868861793249564
Acidovorax	InfectStageDEM	Mid Infection (8-10-12wpi)	0.261590109820656	0.481944125103871	49	8	0.590225838695579	0.890906926332949
Flavobacterium	InfectStageDEM	Infection Establishment (2wpi)	-0.275880641746644	0.534172126797341	49	6	0.608116554723801	0.909333165942132
Parabacteroides	InfectStageDEM	Pre-Infection	-0.161131374568781	0.331566069236254	49	6	0.629399513164884	0.925086775029398
Saccharopolyspora	InfectStageDEM	Mid Infection (8-10-12wpi)	0.243226477823363	0.501424853198819	49	5	0.630215365488777	0.925086775029398
Cytophaga	InfectStageDEM	Pre-Infection	0.217818128002576	0.475745545429561	49	10	0.64967620759232	0.944983574679738
Acinetobacter	InfectStageDEM	Early Infection (4 & 6wpi)	0.453739536237545	1.10688183025999	49	48	0.683849378035192	0.968282305182573
Porphyromonas	InfectStageDEM	Mid Infection (8-10-12wpi)	0.425265154565451	1.00595385047323	49	13	0.674537961229537	0.968282305182573
Sphingobium	InfectStageDEM	Mid Infection (8-10-12wpi)	0.134336576220005	0.321667046334411	49	5	0.678251437053424	0.968282305182573
Acidovorax	InfectStageDEM	Pre-Infection	-0.0946839543521917	0.498566861275306	49	8	0.850344011744636	0.999999999999983
Acidovorax	InfectStageDEM	Early Infection (4 & 6wpi)	-0.00803424710420674	0.515182163650609	49	8	0.987633586986656	0.999999999999983
Actinomyces	InfectStageDEM	Infection Establishment (2wpi)	6.98409817796991e-14	0.398045752381316	49	5	0.999999999999861	0.999999999999983
Anaerobacillus	InfectStageDEM	Infection Establishment (2wpi)	-0.269951775535879	1.14780774614756	49	15	0.815272031802116	0.999999999999983
Anaerobacillus	InfectStageDEM	Mid Infection (8-10-12wpi)	0.200837002451963	0.962571065559993	49	15	0.83576194714825	0.999999999999983
Anaerococcus	InfectStageDEM	Pre-Infection	5.79050494959874e-14	0.475344080225676	49	5	0.999999999999903	0.999999999999983
Anaerococcus	InfectStageDEM	Infection Establishment (2wpi)	5.67465205151686e-14	0.548880065351978	49	5	0.999999999999918	0.999999999999983
Bacteroides	InfectStageDEM	Pre-Infection	0.00934976221339381	0.694069395131991	49	11	0.989319732438115	0.999999999999983
Bacteroides	InfectStageDEM	Mid Infection (8-10-12wpi)	0.168593294242815	0.674291505917689	49	11	0.803822586077741	0.999999999999983
Burkholderia	InfectStageDEM	Infection Establishment (2wpi)	0.161565396711102	0.633721121734164	49	9	0.799951821251343	0.999999999999983
Burkholderia	InfectStageDEM	Mid Infection (8-10-12wpi)	-0.0480577225278604	0.53020913052531	49	9	0.928190669188428	0.999999999999983
Corynebacterium	InfectStageDEM	Early Infection (4 & 6wpi)	0.284362173338343	1.12433351062556	49	26	0.801510872560575	0.999999999999983
Faecalibacterium	InfectStageDEM	Early Infection (4 & 6wpi)	-0.000219938704098566	0.411666520494153	49	5	0.999576326351899	0.999999999999983
Faecalibacterium	InfectStageDEM	Mid Infection (8-10-12wpi)	0.0670546129032197	0.385141635561886	49	5	0.862643308977395	0.999999999999983
Flavobacterium	InfectStageDEM	Pre-Infection	0.0434751304287991	0.46260663180006	49	6	0.925552802378991	0.999999999999983
Fusobacterium	InfectStageDEM	Pre-Infection	0.0833333333333539	0.813935517251303	49	8	0.918968539366418	0.999999999999983
Fusobacterium	InfectStageDEM	Infection Establishment (2wpi)	2.04674530908087e-14	0.939851779976074	49	8	0.999999999999983	0.999999999999983
Kocuria	InfectStageDEM	Pre-Infection	-6.74944207501e-14	0.62236117588426	49	7	0.999999999999914	0.999999999999983
Kocuria	InfectStageDEM	Infection Establishment (2wpi)	-6.62537909679717e-14	0.718640784859899	49	7	0.999999999999927	0.999999999999983
Leuconostoc	InfectStageDEM	Pre-Infection	-0.0462598532682297	0.248330257072492	49	5	0.853078582794797	0.999999999999983
Leuconostoc	InfectStageDEM	Infection Establishment (2wpi)	-0.0492697812641367	0.286747081537464	49	5	0.864364421266697	0.999999999999983
Leuconostoc	InfectStageDEM	Mid Infection (8-10-12wpi)	-0.0770692701436924	0.239909820847704	49	5	0.749547516378242	0.999999999999983
Massilia	InfectStageDEM	Pre-Infection	0.162063817726672	0.461271827907944	49	6	0.72700925591622	0.999999999999983
Massilia	InfectStageDEM	Early Infection (4 & 6wpi)	-0.140772922842319	0.476399495349899	49	6	0.769006973870445	0.999999999999983
Massilia	InfectStageDEM	Mid Infection (8-10-12wpi)	-0.161521380858468	0.445630922707831	49	6	0.718746896241768	0.999999999999983
Micrococcus	InfectStageDEM	Infection Establishment (2wpi)	0.122218928551672	1.97939210067701	49	21	0.951076590096635	0.999999999999983
Micrococcus	InfectStageDEM	Early Infection (4 & 6wpi)	-0.0927873724293756	1.77366027533717	49	21	0.958535190066714	0.999999999999983
Micrococcus	InfectStageDEM	Mid Infection (8-10-12wpi)	-0.258940228686699	1.65953953357154	49	21	0.876779429250396	0.999999999999983
Mucispirillum	InfectStageDEM	Infection Establishment (2wpi)	0.0126884806673716	0.987724425426319	49	13	0.989814933733274	0.999999999999983
Paracoccus	InfectStageDEM	Pre-Infection	3.91118584523459e-14	0.836886273040722	49	5	0.999999999999963	0.999999999999983
Paracoccus	InfectStageDEM	Infection Establishment (2wpi)	3.91316956845923e-14	0.966353030042327	49	5	0.999999999999968	0.999999999999983
Paracoccus	InfectStageDEM	Early Infection (4 & 6wpi)	3.82220789742139e-14	0.864668277111651	49	5	0.999999999999965	0.999999999999983
Porphyromonas	InfectStageDEM	Infection Establishment (2wpi)	-0.229624986089354	1.2023448217557	49	13	0.849419022447968	0.999999999999983
Porphyromonas	InfectStageDEM	Early Infection (4 & 6wpi)	0.0305956026111254	1.07540990153624	49	13	0.977431756600938	0.999999999999983
Prevotella	InfectStageDEM	Infection Establishment (2wpi)	0.248011903657176	1.30386348389008	49	21	0.850112845338988	0.999999999999983
Prevotella	InfectStageDEM	Early Infection (4 & 6wpi)	-0.269174849680592	1.17084352156439	49	21	0.819324660291247	0.999999999999983
Propionibacterium	InfectStageDEM	Infection Establishment (2wpi)	-0.272867867432087	1.39388629702989	49	34	0.845698913212782	0.999999999999983
Pseudomonas	InfectStageDEM	Early Infection (4 & 6wpi)	0.0682665260480508	0.72528155017267	49	45	0.925476278913293	0.999999999999983
Pseudomonas	InfectStageDEM	Mid Infection (8-10-12wpi)	-0.196986476129113	0.678674384559991	49	45	0.773104426720529	0.999999999999983
Sphingobium	InfectStageDEM	Infection Establishment (2wpi)	-4.75363522640155e-14	0.38446565645898	49	5	0.999999999999902	0.999999999999983
Staphylococcus	InfectStageDEM	Pre-Infection	-0.206281093270301	1.19095712877774	49	33	0.863403314879206	0.999999999999983
Staphylococcus	InfectStageDEM	Early Infection (4 & 6wpi)	0.422589746708382	1.23319065397128	49	33	0.733654709101939	0.999999999999983
Streptococcus	InfectStageDEM	Early Infection (4 & 6wpi)	-0.347508140218634	1.48403428521904	49	27	0.815943466092146	0.999999999999983
Streptococcus	InfectStageDEM	Mid Infection (8-10-12wpi)	0.0534411724096119	1.38818696137891	49	27	0.969465486186717	0.999999999999983
Streptomyces	InfectStageDEM	Infection Establishment (2wpi)	0.3196412768087	1.63368689756157	49	41	0.845779904782815	0.999999999999983
Streptomyces	InfectStageDEM	Mid Infection (8-10-12wpi)	0.132768743327966	1.36684052306223	49	41	0.923059906030794	0.999999999999983
Veillonella	InfectStageDEM	Early Infection (4 & 6wpi)	-0.145186716144946	0.613009686089069	49	11	0.813970640439057	0.999999999999983
