feature	metadata	value	coef	stderr	N	N.not.0	pval	qval
Collinsella	InfectStageDEM	Pre-Infection	-0.846037230755468	0.262933019788963	49	5	0.00268623823125121	0.0857525046546736
Cytophaga	InfectStageDEM	Early Infection (4 & 6wpi)	1.55501668326469	0.495188632416593	49	10	0.00321571892455026	0.0857525046546736
Pseudomonas	InfectStageDEM	Pre-Infection	-2.29232696599612	0.700541255546319	49	45	0.00222888782693314	0.0857525046546736
Turicibacter	InfectStageDEM	Pre-Infection	-1.64860515245261	0.513443690849991	49	9	0.00247388859785425	0.0857525046546736
Turicibacter	InfectStageDEM	Infection Establishment (2wpi)	-1.89182072543046	0.592873706251914	49	9	0.00261638017934294	0.0857525046546736
Turicibacter	InfectStageDEM	Mid Infection (8-10-12wpi)	-1.71618672289679	0.496033730804082	49	9	0.00121288730563588	0.0857525046546736
Cellvibrio	InfectStageDEM	Infection Establishment (2wpi)	-2.37793815554855	0.876553282626821	49	14	0.00948520315647256	0.136289422090894
Clostridium	InfectStageDEM	Mid Infection (8-10-12wpi)	-2.48756822068906	0.922614392586536	49	9	0.0101939158165867	0.136289422090894
Collinsella	InfectStageDEM	Infection Establishment (2wpi)	-0.84603723075547	0.303608899507997	49	5	0.00835334050626674	0.136289422090894
Collinsella	InfectStageDEM	Mid Infection (8-10-12wpi)	-0.693401582284274	0.254820219309162	49	5	0.00969224970258377	0.136289422090894
Kocuria	InfectStageDEM	Early Infection (4 & 6wpi)	1.79773747065826	0.642771858540214	49	7	0.00762458785644116	0.136289422090894
Lactobacillus	InfectStageDEM	Mid Infection (8-10-12wpi)	-4.87855466153695	1.85978154844721	49	17	0.0119253244329532	0.136289422090894
Propionibacterium	InfectStageDEM	Early Infection (4 & 6wpi)	3.29131093673777	1.24672980522572	49	34	0.0114290840200042	0.136289422090894
Propionibacterium	InfectStageDEM	Mid Infection (8-10-12wpi)	3.1144126206828	1.16620894625851	49	34	0.0105723748603308	0.136289422090894
Cellvibrio	InfectStageDEM	Mid Infection (8-10-12wpi)	-1.88279421806615	0.733377092701087	49	14	0.0137254667733647	0.142475672607815
Porphyromonas	InfectStageDEM	Pre-Infection	2.65764980845956	1.0412611597491	49	13	0.0142475672607815	0.142475672607815
Bifidobacterium	InfectStageDEM	Pre-Infection	-1.33590096485126	0.536231985759231	49	7	0.0170180069591628	0.150139909095093
Cellvibrio	InfectStageDEM	Early Infection (4 & 6wpi)	-1.95033443931606	0.784013090341663	49	14	0.016721546349242	0.150139909095093
Collinsella	InfectStageDEM	Early Infection (4 & 6wpi)	-0.673971855466863	0.272307143782191	49	5	0.0178291142050423	0.150139909095093
Bifidobacterium	InfectStageDEM	Infection Establishment (2wpi)	-1.48585916919965	0.619187362652359	49	7	0.0212021530785461	0.15776529477044
Clostridium	InfectStageDEM	Pre-Infection	-2.29977242521653	0.951159498460138	49	9	0.020396134068563	0.15776529477044
Oscillospira	InfectStageDEM	Mid Infection (8-10-12wpi)	-1.9118329228033	0.803168999327334	49	11	0.0216927280309355	0.15776529477044
Bifidobacterium	InfectStageDEM	Mid Infection (8-10-12wpi)	-1.20784264483342	0.519194302901781	49	7	0.0250461027107638	0.168353347014192
Mucispirillum	InfectStageDEM	Pre-Infection	-1.98915066802738	0.85539444435758	49	13	0.0252530020521288	0.168353347014192
Lactobacillus	InfectStageDEM	Early Infection (4 & 6wpi)	-4.53039325156703	1.98819010529526	49	17	0.027596273947615	0.176616153264736
Paracoccus	InfectStageDEM	Mid Infection (8-10-12wpi)	1.81259415718577	0.808867981549543	49	5	0.0305225098241027	0.187830829686786
Turicibacter	InfectStageDEM	Early Infection (4 & 6wpi)	-1.14798776157724	0.530282363700609	49	9	0.0358640517444549	0.212527714041214
Oscillospira	InfectStageDEM	Pre-Infection	-1.75740684100356	0.831358897150883	49	11	0.0402281708567069	0.229875262038325
