feature	metadata	value	coef	stderr	N	N.not.0	pval	qval
Propionibacterium	InfectStageDEM	Infection Establishment (2wpi)	-3.39647839770439	1.04033310771046	31	27	0.00288857835163663	0.207977641317838
Corynebacterium	InfectStageDEM	Early Infection (4 & 6wpi)	1.98964166020046	0.828708395872327	31	16	0.0232424651048053	0.45844042805511
Cytophaga	InfectStageDEM	Early Infection (4 & 6wpi)	1.00585462315876	0.437667262554644	31	9	0.0317146591379546	0.45844042805511
Kocuria	InfectStageDEM	Early Infection (4 & 6wpi)	1.44208594594612	0.638277975269417	31	7	0.0318361408371604	0.45844042805511
Parabacteroides	InfectStageDEM	Infection Establishment (2wpi)	0.76484023519159	0.337430422572348	31	4	0.0313291900952554	0.45844042805511
Massilia	InfectStageDEM	Infection Establishment (2wpi)	0.693905517447405	0.335861526564261	31	4	0.0481880289706288	0.495648297983611
Paracoccus	InfectStageDEM	Early Infection (4 & 6wpi)	-1.81411984156753	0.854379391016303	31	5	0.0442501410614787	0.495648297983611
Staphylococcus	InfectStageDEM	Infection Establishment (2wpi)	-2.04837159504973	1.03761832809007	31	22	0.0583088548755644	0.524779693880079
Anaerobacillus	InfectStageDEM	Early Infection (4 & 6wpi)	-1.22965584172821	0.839868159150374	31	11	0.154302809012263	0.647577316693675
Burkholderia	InfectStageDEM	Early Infection (4 & 6wpi)	-0.84235442353897	0.509066861921685	31	7	0.109153090418348	0.647577316693675
Flavobacterium	InfectStageDEM	Infection Establishment (2wpi)	-0.584666273289166	0.414795459391551	31	4	0.170888458571942	0.647577316693675
Flavobacterium	InfectStageDEM	Early Infection (4 & 6wpi)	-0.584666273289166	0.348924743487431	31	4	0.106823937826162	0.647577316693675
Paracoccus	InfectStageDEM	Infection Establishment (2wpi)	-1.81411984156753	1.01192899509304	31	5	0.0850884375770814	0.647577316693675
Porphyromonas	InfectStageDEM	Infection Establishment (2wpi)	-0.653547229966434	0.434820480822963	31	6	0.145233361900124	0.647577316693675
Pseudomonas	InfectStageDEM	Infection Establishment (2wpi)	0.818855126871248	0.562062156547771	31	31	0.157633595871494	0.647577316693675
Saccharopolyspora	InfectStageDEM	Infection Establishment (2wpi)	-0.778020692861693	0.547736154735515	31	4	0.16768251669959	0.647577316693675
Saccharopolyspora	InfectStageDEM	Early Infection (4 & 6wpi)	-0.678020692861693	0.459490612481813	31	4	0.153092571563109	0.647577316693675
Turicibacter	InfectStageDEM	Early Infection (4 & 6wpi)	0.56819896131956	0.384709628660705	31	4	0.150847557713451	0.647577316693675
Veillonella	InfectStageDEM	Early Infection (4 & 6wpi)	-0.982588342243497	0.593754826521402	31	10	0.111221010593857	0.647577316693675
Streptococcus	InfectStageDEM	Infection Establishment (2wpi)	-1.57455726454831	1.20002561012473	31	20	0.200141018729075	0.720507667424669
Anaerococcus	InfectStageDEM	Infection Establishment (2wpi)	-0.681882273974605	0.577135412021742	31	5	0.247344417133236	0.731744332294363
Bacteroides	InfectStageDEM	Infection Establishment (2wpi)	0.83290376284987	0.768674324160767	31	9	0.288910361968902	0.731744332294363
Bacteroides	InfectStageDEM	Early Infection (4 & 6wpi)	0.759837172162891	0.645898960400207	31	9	0.251196476220317	0.731744332294363
Cellvibrio	InfectStageDEM	Infection Establishment (2wpi)	-0.499024814800802	0.466349267382493	31	5	0.294730356063007	0.731744332294363
Fusobacterium	InfectStageDEM	Infection Establishment (2wpi)	-0.763819745418469	0.608617257690707	31	7	0.220969825820132	0.731744332294363
Mucispirillum	InfectStageDEM	Infection Establishment (2wpi)	0.622945862450539	0.521542645256205	31	9	0.243493531299686	0.731744332294363
Porphyromonas	InfectStageDEM	Early Infection (4 & 6wpi)	-0.395746553952389	0.365442231658362	31	6	0.289629342118738	0.731744332294363
Prevotella	InfectStageDEM	Infection Establishment (2wpi)	1.27412605840084	1.12944053240119	31	15	0.270640372898016	0.731744332294363
Stenotrophomonas	InfectStageDEM	Early Infection (4 & 6wpi)	-0.565950766430897	0.514317740950985	31	9	0.280532333984227	0.731744332294363
Bacillus	InfectStageDEM	Early Infection (4 & 6wpi)	0.373167985356192	0.367595301237514	31	8	0.318721924014997	0.764932617635993
Actinomyces	InfectStageDEM	Infection Establishment (2wpi)	-0.288201643997708	0.301236458945494	31	4	0.347837586352507	0.794283133732536
Faecalibacterium	InfectStageDEM	Infection Establishment (2wpi)	-0.407465885583446	0.430653722790962	31	4	0.353014726103349	0.794283133732536
Prevotella	InfectStageDEM	Early Infection (4 & 6wpi)	0.846216417046555	0.948281864072966	31	15	0.382057721714529	0.833580483740791
Acinetobacter	InfectStageDEM	Early Infection (4 & 6wpi)	-0.319419739695021	0.384659706524265	31	31	0.413339833037741	0.875307881726981
Mucispirillum	InfectStageDEM	Early Infection (4 & 6wpi)	0.331723443140543	0.437431174825356	31	9	0.455767106824628	0.93757804832495
Clostridium	InfectStageDEM	Early Infection (4 & 6wpi)	0.481535215244304	0.686205036716883	31	5	0.488635730336575	0.944320328452049
Staphylococcus	InfectStageDEM	Early Infection (4 & 6wpi)	-0.612969612801745	0.87694754476961	31	22	0.490329817679924	0.944320328452049
Streptomyces	InfectStageDEM	Early Infection (4 & 6wpi)	0.651745859130301	0.950148784266886	31	27	0.498391284460804	0.944320328452049
Lactobacillus	InfectStageDEM	Infection Establishment (2wpi)	0.975495443343889	1.48004874389262	31	8	0.515217924933626	0.951171553723617
Stenotrophomonas	InfectStageDEM	Infection Establishment (2wpi)	-0.381974611840974	0.608548957865917	31	9	0.535298921441421	0.963538058594558
Acidovorax	InfectStageDEM	Early Infection (4 & 6wpi)	-0.262136775535968	0.467777879099079	31	6	0.579671976147537	0.97132730014911
Corynebacterium	InfectStageDEM	Infection Establishment (2wpi)	-0.548861487975954	0.980540997381037	31	16	0.580098248700163	0.97132730014911
Pseudomonas	InfectStageDEM	Early Infection (4 & 6wpi)	0.267302878604228	0.474060464741854	31	31	0.57814855012889	0.97132730014911
Anaerobacillus	InfectStageDEM	Infection Establishment (2wpi)	-0.481001036469708	0.993745407363723	31	11	0.632130051097637	0.981105263451201
Anaerococcus	InfectStageDEM	Early Infection (4 & 6wpi)	-0.220938186340322	0.48776844902467	31	5	0.654070175634134	0.981105263451201
Clostridium	InfectStageDEM	Infection Establishment (2wpi)	0.395082150162916	0.811928748956377	31	5	0.630331114849908	0.981105263451201
Kocuria	InfectStageDEM	Infection Establishment (2wpi)	-0.363421733726826	0.755220685097831	31	7	0.634104734789523	0.981105263451201
Ruminococcus	InfectStageDEM	Infection Establishment (2wpi)	-0.232746351551288	0.506945660610384	31	6	0.650685850622321	0.981105263451201
Acidovorax	InfectStageDEM	Infection Establishment (2wpi)	0.195065824471231	0.553482250703855	31	6	0.727152069769489	0.987456624704338
Acinetobacter	InfectStageDEM	Infection Establishment (2wpi)	0.172446612911793	0.455135502628247	31	31	0.707627019128615	0.987456624704338
Actinomyces	InfectStageDEM	Early Infection (4 & 6wpi)	-0.0279583516720332	0.254335096084545	31	4	0.913382524473226	0.987456624704338
Bacillus	InfectStageDEM	Infection Establishment (2wpi)	-0.114083654432004	0.434944626002734	31	8	0.795014448400502	0.987456624704338
Burkholderia	InfectStageDEM	Infection Establishment (2wpi)	0.201102933080028	0.602336034012169	31	7	0.740964078907256	0.987456624704338
Cellvibrio	InfectStageDEM	Early Infection (4 & 6wpi)	-0.0714210985683143	0.392529857818193	31	5	0.857152783093819	0.987456624704338
Coprococcus	InfectStageDEM	Early Infection (4 & 6wpi)	-0.0696114407726502	0.390732205846135	31	5	0.859882869200888	0.987456624704338
Cytophaga	InfectStageDEM	Infection Establishment (2wpi)	-0.112778080078067	0.527539306450712	31	9	0.832533421741586	0.987456624704338
Faecalibacterium	InfectStageDEM	Early Infection (4 & 6wpi)	-0.0658745009225351	0.36133497229136	31	4	0.856876205715867	0.987456624704338
Fusobacterium	InfectStageDEM	Early Infection (4 & 6wpi)	0.0312869220365468	0.511696701976167	31	7	0.951752508800068	0.987456624704338
Lactobacillus	InfectStageDEM	Early Infection (4 & 6wpi)	0.348951352737148	1.25086949310644	31	8	0.782320251175174	0.987456624704338
Massilia	InfectStageDEM	Early Infection (4 & 6wpi)	0.0243185149764046	0.2838547981754	31	4	0.932336548812418	0.987456624704338
Micrococcus	InfectStageDEM	Infection Establishment (2wpi)	0.05276090663234	1.04332607647378	31	14	0.960027274018106	0.987456624704338
Micrococcus	InfectStageDEM	Early Infection (4 & 6wpi)	-0.128482795217364	0.881771472601022	31	14	0.885194361752778	0.987456624704338
Oscillospira	InfectStageDEM	Early Infection (4 & 6wpi)	0.180977001749986	0.524878294743099	31	5	0.734739411044805	0.987456624704338
Parabacteroides	InfectStageDEM	Early Infection (4 & 6wpi)	-0.0242415209260414	0.285180757311862	31	4	0.932863063275176	0.987456624704338
Propionibacterium	InfectStageDEM	Early Infection (4 & 6wpi)	0.178948192482027	0.879241952316434	31	27	0.840196218185246	0.987456624704338
Ruminococcus	InfectStageDEM	Early Infection (4 & 6wpi)	-0.106285684845796	0.415627976203574	31	6	0.800957055793535	0.987456624704338
Streptococcus	InfectStageDEM	Early Infection (4 & 6wpi)	-0.400644699295974	1.0142067501801	31	20	0.695812234351632	0.987456624704338
Streptomyces	InfectStageDEM	Infection Establishment (2wpi)	0.133955684949999	1.1242312027076	31	27	0.906004811081585	0.987456624704338
Turicibacter	InfectStageDEM	Infection Establishment (2wpi)	-0.175634002533657	0.455194571296672	31	4	0.702528499149947	0.987456624704338
Veillonella	InfectStageDEM	Infection Establishment (2wpi)	-0.0916977421296884	0.703551655282599	31	10	0.897353261415545	0.987456624704338
Coprococcus	InfectStageDEM	Infection Establishment (2wpi)	0.0062198221679066	0.462320580722447	31	5	0.98936140129042	0.98936140129042
Oscillospira	InfectStageDEM	Infection Establishment (2wpi)	0.015349590203059	0.645857236216074	31	5	0.981284163501816	0.98936140129042
