feature	metadata	value	coef	stderr	N	N.not.0	pval	qval
Acinetobacter	DiseaseCINEndpoint	CIN3	1.24230397706918	0.940526008477516	54	46	0.192331285473069	0.433457069255707
Actinobacillus	DiseaseCINEndpoint	CIN3	-1.37948966494589	1.10318375642197	54	28	0.216728534627853	0.433457069255707
Afipia	DiseaseCINEndpoint	CIN3	1.08227201545886	0.84103310078194	54	17	0.203850528918353	0.433457069255707
Bacillus	DiseaseCINEndpoint	CIN3	-0.694477608284551	0.462200732539336	54	9	0.139005320839591	0.433457069255707
Burkholderia	DiseaseCINEndpoint	CIN3	-0.474981064303062	0.252051805996219	54	6	0.0650981706367233	0.433457069255707
Corynebacterium	DiseaseCINEndpoint	CIN3	2.06662759213445	0.884368682031842	54	27	0.0233345556002377	0.433457069255707
Enhydrobacter	DiseaseCINEndpoint	CIN3	0.718308457262598	0.550777305601386	54	13	0.197918339899168	0.433457069255707
Pseudomonas	DiseaseCINEndpoint	CIN3	1.13576121313574	0.665580594524311	54	46	0.0938958534430814	0.433457069255707
Sediminibacterium	DiseaseCINEndpoint	CIN3	0.752428651211791	0.436815559102221	54	6	0.0909165579048603	0.433457069255707
Staphylococcus	DiseaseCINEndpoint	CIN3	0.990804297790951	0.751269300025683	54	26	0.193001281007658	0.433457069255707
Cutibacterium	DiseaseCINEndpoint	CIN3	0.737231292690737	0.529112764196356	54	22	0.169446038981979	0.433457069255707
Caulobacter	DiseaseCINEndpoint	CIN3	0.50736505445292	0.495710991218422	54	11	0.31080492332303	0.488407736650476
Microbacterium	DiseaseCINEndpoint	CIN3	-0.259194045501451	0.245679727000651	54	6	0.296299012445075	0.488407736650476
Streptomyces	DiseaseCINEndpoint	CIN3	0.958566766045854	0.935903737660495	54	31	0.310474901468195	0.488407736650476
Herbaspirillum	DiseaseCINEndpoint	CIN3	0.704451945370536	0.825033889350465	54	30	0.397106669041984	0.51390274817198
Porphyromonas	DiseaseCINEndpoint	CIN3	0.544442350902207	0.611832952130679	54	12	0.377642434612699	0.51390274817198
Stenotrophomonas	DiseaseCINEndpoint	CIN3	-0.455873232322468	0.517923982213758	54	10	0.382804489358209	0.51390274817198
Oscillospira	DiseaseCINEndpoint	CIN3	-0.161913418840695	0.252259898267232	54	8	0.523789037264836	0.640186601101466
Micrococcus	DiseaseCINEndpoint	CIN3	0.349108335263246	0.587763605209852	54	20	0.555113824617058	0.642763375872383
Streptococcus	DiseaseCINEndpoint	CIN3	-0.44161502073917	1.05760687742346	54	35	0.677987488513821	0.745786237365203
Lactobacillus	DiseaseCINEndpoint	CIN3	0.0466933146147354	0.716339276217947	54	16	0.948278058601439	0.948278058601439
Turicibacter	DiseaseCINEndpoint	CIN3	0.0317435595720372	0.307097745205517	54	9	0.918069877484794	0.948278058601439
