feature	metadata	value	coef	stderr	N	N.not.0	pval	qval
Actinomyces	ViralCopyNumberHighLow	Low	-0.250000000000003	0.249999998815778	8	1	0.355921159271123	0.446809832588325
Adlercreutzia	ViralCopyNumberHighLow	Low	-0.250000000000002	0.249999998816072	8	1	0.355917681549795	0.446809832588325
Aerococcus	ViralCopyNumberHighLow	Low	-0.249999999999997	0.249999998810816	8	1	0.355917681539546	0.446809832588325
Alishewanella	ViralCopyNumberHighLow	Low	-1.46696213346087	1.15784246178213	8	2	0.280927833762783	0.446809832588325
Anaerobacillus	ViralCopyNumberHighLow	Low	-1.26254569743796	0.958603948182307	8	2	0.265390915048216	0.446809832588325
Anoxybacillus	ViralCopyNumberHighLow	Low	-0.249999999999996	0.249999998815037	8	1	0.355918206367812	0.446809832588325
Bacillus	ViralCopyNumberHighLow	Low	0.250000000000002	0.249999998807127	8	1	0.355917681533338	0.446809832588325
Bacteroides	ViralCopyNumberHighLow	Low	-0.619533379165283	0.370750761956788	8	2	0.177923596306319	0.446809832588325
Bifidobacterium	ViralCopyNumberHighLow	Low	0.249999999999998	0.25	8	1	0.355917683750817	0.446809832588325
Bilophila	ViralCopyNumberHighLow	Low	-0.250000000000002	0.249999998810463	8	1	0.355920389318712	0.446809832588325
Butyricicoccus	ViralCopyNumberHighLow	Low	-0.25	0.249999998815778	8	1	0.355921159271129	0.446809832588325
Carnobacterium	ViralCopyNumberHighLow	Low	0.25	0.25	8	1	0.355917683750813	0.446809832588325
Cellvibrio	ViralCopyNumberHighLow	Low	-0.25	0.249999999699702	8	1	0.355917700005993	0.446809832588325
Clostridium	ViralCopyNumberHighLow	Low	-0.249999999999996	0.249999998802219	8	1	0.35591794106767	0.446809832588325
Coprococcus	ViralCopyNumberHighLow	Low	-0.250000000000002	0.249999998816072	8	1	0.355917681549795	0.446809832588325
Cytophaga	ViralCopyNumberHighLow	Low	0.78866310480681	0.512705048404939	8	2	0.206532130605742	0.446809832588325
Dehalobacterium	ViralCopyNumberHighLow	Low	-0.250000000000002	0.249999998816072	8	1	0.355917681549795	0.446809832588325
Deinococcus	ViralCopyNumberHighLow	Low	-0.25	0.249999999794261	8	1	0.355917706567488	0.446809832588325
Devosia	ViralCopyNumberHighLow	Low	0.25	0.249999995308617	8	1	0.355922991160875	0.446809832588325
Finegoldia	ViralCopyNumberHighLow	Low	-1.17129664488423	0.870450105734663	8	2	0.256925684805488	0.446809832588325
Flavisolibacter	ViralCopyNumberHighLow	Low	0.250000000000002	0.249999998817071	8	1	0.35591768155096	0.446809832588325
Gardnerella	ViralCopyNumberHighLow	Low	-0.250000000000007	0.249999995352129	8	1	0.355933256468665	0.446809832588325
Haemophilus	ViralCopyNumberHighLow	Low	-0.25	0.249999995259588	8	1	0.35592779209074	0.446809832588325
Kocuria	ViralCopyNumberHighLow	Low	1.85737659645892	1.81701521436993	8	4	0.346114219911488	0.446809832588325
Lactobacillus	ViralCopyNumberHighLow	Low	-0.250000000000007	0.249999995291602	8	1	0.355929321538037	0.446809832588325
Megasphaera	ViralCopyNumberHighLow	Low	-0.250000000000002	0.249999998815182	8	1	0.355917681547143	0.446809832588325
Mucispirillum	ViralCopyNumberHighLow	Low	-0.960344252223409	0.754858035203724	8	3	0.250375024502031	0.446809832588325
Mycobacterium	ViralCopyNumberHighLow	Low	0.249999999999996	0.25	8	1	0.355917683750533	0.446809832588325
N09	ViralCopyNumberHighLow	Low	0.249999999999998	0.25	8	1	0.355917683750817	0.446809832588325
Neisseria	ViralCopyNumberHighLow	Low	0.250000000000004	0.249999998823146	8	1	0.355919398834854	0.446809832588325
Nesterenkonia	ViralCopyNumberHighLow	Low	0.249999999999996	0.25	8	1	0.35591768375082	0.446809832588325
Oscillospira	ViralCopyNumberHighLow	Low	-0.250000000000002	0.249999998810463	8	1	0.355920389318712	0.446809832588325
Paracoccus	ViralCopyNumberHighLow	Low	-0.250000000000004	0.249999995291602	8	1	0.355929321538043	0.446809832588325
Petrobacter	ViralCopyNumberHighLow	Low	0.250000000000004	0.249999995303545	8	1	0.355922818318038	0.446809832588325
Porphyromonas	ViralCopyNumberHighLow	Low	-0.672947841246849	0.413379408378107	8	2	0.186686137022664	0.446809832588325
Prevotella	ViralCopyNumberHighLow	Low	0.993376704040647	0.760187869167475	8	3	0.239145525271719	0.446809832588325
Pseudomonas	ViralCopyNumberHighLow	Low	1.74247538139693	0.850951735532072	8	8	0.0865196813453609	0.446809832588325
Rhodococcus	ViralCopyNumberHighLow	Low	-0.250000000000002	0.249999998815778	8	1	0.355921159270965	0.446809832588325
Ruminococcus	ViralCopyNumberHighLow	Low	-0.249999999999997	0.249999998814652	8	1	0.355917681546818	0.446809832588325
Saccharopolyspora	ViralCopyNumberHighLow	Low	-1.6928449934817	1.2252584802755	8	3	0.21633135039687	0.446809832588325
Sanguibacter	ViralCopyNumberHighLow	Low	0.249999999999998	0.249999997957773	8	1	0.355920916732972	0.446809832588325
Selenomonas	ViralCopyNumberHighLow	Low	-0.250000000000007	0.249999999984109	8	1	0.355920234322337	0.446809832588325
Sporosarcina	ViralCopyNumberHighLow	Low	-0.25	0.249999998815778	8	1	0.355921159271129	0.446809832588325
Staphylococcus	ViralCopyNumberHighLow	Low	-2.0784872817527	1.81454350618267	8	6	0.295642847167551	0.446809832588325
Streptococcus	ViralCopyNumberHighLow	Low	-3.12494270875337	0.817172358347786	8	5	0.0314859812827419	0.446809832588325
Streptomyces	ViralCopyNumberHighLow	Low	3.69878400741118	1.41819719731619	8	6	0.0402233907676105	0.446809832588325
Veillonella	ViralCopyNumberHighLow	Low	-1.11953335167543	0.82073813240965	8	2	0.25159196714985	0.446809832588325
Brachybacterium	ViralCopyNumberHighLow	Low	-0.631771221282967	0.631771215199474	8	2	0.391002214043057	0.461382618417179
Brevundimonas	ViralCopyNumberHighLow	Low	1.21431044841298	1.21431044850404	8	2	0.39100221899761	0.461382618417179
Fusobacterium	ViralCopyNumberHighLow	Low	-0.487054364783514	0.487054364260293	8	2	0.391002218412878	0.461382618417179
Moraxella	ViralCopyNumberHighLow	Low	1.14225101337797	1.41451860512754	8	2	0.450186328107646	0.520803791340218
Acinetobacter	ViralCopyNumberHighLow	Low	0.562774220609032	0.776601756336922	8	8	0.49593450351379	0.562694917448339
Corynebacterium	ViralCopyNumberHighLow	Low	0.866906917939213	1.31158027748018	8	4	0.533177985119616	0.59353775701995
Cloacibacterium	ViralCopyNumberHighLow	Low	0.487344600506937	0.778573734399469	8	2	0.554399726636796	0.605733034658721
Turicibacter	ViralCopyNumberHighLow	Low	-0.412853480397441	0.708431179773305	8	2	0.581271983643563	0.623546309726732
Propionibacterium	ViralCopyNumberHighLow	Low	-0.965690920615817	2.10194219709849	8	7	0.662102075356744	0.697571829393713
Micrococcus	ViralCopyNumberHighLow	Low	-0.534422310921476	1.26715710324946	8	5	0.687901125553884	0.710955647217641
Stenotrophomonas	ViralCopyNumberHighLow	Low	0.213886518062949	0.526963662542844	8	2	0.698905551502088	0.710955647217641
Acidovorax	ViralCopyNumberHighLow	Low	-0.0431528869113347	0.38527732233347	8	2	0.914472777584283	0.914472777584283
