feature	metadata	value	coef	stderr	N	N.not.0	pval	qval
Actinobacillus	InfectStageML	Early Infection 5 & 7 wpi	-3.94697898113364	0.991717970526276	60	30	0.000232281210509034	0.0102203732623975
Afipia	InfectStageML	Late Infection 18 & 25 wpi	-3.19659905197862	1.15552069986674	60	19	0.00762786476166058	0.167813024756533
Herbaspirillum	InfectStageML	Late Infection 18 & 25 wpi	-2.22151780876611	0.878976476618499	60	34	0.0142891712347205	0.178780636204446
Pseudomonas	InfectStageML	Early Infection 5 & 7 wpi	1.67364335329995	0.681505192477709	60	51	0.0177280277537346	0.178780636204446
Sediminibacterium	InfectStageML	Late Infection 18 & 25 wpi	1.26519600735342	0.527134397161003	60	8	0.0203159813868689	0.178780636204446
Streptococcus	InfectStageML	Early Infection 5 & 7 wpi	2.16447736944127	1.14055839395741	60	38	0.0627996515014618	0.460530777677386
Acinetobacter	InfectStageML	Early Infection 5 & 7 wpi	1.20311654143431	1.0217239145504	60	52	0.243875054383814	0.733943981491382
Actinobacillus	InfectStageML	Late Infection 18 & 25 wpi	-1.18963535679289	0.991717970526277	60	30	0.236194136945563	0.733943981491382
Afipia	InfectStageML	Early Infection 5 & 7 wpi	-1.11113216332623	1.15552069986674	60	19	0.340319353533108	0.733943981491382
Caulobacter	InfectStageML	Early Infection 5 & 7 wpi	0.570757531880308	0.583418016412001	60	14	0.332831353665665	0.733943981491382
Caulobacter	InfectStageML	Late Infection 18 & 25 wpi	0.837625376591097	0.583418016412002	60	14	0.157566917186369	0.733943981491382
Microbacterium	InfectStageML	Early Infection 5 & 7 wpi	0.407021640296871	0.294085911807388	60	8	0.171746913689928	0.733943981491382
Porphyromonas	InfectStageML	Early Infection 5 & 7 wpi	-0.629122378402683	0.632031888760663	60	12	0.324535075188601	0.733943981491382
Sediminibacterium	InfectStageML	Early Infection 5 & 7 wpi	0.526732524048889	0.527134397161003	60	8	0.322690491686457	0.733943981491382
Staphylococcus	InfectStageML	Early Infection 5 & 7 wpi	1.27471318201142	0.834451439826975	60	28	0.132140920627007	0.733943981491382
Staphylococcus	InfectStageML	Late Infection 18 & 25 wpi	0.892365995502973	0.834451439826975	60	28	0.289395363073266	0.733943981491382
Stenotrophomonas	InfectStageML	Early Infection 5 & 7 wpi	-0.618175748461475	0.554082584522639	60	12	0.26924307691321	0.733943981491382
Streptococcus	InfectStageML	Late Infection 18 & 25 wpi	1.20821263483007	1.14055839395741	60	38	0.293923958144409	0.733943981491382
Streptomyces	InfectStageML	Early Infection 5 & 7 wpi	1.12751853119291	1.02945460524693	60	34	0.278009968634289	0.733943981491382
Turicibacter	InfectStageML	Early Infection 5 & 7 wpi	-0.302457618780342	0.321163124027646	60	9	0.350291445711796	0.733943981491382
Cutibacterium	InfectStageML	Early Infection 5 & 7 wpi	0.599338068136313	0.592948022918587	60	24	0.316394894248498	0.733943981491382
Corynebacterium	InfectStageML	Early Infection 5 & 7 wpi	-0.777212631618127	1.016912973066	60	29	0.447849126994498	0.83963680414626
Herbaspirillum	InfectStageML	Early Infection 5 & 7 wpi	-0.656815953898231	0.878976476618499	60	34	0.457983711352506	0.83963680414626
Turicibacter	InfectStageML	Late Infection 18 & 25 wpi	-0.241184431545022	0.321163124027646	60	9	0.455758913523436	0.83963680414626
Burkholderia	InfectStageML	Late Infection 18 & 25 wpi	0.217262420320941	0.316678263352005	60	7	0.495971725291703	0.855532351410241
Cutibacterium	InfectStageML	Late Infection 18 & 25 wpi	0.397295148861232	0.592948022918587	60	24	0.505541844015142	0.855532351410241
Bacillus	InfectStageML	Late Infection 18 & 25 wpi	-0.323616631470739	0.532574506905545	60	10	0.545835850440681	0.880170946232339
Streptomyces	InfectStageML	Late Infection 18 & 25 wpi	0.603383923795139	1.02945460524693	60	34	0.560108783966034	0.880170946232339
Acinetobacter	InfectStageML	Late Infection 18 & 25 wpi	-0.422149566940932	1.0217239145504	60	52	0.681029525488649	0.881115357220206
Bacillus	InfectStageML	Early Infection 5 & 7 wpi	-0.183461397202809	0.532574506905544	60	10	0.731752905127103	0.881115357220206
Burkholderia	InfectStageML	Early Infection 5 & 7 wpi	0.0968887655015592	0.316678263352005	60	7	0.760963263053814	0.881115357220206
Corynebacterium	InfectStageML	Late Infection 18 & 25 wpi	0.496900471520624	1.016912973066	60	29	0.626974060757598	0.881115357220206
Lactobacillus	InfectStageML	Early Infection 5 & 7 wpi	-0.290433490573643	0.754633188563945	60	16	0.702035961570098	0.881115357220206
Lactobacillus	InfectStageML	Late Infection 18 & 25 wpi	-0.386070156708452	0.754633188563945	60	16	0.611276797072158	0.881115357220206
Microbacterium	InfectStageML	Late Infection 18 & 25 wpi	-0.0945884711224878	0.294085911807388	60	8	0.748905377185082	0.881115357220206
Micrococcus	InfectStageML	Late Infection 18 & 25 wpi	0.343534575714862	0.64120806871684	60	24	0.594207916905053	0.881115357220206
Oscillospira	InfectStageML	Early Infection 5 & 7 wpi	0.0979625661339447	0.297771046351985	60	9	0.743371857290139	0.881115357220206
Oscillospira	InfectStageML	Late Infection 18 & 25 wpi	-0.103370448039045	0.297771046351985	60	9	0.729759069712432	0.881115357220206
Pseudomonas	InfectStageML	Late Infection 18 & 25 wpi	0.189213057178026	0.681505192477709	60	51	0.782481122623923	0.882799215268015
Porphyromonas	InfectStageML	Late Infection 18 & 25 wpi	0.147037498111197	0.632031888760662	60	12	0.817028143490925	0.895062222751803
Stenotrophomonas	InfectStageML	Late Infection 18 & 25 wpi	0.116629310541802	0.554082584522639	60	12	0.834035253018725	0.895062222751803
Enhydrobacter	InfectStageML	Early Infection 5 & 7 wpi	-0.115398369084514	0.659635416773558	60	15	0.861744640004847	0.902780099052697
Micrococcus	InfectStageML	Early Infection 5 & 7 wpi	0.0887036142172306	0.64120806871684	60	24	0.890460653182514	0.911169040465829
Enhydrobacter	InfectStageML	Late Infection 18 & 25 wpi	0.0531713109642709	0.659635416773558	60	15	0.936036763234664	0.936036763234664
