feature	metadata	value	coef	stderr	N	N.not.0	pval	qval
Actinobacillus	InfectStageML	Early Infection 5 & 7 wpi	-3.94697898113364	0.991717970526276	60	30	0.000232281210509034	0.0102203732623975
Afipia	InfectStageML	Late Infection 18 & 25 wpi	-3.19659905197862	1.15552069986674	60	19	0.00762786476166058	0.167813024756533
Herbaspirillum	InfectStageML	Late Infection 18 & 25 wpi	-2.22151780876611	0.878976476618499	60	34	0.0142891712347205	0.178780636204446
Pseudomonas	InfectStageML	Early Infection 5 & 7 wpi	1.67364335329995	0.681505192477709	60	51	0.0177280277537346	0.178780636204446
Sediminibacterium	InfectStageML	Late Infection 18 & 25 wpi	1.26519600735342	0.527134397161003	60	8	0.0203159813868689	0.178780636204446
