feature	metadata	value	coef	stderr	N	N.not.0	pval	qval
Janthinobacterium	NaturalMicro	Post-Depo	4.66295832731923	0.399580129056231	18	10	3.07971599954937e-09	1.75543811974314e-07
Stenotrophomonas	NaturalMicro	Post-Depo	5.31097789438249	0.906557501310717	18	13	2.42383753106933e-05	0.00069079369635476
Brevundimonas	NaturalMicro	Post-Depo	5.63175213832719	0.753458049015428	18	9	7.09558721280528e-05	0.001348161570433
Sediminibacterium	NaturalMicro	Post-Depo	1.40902172848073	0.415959854752941	18	6	0.00732828632117497	0.102962251169208
Streptomyces	NaturalMicro	Post-Depo	-2.69663895441002	0.827072943512057	18	6	0.00903177641835156	0.102962251169208
Pedobacter	NaturalMicro	Post-Depo	2.61478670616853	0.836516861498626	18	6	0.0112924114419023	0.107277908698071
Corynebacterium	NaturalMicro	Post-Depo	1.84866628364858	0.650619194584767	18	11	0.02176519923479	0.177230908054719
