SampleID,Abiotrophia,Achromobacter,Acidaminococcus,Acidovorax,Acinetobacter,Actinobacillus,Actinomyces,Actinoplanes,Adlercreutzia,Aerococcus,AF12,Afipia,Aggregatibacter,Agrobacterium,Agromyces,Alcanivorax,Alistipes,Alkanindiges,Allobaculum,Alloiococcus,Amaricoccus,Aminobacter,Anaerobacillus,Anaerococcus,Anaeroplasma,Anaerostipes,Anoxybacillus,Arcobacter,Arthrobacter,Asticcacaulis,Azospirillum,Bacillus,Bacteroides,Balneimonas,Bdellovibrio,Bifidobacterium,Bilophila,Blastomonas,Bradyrhizobium,Brevibacillus,Brevibacterium,Brevundimonas,Brochothrix,Burkholderia,Butyricicoccus,Caldilinea,Candidatus Arthromitus,Candidatus Nitrososphaera,Capnocytophaga,Carnobacterium,Caulobacter,Cellvibrio,Citricoccus,Cloacibacterium,Clostridium,Cohnella,Collinsella,Comamonas,Coprococcus,Corynebacterium,Cryocola,Cupriavidus,Cytophaga,DA101,Dechloromonas,Dehalobacterium,Dermabacter,Dermacoccus,Dialister,Dietzia,Dorea,Eggerthella,Elizabethkingia,Enhydrobacter,Enterobacter,Enterococcus,Erysipelothrix,Exiguobacterium,Faecalibacterium,Finegoldia,Flavisolibacter,Flavobacterium,Fusobacterium,Gardnerella,Gemella,Georgenia,Gluconobacter,Gordonia,Granulicatella,Haemophilus,Halomonas,Herbaspirillum,Hyphomicrobium,Janthinobacterium,Jeotgalicoccus,Kineococcus,Kocuria,Laceyella,Lachnoanaerobaculum,Lactobacillus,Lactococcus,Lampropedia,Leptotrichia,Leucobacter,Leuconostoc,Luteimonas,Marinomonas,Massilia,Megamonas,Megasphaera,Mesorhizobium,Methanobrevibacter,Microbacterium,Micrococcus,Microlunatus,Moraxella,Morganella,Mucispirillum,Mycobacterium,Mycoplana,N09,Neisseria,Nesterenkonia,Nocardioides,Nocardiopsis,Novosphingobium,Ochrobactrum,Odoribacter,Oryzihumus,Oscillospira,Paenibacillus,Parabacteroides,Paracoccus,Pasteurella,Pedobacter,Peptoniphilus,Perlucidibaca,Petrobacter,Phenylobacterium,Phyllobacterium,Planctomyces,Planifilum,Planomicrobium,Porphyromonas,Prevotella,Propionibacterium,Pseudochrobactrum,Pseudomonas,Pseudonocardia,Pseudoxanthomonas,Psychrobacter,Rheinheimera,Rhizobium,Rhodococcus,Rhodopila,Rhodoplanes,Roseburia,Roseomonas,Rothia,Rubellimicrobium,Rubrobacter,Ruminobacter,Ruminococcus,Saccharopolyspora,Salinicoccus,SargSea-WGS,Sediminibacterium,Serinicoccus,Shewanella,Sphingobacterium,Sphingobium,Sphingopyxis,Spirosoma,Sporosarcina,Staphylococcus,Stenotrophomonas,Steroidobacter,Streptococcus,Streptomyces,Sulfurospirillum,Sutterella,Thermicanus,Thermomonas,Turicibacter,Veillonella,Vibrio,WAL_1855D,Xanthobacter,Xanthomonas,Xylella,Yaniella
LK16S004-012,0,0,0,0,0.006849315,0,0,0,0.022289296,0,0.006617135,0,0,0,0,0,0.001160901,0,0,0,0,0,0,0,0,0,0,0,0,0,0,0,0.031924774,0,0,0,0.003250522,0,0,0.00058045,0,0,0,0,0.000928721,0,0,0,0,0,0,0,0,0,0.004063153,0,0,0,0.009751567,0,0,0,0,0,0,0.002553982,0,0,0,0,0.001044811,0,0,0,0,0,0,0,0,0,0,0,0,0,0,0,0,0,0,0,0,0,0,0,0,0.001160901,0.000696541,0,0,0.521941026,0.000812631,0,0.000812631,0,0,0,0,0,0,0,0,0,0,0.023334107,0,0,0,0.000812631,0,0,0,0,0,0,0,0,0,0.025191549,0,0.041560251,0,0.006501045,0,0,0,0,0,0,0,0,0,0,0,0,0.173786859,0.003018342,0,0.003250522,0,0,0,0,0,0,0,0,0,0,0,0,0,0,0.016484792,0,0,0,0,0,0,0,0,0,0,0,0.060831205,0.001044811,0,0.000696541,0.02658463,0,0,0,0,0,0.00046436,0,0,0,0,0,0
LK16S004-013,0,0,0,0,0.008425721,0,0,0,0,0,0,0,0,0,0,0,0,0,0,0,0,0,0,0,0,0,0,0,0,0,0,0,0,0,0,0,0,0,0,0,0,0,0,0,0,0,0,0,0,0,0,0,0,0,0,0,0,0,0,0,0,0,0,0,0,0,0,0,0,0,0,0,0,0,0,0,0,0,0,0,0,0,0.001108647,0,0,0,0,0,0,0,0,0,0,0,0,0,0,0,0,0.001330377,0,0,0,0,0,0,0,0,0.001552106,0,0,0,0,0,0,0,0,0,0,0,0,0,0,0,0,0,0,0,0,0,0,0,0,0,0,0,0,0,0,0,0,0,0,0.950776053,0.001552106,0,0,0,0,0,0,0,0,0,0,0,0,0,0,0,0,0,0,0,0,0,0,0,0,0,0,0,0,0,0.003104213,0,0,0.00864745,0.023503326,0,0,0,0,0,0,0,0,0,0,0,0
LK16S004-014,0,0,0,0,0.248571429,0,0,0,0,0,0,0,0,0,0,0,0,0,0,0.045714286,0,0,0,0,0,0,0,0,0,0,0,0,0.08,0,0,0,0,0,0,0,0,0,0,0,0,0,0,0,0,0,0,0,0,0,0,0,0,0,0,0,0,0,0,0,0,0,0,0,0,0,0,0,0,0,0,0,0,0,0,0,0,0,0.02,0,0,0,0,0,0,0,0,0,0,0.02,0,0,0,0,0,0.042857143,0,0,0,0,0,0,0,0,0,0,0,0,0,0.022857143,0,0,0,0,0,0,0,0,0,0,0,0,0,0,0,0,0,0,0,0,0,0,0,0,0,0,0,0,0,0,0,0.028571429,0,0,0,0,0,0,0,0,0,0,0,0,0,0,0,0,0.008571429,0,0,0,0,0,0,0,0,0,0,0,0.06,0,0,0.02,0.38,0,0.022857143,0,0,0,0,0,0,0,0,0,0
LK16S004-015,0,0,0,0,0.00081616,0,0,0,0.00010202,0,0,0,0,0,0,0,0,0,0,0,0,0,0,0.00010202,0,0,0,0,0,0,0,0,0,0,0,0,0,0,0,0,0,0,0,0,0,0,0,0,0,0,0,0,0,0,0,0,0,0,0,0,0,0,0,0,0,0,0,0,0,0,0,0,0,0,0,0,0,0,0,0,0,0,0,0,0,0,0,0,0,0,0,0,0,0,0,0,0,0,0,0.00025505,0,0,0,0,0,0,0,0,0,0,0,0,0,0.00040808,0,0,0,0,0,0,0,0,0,0,0,0,0,0,0,0.00020404,0,0,0,0,0,0,0,0,0,0,0,0,0,0.99469496,0,0,0,0.00025505,0,0,0,0,0,0,0,0,0,0,0,0,0,0,0.00030606,0,0,0,0,0,0,0,0,0,0,0,0.00107121,0,0,0,0.00178535,0,0,0,0,0,0,0,0,0,0,0,0
LK16S004-016,0,0,0,0,0.365269461,0,0,0,0,0,0,0,0,0,0,0,0,0,0,0,0,0,0,0,0,0,0,0,0,0,0,0,0.026946108,0,0,0,0,0,0,0,0,0,0,0,0,0,0,0,0,0,0,0,0,0,0,0,0,0,0.02994012,0,0,0,0,0,0,0,0,0.21257485,0,0,0.020958084,0,0,0,0,0,0,0,0,0,0,0,0,0,0,0,0,0,0,0,0,0,0,0,0,0,0,0,0,0.140718563,0,0,0,0,0,0,0,0,0,0,0,0,0,0,0,0,0,0,0,0,0,0,0,0,0,0,0,0,0,0.035928144,0,0,0,0,0,0,0,0,0,0,0,0,0,0.023952096,0,0,0,0.023952096,0,0,0,0,0,0,0,0,0,0,0,0,0,0,0,0,0,0,0,0,0,0,0,0,0,0,0.035928144,0,0,0.032934132,0.050898204,0,0,0,0,0,0,0,0,0,0,0,0
LK16S004-017,0,0,0,0.014981273,0.528089888,0,0,0,0,0,0,0,0,0,0,0,0,0,0,0,0,0,0.026217228,0,0,0,0,0,0,0,0,0,0,0,0,0,0,0,0,0,0,0,0,0,0,0,0,0,0,0,0,0.02247191,0,0,0,0,0,0,0,0.097378277,0,0,0,0,0,0,0,0,0,0,0,0,0,0,0,0,0,0,0,0,0,0,0,0,0,0,0,0,0,0,0,0,0,0,0,0,0,0,0,0,0,0,0,0,0.029962547,0,0,0,0,0,0,0,0,0,0,0,0,0,0,0,0,0,0,0,0,0,0,0,0,0,0,0,0,0,0,0,0,0,0,0,0,0,0,0.011235955,0.026217228,0.029962547,0,0.029962547,0,0,0,0,0,0,0,0,0,0,0.014981273,0,0,0,0,0,0,0,0,0,0,0,0,0,0,0,0.059925094,0,0,0.08988764,0.018726592,0,0,0,0,0,0,0,0,0,0,0,0
LK16S004-018,0,0,0,0,0.238042881,0,0,0,0,0,0,0,0,0,0,0,0,0,0.01264431,0,0,0,0.016492578,0,0,0,0,0,0,0,0,0,0,0,0,0.009895547,0,0,0,0,0,0,0,0,0,0,0.020890599,0,0,0,0,0.003848268,0,0,0.047278725,0,0,0,0.021440352,0.021990104,0,0,0,0,0,0,0,0,0,0,0,0,0,0,0,0,0,0,0,0,0,0,0,0,0,0,0,0.012094557,0,0,0,0,0,0,0,0,0,0,0,0.366684992,0,0,0,0,0,0,0.010995052,0,0,0,0,0,0,0,0,0,0,0,0,0,0,0,0,0,0,0,0,0,0,0.035184167,0,0.011544805,0,0,0,0,0,0,0,0,0,0,0,0,0.042330951,0.012094557,0,0.020340847,0,0.012094557,0,0,0,0,0,0,0,0,0,0,0,0,0,0,0,0,0,0,0,0,0,0,0,0,0.014293568,0,0,0,0.005497526,0,0,0,0,0.064321056,0,0,0,0,0,0,0
LK16S004-019,0,0,0,0,0.127024526,0,0,0,0,0,0,0,0,0.004627487,0,0,0,0,0,0,0,0,0,0,0,0,0,0,0,0,0,0,0.006015733,0,0,0,0,0,0,0,0,0,0,0,0,0,0,0,0,0,0,0.000694123,0,0,0,0,0,0,0.003007867,0.000925497,0,0,0,0,0,0,0,0,0,0,0,0.003007867,0,0,0,0,0,0,0,0.002082369,0,0,0,0.001850995,0,0,0,0,0,0,0,0,0,0,0,0,0,0,0,0.009486349,0,0,0,0,0,0,0,0.002082369,0,0,0,0,0,0.013419713,0,0,0,0,0,0,0,0,0,0,0,0,0,0.001850995,0,0.007172605,0,0.002545118,0,0,0,0,0,0,0.001156872,0,0,0,0,0.004396113,0.018509949,0.00532161,0,0.03447478,0,0,0,0,0,0,0,0,0,0,0,0,0,0,0.003007867,0.002313744,0,0,0,0,0,0,0,0,0,0,0.016196205,0.00370199,0,0.002082369,0.717029153,0,0,0,0,0,0.006015733,0,0,0,0,0,0
LK16S004-020,0,0,0,0,0.000485861,0,0,0,0,0,0,0,0,0,0,0,0,0,0,0,0,0,0,0,0,0,0,0,0,0,0,0,0,0,0,0,0,0,0,0,0,0,0,0,0,0,0,0,0,0,0,0,0,0,0,0,0,0,0,0,0,0,0,0,0,0,0.000583034,0,0,0,0,0,0,0,0,0,0,0,0,0,0,0,0,0,0,0,0,0,0,0,0,0,0,0,0,0,0,0,0,0,0,0,0,0,0,0,0,0,0,0,0,0,0,0,0,0,0,0,0,0,0,0,0,0,0,0,0,0,0,0,0,0,0,0,0,0,0,0,0,0,0,0,0,0.893304829,0,0,0,0,0,0,0,0,0,0,0,0,0,0,0,0,0,0,0,0,0,0,0,0,0,0,0,0,0,0,0,0,0,0.104994656,0.00063162,0,0,0,0,0,0,0,0,0,0,0,0
LK16S004-021,0,0,0,0,0.112359551,0,0,0,0,0,0,0,0,0,0,0,0,0,0,0,0,0,0,0,0,0,0,0,0,0,0,0,0,0,0,0,0,0,0,0,0,0,0,0,0,0,0,0,0,0,0,0,0,0,0.016853933,0,0,0,0,0,0,0,0,0,0,0,0,0,0,0,0,0,0,0,0,0,0,0,0,0,0,0,0,0,0,0,0,0,0,0,0,0,0,0,0,0,0,0,0,0.106741573,0,0,0,0,0,0,0,0,0,0,0,0,0,0.056179775,0,0,0,0,0,0,0,0,0,0,0,0,0,0,0,0,0,0,0,0,0,0,0,0,0,0,0,0,0,0,0,0,0,0.028089888,0,0,0,0,0,0,0,0,0,0,0,0,0,0,0,0,0,0,0,0,0,0,0,0,0,0,0,0,0,0.06741573,0.612359551,0,0,0,0,0,0,0,0,0,0,0,0
LK16S004-022,0,0,0,0,0.22235023,0,0.003456221,0,0,0,0,0,0,0,0,0,0,0,0,0.021889401,0,0,0,0,0,0,0,0,0,0,0,0,0,0,0,0,0,0,0,0,0,0,0,0,0,0,0,0,0,0,0,0,0,0,0,0,0,0,0,0.014976959,0,0,0,0,0,0,0,0,0,0,0,0,0,0,0,0,0,0,0,0,0,0,0,0,0,0,0,0,0,0,0,0,0,0,0,0,0,0,0.004608295,0.101382488,0.017281106,0,0,0,0,0,0,0,0,0,0,0,0,0.025345622,0,0,0,0,0,0,0,0,0,0,0,0,0,0,0,0,0.004608295,0,0,0,0,0,0.031105991,0,0,0,0,0,0,0,0.016129032,0.048387097,0,0.035714286,0,0,0,0,0,0,0,0,0,0,0,0,0,0,0.008064516,0,0,0,0,0,0,0,0,0,0,0,0.055299539,0,0,0.057603687,0.314516129,0,0,0,0,0,0.008064516,0,0.00921659,0,0,0,0
LK16S004-023,0,0,0,0,0.087719298,0,0,0,0,0,0,0,0,0,0,0,0,0,0,0,0,0,0,0,0,0,0,0,0,0,0,0,0,0,0,0,0,0,0,0,0,0,0,0,0,0,0,0,0,0,0,0,0,0,0,0,0,0,0,0,0,0,0,0,0,0,0,0,0,0,0,0,0,0,0,0,0,0,0,0,0,0,0,0,0,0,0,0,0,0,0,0,0,0,0,0,0,0,0,0.122807018,0,0,0,0,0,0,0,0,0,0,0,0,0,0.070175439,0,0,0,0,0,0,0,0,0,0,0,0,0,0.035087719,0,0,0,0,0,0,0,0,0,0,0,0,0,0,0,0,0,0,0,0.087719298,0,0,0,0,0,0,0,0,0,0,0,0,0,0,0,0,0,0,0,0,0,0,0,0,0,0,0,0,0,0.140350877,0.456140351,0,0,0,0,0,0,0,0,0,0,0,0
LK16S004-030,0,0,0,0,0.388007055,0,0.019400353,0,0,0.044091711,0,0,0,0,0,0,0,0,0,0,0,0.035273369,0,0,0,0,0,0,0,0,0,0,0,0,0,0,0,0,0,0,0,0,0,0,0,0,0,0,0,0,0,0.021164021,0,0,0,0,0,0,0,0.042328042,0,0,0,0,0,0,0,0,0,0,0,0,0,0,0,0,0,0,0,0,0,0,0,0,0,0,0,0,0,0.015873016,0.008818342,0,0,0,0,0,0,0,0,0.098765432,0.008818342,0,0,0,0,0,0,0,0,0,0,0,0,0,0,0,0,0,0,0,0,0,0,0,0,0,0,0,0,0,0,0,0,0,0,0,0,0,0,0,0,0,0,0,0,0.029982363,0,0.086419753,0,0,0,0.014109347,0,0,0,0,0,0,0,0,0.028218695,0,0,0,0,0,0,0,0,0.010582011,0,0,0,0,0.014109347,0.044091711,0,0,0.015873016,0,0,0,0,0,0,0,0,0,0,0.074074074,0
LK16S004-031,0,0,0,0,0.295918367,0,0,0,0,0,0,0,0,0,0,0,0,0,0,0,0,0,0,0,0,0,0,0,0,0,0,0,0,0,0,0,0,0,0,0,0,0,0,0,0,0,0,0,0,0,0,0.017006803,0,0,0,0,0,0,0,0,0,0,0.010204082,0,0,0,0,0,0,0,0,0,0,0,0,0,0,0,0,0,0,0,0,0,0,0,0,0,0,0,0,0,0,0,0,0,0,0,0,0.108843537,0,0,0,0,0,0,0,0.414965986,0,0,0,0,0,0,0,0,0,0,0,0,0,0,0,0,0,0,0,0,0,0,0,0,0,0,0,0,0,0,0,0,0,0,0,0,0,0,0,0.020408163,0,0,0.017006803,0,0,0.047619048,0,0,0,0,0,0,0,0,0,0,0,0,0,0,0,0,0.023809524,0,0,0,0,0,0,0,0.044217687,0,0,0,0,0,0,0,0,0,0,0,0
LK16S004-032,0,0,0,0,0.333846154,0,0,0,0,0,0,0,0,0,0,0,0,0,0,0,0,0,0,0,0,0,0,0,0,0,0,0.018461538,0,0,0,0,0,0,0,0,0,0,0,0,0,0,0,0,0,0,0.036923077,0.047692308,0,0,0,0,0,0,0,0.016923077,0,0,0,0.021538462,0,0,0,0,0,0,0,0,0,0,0,0.158461538,0,0,0,0,0,0.02,0,0,0,0,0,0,0,0,0,0,0,0,0,0,0,0,0,0,0,0,0,0,0,0,0,0,0,0,0,0,0,0,0,0,0,0,0,0,0.015384615,0,0,0.007692308,0,0,0.010769231,0,0,0,0,0,0,0,0,0,0,0,0.024615385,0,0,0,0,0,0,0,0,0.009230769,0,0,0,0,0,0,0,0,0,0.026153846,0,0,0,0,0,0,0,0,0.024615385,0,0,0,0.013846154,0.029230769,0,0,0,0.004615385,0,0,0.18,0,0,0,0,0,0,0,0,0,0,0,0
LK16S004-052,0,0,0,0,0.645101664,0,0,0,0,0,0,0,0,0,0,0,0,0,0,0,0,0,0,0,0,0,0,0,0,0.012939002,0,0,0,0,0,0,0,0,0,0,0,0,0,0,0,0,0,0,0,0,0,0.011090573,0,0,0,0,0,0,0,0,0,0,0,0,0,0,0,0,0,0,0,0,0,0,0,0,0,0,0,0,0.036968577,0,0,0,0,0,0,0,0,0,0,0,0,0,0,0,0,0,0,0.051756007,0,0,0,0,0,0,0,0,0,0,0,0,0,0,0,0,0,0,0,0,0,0,0,0,0,0,0,0,0,0,0,0,0,0,0,0,0,0,0,0,0,0,0,0.011090573,0,0,0,0.125693161,0,0,0,0,0,0,0,0,0,0,0,0,0,0,0,0,0,0,0,0,0,0,0,0,0,0.066543438,0,0,0,0,0.038817006,0,0,0,0,0,0,0,0,0,0,0,0
LK16S004-053,0,0,0,0,0.061016949,0,0,0,0,0,0,0,0,0,0,0,0,0,0,0,0,0,0,0,0,0,0,0,0,0,0,0,0.006779661,0,0,0,0,0,0,0,0,0,0,0,0,0,0,0,0,0,0,0,0,0,0,0,0,0,0,0,0,0,0,0,0,0,0,0,0,0,0,0,0,0,0,0,0,0,0,0,0,0,0,0,0,0,0,0,0,0,0,0,0,0,0,0,0,0,0,0,0.013559322,0,0,0,0,0,0,0,0,0,0,0,0,0.108474576,0,0,0,0,0,0,0,0,0,0,0,0,0,0,0,0,0,0,0.101694915,0,0,0,0,0,0,0,0,0,0,0,0,0,0,0,0,0,0,0,0,0,0,0,0,0,0,0,0,0,0,0,0,0,0,0,0,0,0,0,0,0,0.66779661,0,0,0,0.030508475,0,0,0,0,0,0.010169492,0,0,0,0,0,0
LK16S004-054,0,0,0,0,0.485835694,0,0,0,0.008498584,0,0,0,0,0,0,0,0,0,0,0,0,0,0,0,0,0,0,0,0,0,0,0,0,0,0,0,0,0,0,0.016997167,0,0,0,0,0,0,0,0,0,0,0,0,0,0,0,0,0,0,0,0.082152975,0,0,0,0,0,0,0,0,0,0,0,0,0,0,0,0,0,0,0,0,0,0,0,0,0,0,0,0,0,0,0,0,0,0,0,0,0,0,0,0.011331445,0,0,0,0,0,0,0,0,0,0,0,0,0,0,0,0,0,0,0,0.042492918,0,0,0,0,0,0,0,0,0,0,0,0,0,0,0,0,0,0,0,0,0,0,0,0.043909348,0,0,0,0.077903683,0,0,0,0,0,0,0,0,0,0,0,0,0,0,0,0,0,0.041076487,0,0,0,0,0,0,0,0,0,0,0,0.032577904,0.157223796,0,0,0,0,0,0,0,0,0,0,0,0
LK16S004-055,0,0,0,0,0.001018278,0,0,0,0,0,0,0,0,0,0,0,0,0,0,0,0,0,0,0,0,0,0,0,0,0,0,0,0,0,0,0,0,0,0,0,0,0,0,0,0,0,0,0,0,0,0,0,0,0,0,0,0,0,0,0,0,0,0,0,0,0,0,0,0,0,0,0,0,0,0,0,0,0,0,0,0,0,0,0,0,0,0,0,0,0,0,0,0,0,0,0,0,0,0,0,0,0,0,0,0,0,0,0,0,0,0,0,0,0,0,0,0,0.000101828,0,0,0,0,0,0,0,0,0,0,0,0,0,0,0,0,0,0,0,0,0,0,0,0,0,0.998778066,0,0,0,0,0,0,0,0,0,0,0,0,0,0,0,0,0,0,0,0,0,0,0,0,0,0,0,0,0,0,0,0,0,0,0.000101828,0,0,0,0,0,0,0,0,0,0,0,0
LK16S004-056,0,0.0042123,0,0,0.319292334,0,0,0,0,0,0,0,0,0,0,0,0,0.01179444,0,0,0.0210615,0,0,0,0,0,0,0,0,0,0,0,0,0,0,0,0,0,0,0,0,0,0,0,0,0,0,0,0,0,0,0,0,0,0,0,0,0,0,0.068239259,0,0,0,0,0,0,0,0,0,0,0,0,0,0,0,0,0,0,0,0,0,0,0,0,0,0,0,0,0,0,0,0,0,0,0,0,0,0,0,0.0210615,0.038753159,0,0,0,0,0,0,0,0,0,0,0,0,0.02316765,0,0,0,0,0,0,0,0,0,0,0,0,0,0,0,0,0,0,0,0,0,0,0,0,0,0,0,0,0,0.0042123,0,0.00252738,0,0.049705139,0,0,0,0,0,0,0,0,0,0,0,0.01095198,0,0,0,0,0,0,0,0,0,0,0,0.00505476,0,0,0.339932603,0.00379107,0,0.01010952,0.066133109,0,0,0,0,0,0,0,0,0,0,0,0
LK16S004-057,0,0,0,0,0.000679277,0,0,0,0,0,0,0,0,0,0,0,0,0,0,0,0,0,0,0,0,0,0,0,0,0,0,0,0,0,0,0,0,0,0,0,0,0,0,0,0,0,0,0,0,0,0,0,0,0,0,0,0,0,0,0,0,0,0,0,0,0,0,0,0,0,0,0,0,0,0,0,0,0,0,0,0,0,0,0,0,0,0,0,0,0,0,0,0,0,0,0,0,0,0,0,0,0,0,0,0,0,0,0,0,0,0,0,0,0,0,0,0,0,0,0,0,0,0,0,0,0,0,0,0,0,0,0,0,0,0,0,0,0,0,0,0,0,0,0.998275682,0,0,0,0,0,0,0,0,0,0,0,0,0,0,0,0,0,0,0,0,0,0,0,0,0,0,0,0,0,0,0,0,0,0,0.001045041,0,0,0,0,0,0,0,0,0,0,0,0
LK16S004-058,0,0,0,0,0.040816327,0,0,0,0,0,0,0,0,0,0,0,0,0,0,0,0,0,0,0,0,0,0,0,0,0,0,0,0,0,0,0,0,0,0,0,0,0,0,0,0,0,0,0,0,0,0,0,0,0,0,0,0,0,0,0,0,0,0,0,0,0,0,0,0,0,0,0,0,0,0,0,0,0,0,0,0,0,0,0,0,0,0,0,0,0,0,0,0,0,0,0,0,0,0,0,0,0,0,0,0,0,0,0,0,0,0,0,0,0.015306122,0,0,0,0,0,0,0,0,0,0,0,0,0,0,0,0,0,0,0,0,0,0,0,0,0,0,0,0,0,0,0,0,0,0.003826531,0,0,0,0,0,0,0,0,0,0,0,0,0,0,0,0,0,0,0,0,0,0,0,0,0,0,0.021683673,0,0,0.918367347,0,0,0,0,0,0,0,0,0,0,0,0,0
LK16S004-059,0,0,0,0,0.00837797,0.001236094,0,0,0,0,0,0,0,0,0,0,0,0,0,0,0,0,0,0,0,0,0,0,0,0,0,0,0,0,0,0,0,0,0,0,0,0,0,0,0,0,0,0,0,0,0,0,0,0,0,0,0,0,0,0,0,0,0,0,0,0,0,0,0,0,0,0,0,0,0,0.02623266,0,0,0,0,0,0,0.000549375,0,0,0,0,0,0,0,0,0,0,0,0,0,0,0,0,0.001236094,0,0,0,0,0,0,0,0,0,0,0,0,0,0,0,0,0,0,0,0,0,0,0,0.00109875,0,0,0,0,0,0,0,0,0,0,0,0,0,0,0,0,0,0,0,0.039005631,0,0,0,0.001510781,0,0,0,0,0,0,0,0,0,0,0,0,0,0,0,0,0,0,0,0,0,0,0,0,0.001648125,0,0,0,0,0.919104519,0,0,0,0,0,0,0,0,0,0,0,0,0
LK16S004-060,0,0,0,0,0.021338506,0,0,0,0,0,0,0,0,0,0,0,0,0,0,0,0,0,0,0,0,0,0,0,0,0,0,0,0,0,0,0,0,0,0,0,0,0,0,0,0,0,0,0.007759457,0,0,0,0,0,0,0,0,0,0,0,0,0,0,0,0,0,0,0,0,0,0,0,0,0,0,0,0.247332687,0,0,0,0,0,0,0,0,0,0,0,0,0,0,0,0,0,0,0,0,0,0,0,0.004849661,0,0,0,0,0,0,0,0,0,0,0,0,0,0.0785645,0,0,0,0,0,0,0,0,0,0,0,0,0,0,0,0,0,0,0,0,0,0,0,0,0,0,0,0,0,0.476236663,0,0,0,0.005819593,0,0,0,0,0,0,0,0,0,0,0,0,0,0,0,0,0,0,0,0,0,0,0,0,0,0,0.149369544,0,0,0,0.002909796,0,0,0,0,0,0.005819593,0,0,0,0,0,0
LK16S004-061,0,0,0,0,0.009607894,0,0,0,0,0,0,0.001558037,0,0,0,0,0,0,0,0,0,0,0,0,0,0,0,0,0,0,0,0,0,0,0,0,0,0,0,0,0,0,0,0,0,0,0,0,0,0,0,0,0,0,0,0,0,0,0,0.003895092,0,0,0,0,0,0,0,0,0,0,0,0,0,0,0,0,0,0,0.000779018,0,0,0,0,0,0,0,0,0,0,0,0,0,0,0,0,0,0,0,0,0,0,0,0,0,0,0,0,0,0,0,0,0,0,0,0,0,0,0,0,0,0,0,0,0,0,0,0,0,0,0,0,0,0,0,0,0,0,0,0,0,0,0,0,0.978966502,0,0,0,0.002337055,0,0,0,0,0,0,0,0,0,0,0,0,0,0,0,0,0,0,0,0,0,0,0,0,0,0,0,0,0,0,0.002856401,0,0,0,0,0,0,0,0,0,0,0,0
LK16S004-062,0,0,0.000880863,0,0.001211187,0,0,0,0,0,0,0,0,0,0,0,0,0,0,0,0,0,0,0,0,0,0,0,0,0,0,0,0,0,0,0,0,0,0,0,0,0,0,0,0,0,0,0,0,0,0,0,0,0,0,0,0,0,0,0.001541511,0,0,0,0,0,0,0,0,0,0,0,0,0,0,0,0.184761066,0,0,0,0,0,0,0,0,0,0,0,0,0,0,0,0,0,0,0,0,0,0,0,0,0,0,0,0,0,0,0,0,0,0,0,0,0,0,0,0,0,0,0,0,0,0,0,0,0,0,0,0,0,0,0,0,0,0,0,0,0,0,0,0,0,0,0,0,0,0,0,0.000220216,0,0,0,0,0,0,0,0,0,0,0,0,0,0,0,0,0,0,0,0,0,0,0,0,0,0,0,0,0,0.811385157,0,0,0,0,0,0,0,0,0,0,0,0,0
LK16S004-063,0,0,0,0,0.000416979,0,0,0,0,0,0,0,0,0,0,0,0,0,0,0,0,0,0,0,0,0,0,0,0,0,0,0,0,0,0,0,0,0,0,0,0,0,0,0,0,0,0,0,0,0,0,0,0,0,0,0,0,0,0,0.001584522,0,0,0,0,0,0,0,0,0,0,0,0,0,0,0,0,0,0,0,0,0,0,0,0,0,0,0,0,0,0,0,0,0,0,0,0,0,0,0,0,0,0,0,0,0,0,0,0,0,0,0,0,0,0,0,0,0,0,0,0,0,0,0,0,0,0,0,0,0,0,0,0,0,0,0,0,0,0,0,0,0,0,0,0.978233675,0,0,0,0,0,0,0,0,0,0,0,0,0,0,0,0,0,0,0,0,0,0,0,0,0,0,0,0,0,0,0,0,0,0.019764824,0,0,0,0,0,0,0,0,0,0,0,0,0
LK16S004-070,0,0,0,0,0.727272727,0,0,0,0,0,0,0,0,0,0,0,0,0,0,0,0,0,0,0,0,0,0,0,0,0,0,0,0,0,0,0,0,0,0,0,0,0,0,0,0,0,0,0,0,0,0,0,0,0,0,0,0,0,0,0,0,0,0,0,0,0,0,0,0,0,0,0,0,0,0,0,0,0,0,0,0,0,0,0,0,0,0,0,0,0,0,0,0,0,0,0,0,0,0,0,0,0,0,0,0,0,0,0,0,0,0,0,0,0.272727273,0,0,0,0,0,0,0,0,0,0,0,0,0,0,0,0,0,0,0,0,0,0,0,0,0,0,0,0,0,0,0,0,0,0,0,0,0,0,0,0,0,0,0,0,0,0,0,0,0,0,0,0,0,0,0,0,0,0,0,0,0,0,0,0,0,0,0,0,0,0,0,0,0,0,0,0,0
LK16S004-071,0,0,0,0,0,0,0,0,0,0,0,0,0,0,0,0,0,0,0,0,0,0,0,0,0,0,0,0,0,0,0,0,0,0,0,0,0,0,0,0,0,0,0,0,0,0,0,0,0,0,0,0,0,0,0,0,0,0,0,0,0,0,0,0,0,0,0,0,0,0,0,0,0,0,0,0.001813734,0,0,0,0,0,0,0,0,0.498354986,0,0,0,0,0,0,0,0,0,0,0,0,0,0,0,0,0,0,0,0,0,0,0,0,0,0,0,0,0,0,0,0,0,0,0,0,0,0,0,0,0,0,0,0,0,0,0,0,0,0,0,0,0,0,0,0,0,0,0.499831281,0,0,0,0,0,0,0,0,0,0,0,0,0,0,0,0,0,0,0,0,0,0,0,0,0,0,0,0,0,0,0,0,0,0,0,0,0,0,0,0,0,0,0,0,0,0,0
LK16S004-072,0,0,0,0,0.0009044,0,0,0,0,0,0,0,0,0,0,0,0,0,0,0,0,0,0,0,0,0,0,0,0,0,0,0,0,0,0,0,0,0,0,0,0,0,0,0,0,0,0,0,0,0,0,0,0,0,0,0,0,0,0,0,0,0,0,0,0,0,0,0,0,0,0,0,0,0,0,0,0,0,0,0,0,0,0.0002128,0,0.853274459,0,0,0,0,0,0,0,0,0,0,0,0,0,0,0,0,0,0,0,0,0,0,0,0,0,0,0,0,0.0001596,0,0,0,0,0,0,0,0,0,0,0,0,0,0,0,0,0,0,0,0,0,0,0,0,0,0,0,0,0,0.143746343,0,0,0,0,0,0,0,0,0,0,0,0,0,0,0.0004788,0,0,0,0,0,0,0,0,0,0,0,0,0,0,0,0.0004788,0,0,0,0.0007448,0,0,0,0,0,0,0,0,0,0,0,0
LK16S004-084,0,0,0,0,0.219475277,0,0.004540868,0,0,0,0,0,0,0,0,0,0,0,0,0,0,0,0.016649849,0,0,0,0.007568113,0,0,0,0,0.015136226,0,0,0,0.051463169,0,0,0,0,0,0,0,0.004036327,0,0.014127144,0,0,0,0,0,0,0,0,0,0.030776993,0,0,0,0.094349142,0.053985873,0,0,0,0,0,0,0,0,0,0,0,0,0,0,0.012108981,0,0,0,0,0,0,0,0,0,0,0,0,0,0,0,0,0,0,0,0,0.024217962,0.008577195,0,0.01715439,0,0,0.005045409,0,0,0,0,0,0,0,0,0,0.00605449,0.070131181,0,0,0,0.002522704,0,0,0,0,0,0,0,0.021695257,0,0,0,0,0.009586276,0,0,0,0,0,0,0,0,0,0,0.009586276,0,0,0.00605449,0.008577195,0,0.031281534,0.005045409,0,0,0,0,0,0,0,0,0,0,0,0,0,0,0.007568113,0,0,0,0,0,0,0,0,0,0,0.108980827,0.007063572,0,0.015136226,0.111503532,0,0,0,0,0,0,0,0,0,0,0,0
LK16S004-085,0,0,0,0,0.354166667,0,0,0,0,0,0,0,0,0,0,0,0,0,0,0,0,0,0,0,0,0,0,0,0,0,0,0,0,0,0,0.03125,0,0,0,0,0,0,0,0,0,0,0,0,0,0,0,0,0,0,0,0,0,0,0,0,0,0,0,0,0,0,0,0,0,0,0,0,0,0,0,0,0,0,0,0,0,0,0,0,0,0,0,0,0,0,0,0,0,0,0,0,0,0,0,0.03125,0,0,0,0,0,0,0,0,0,0,0,0,0,0.104166667,0,0,0,0,0.083333333,0,0,0,0,0,0,0,0,0,0,0,0,0,0,0,0,0,0,0,0,0,0,0,0,0,0,0.052083333,0,0,0,0,0,0,0,0,0,0,0,0,0,0,0,0,0,0,0,0,0,0,0,0,0,0,0,0,0.177083333,0,0,0,0.125,0,0,0,0,0,0.041666667,0,0,0,0,0,0
LK16S004-086,0,0,0,0,0.36627907,0,0,0,0,0,0,0,0,0,0,0,0,0,0,0,0,0,0.021594684,0,0,0,0,0,0,0,0,0,0,0,0,0,0,0,0,0,0,0,0,0,0,0,0,0,0,0,0,0,0,0,0,0,0,0,0,0,0,0,0.009966777,0,0,0,0,0,0,0,0,0,0,0.025747508,0,0,0,0,0,0,0,0,0,0,0,0,0,0,0,0,0,0,0,0,0,0,0,0,0,0.021594684,0,0,0,0,0,0,0,0,0,0,0,0,0,0.050664452,0,0,0.013289037,0,0,0,0,0,0,0,0,0,0,0,0,0,0,0,0,0,0,0,0,0,0,0,0,0,0,0,0,0.005813953,0,0.062292359,0,0,0,0,0,0,0,0,0,0,0,0,0,0,0,0,0,0,0,0,0,0,0.009966777,0,0,0,0.103820598,0,0,0.085548173,0.188538206,0,0,0,0,0,0.034883721,0,0,0,0,0,0
LK16S004-087,0,0,0,0,0.490606936,0,0,0,0,0,0,0,0,0,0,0,0,0,0,0,0,0,0,0,0,0,0,0,0,0,0,0,0,0,0,0,0,0,0,0,0,0,0,0,0,0,0,0,0,0,0,0.002890173,0,0,0,0,0,0,0,0,0,0,0,0,0,0,0,0,0,0,0,0,0,0,0,0,0,0.007947977,0,0,0,0,0,0,0,0,0,0,0,0,0,0,0,0,0,0,0,0,0,0.025289017,0,0,0,0,0,0,0,0,0,0,0,0,0,0.037572254,0,0,0,0,0,0,0,0,0,0,0,0,0,0,0,0,0,0,0,0,0,0,0,0,0,0,0,0,0,0,0,0.010115607,0,0.097543353,0,0,0,0,0,0,0,0,0,0,0.018786127,0,0,0,0,0,0,0,0,0,0,0,0.00216763,0,0,0,0.011560694,0.030346821,0,0.010115607,0.23265896,0,0,0,0,0,0.022398844,0,0,0,0,0,0
LK16S004-088,0,0,0,0,0.258970359,0,0,0,0,0,0,0,0,0,0,0.00624025,0,0,0,0,0,0,0,0,0,0,0,0,0,0,0,0,0,0,0,0,0,0,0,0,0,0,0,0.028081123,0,0,0,0,0,0.010920437,0,0.010920437,0,0,0,0,0,0,0,0.215288612,0,0,0,0,0,0,0,0,0,0,0,0,0,0,0,0,0,0,0.026521061,0.017160686,0,0,0,0,0,0,0,0,0,0,0,0,0,0,0,0,0,0,0,0,0,0,0,0,0,0,0,0,0,0,0,0,0,0,0,0.029641186,0,0.046801872,0,0,0.043681747,0,0,0,0,0,0,0.010920437,0,0.099843994,0,0,0,0,0,0,0,0,0,0,0,0,0,0,0.014040562,0.009360374,0,0.068642746,0,0,0,0,0,0,0,0,0,0,0,0,0,0,0.057722309,0.015600624,0,0,0,0,0,0,0,0,0,0,0.029641186,0,0,0,0,0,0,0,0,0,0,0,0,0,0,0,0
LK16S004-089,0,0,0,0,0.551136364,0,0,0,0,0,0,0,0,0,0,0,0,0,0,0,0,0,0.031818182,0,0,0,0,0,0,0,0,0,0,0,0,0,0,0,0,0,0,0,0,0.020454545,0,0,0,0,0,0,0,0,0,0.017045455,0,0,0,0,0.020454545,0.006818182,0,0,0,0,0,0,0,0,0,0,0,0,0,0,0,0,0,0,0,0,0,0,0,0,0,0,0,0,0,0,0,0,0,0,0,0,0,0,0,0.044318182,0,0,0,0,0,0,0,0,0,0,0,0,0,0,0,0,0,0.040909091,0,0,0,0,0,0,0.010227273,0,0,0,0,0.043181818,0,0.0125,0,0,0,0,0,0,0,0,0,0,0,0,0.004545455,0.011363636,0,0.047727273,0,0,0,0,0,0,0,0,0,0,0,0,0,0,0,0,0,0,0,0,0,0,0,0,0,0,0.013636364,0,0,0.054545455,0.023863636,0,0,0,0,0.045454545,0,0,0,0,0,0,0
LK16S004-090,0,0,0,0.009966777,0.446843854,0,0,0,0,0,0,0,0,0,0,0,0,0,0,0,0,0,0,0,0,0,0,0,0,0,0,0,0,0,0,0,0,0,0,0,0,0,0,0,0,0,0,0,0,0,0,0.019933555,0,0,0.041528239,0,0,0,0,0,0,0,0,0,0,0,0,0,0,0,0,0,0,0,0,0,0,0,0,0,0,0.006644518,0,0,0,0,0,0,0,0,0,0,0,0,0,0,0,0,0,0,0,0,0,0,0,0,0,0.03986711,0,0,0,0,0,0.132890365,0,0,0,0,0,0,0,0,0,0,0,0,0,0,0,0.07641196,0,0,0,0,0,0,0,0,0,0,0,0,0,0.004983389,0.004983389,0,0,0.058139535,0,0,0,0,0,0,0,0,0,0,0,0,0,0,0.034883721,0,0,0,0,0,0,0,0,0,0,0,0.044850498,0.028239203,0,0,0.018272425,0,0,0,0,0,0,0,0,0.031561462,0,0,0
LK16S004-091,0,0,0,0,0.720338983,0,0,0,0,0,0,0,0,0,0,0,0,0,0,0,0,0,0,0,0,0,0,0,0,0,0,0,0,0,0,0,0,0,0,0,0,0,0,0,0,0,0,0,0,0,0,0,0,0,0.014830508,0,0,0,0,0.046610169,0,0,0,0,0,0,0,0,0,0,0,0,0,0.025423729,0,0,0,0,0,0,0,0,0,0.016949153,0,0,0,0,0,0,0,0,0,0,0,0,0,0,0,0,0,0,0,0,0,0,0,0.036016949,0,0,0,0,0,0,0,0,0,0,0,0,0,0,0,0,0,0,0,0,0,0,0,0,0,0,0,0,0,0,0,0,0,0,0,0,0,0.01059322,0,0.065677966,0,0,0,0,0,0,0,0,0,0,0,0,0,0,0,0,0,0,0,0,0,0,0,0,0,0,0,0,0,0,0.063559322,0,0,0,0,0,0,0,0,0,0,0,0
LK16S004-092,0,0,0,0,0.000470838,0,0,0,0,0,0,0,0,0,0,0,0,0,0,0,0,0,0,0,0,0,0,0,0,0,0,0,0,0,0,0,0,0,0,0,0,0,0,0,0,0,0,0,0,0,0,0,0,0,0,0,0,0,0,0,0,0,0,0,0,0,0,0,0,0,0,0,0,0,0,0,0,0,0,0,0,0,0,0,0,0,0,0,0,0,0,0,0,0,0,0,0,0,0,0,0.003413572,0,0,0,0,0,0,0,0,0,0,0,0,0,0,0,0,0,0,0,0,0,0,0,0,0,0,0,0,0,0,0,0,0,0,0.000353128,0,0,0,0,0,0,0,0.994173386,0,0,0,0,0,0,0,0,0,0,0,0,0,0,0,0,0,0,0,0,0,0,0,0,0,0,0,0,0,0,0,0,0,0.001589077,0,0,0,0,0,0,0,0,0,0,0,0,0
LK16S004-093,0,0,0,0,0.43765586,0,0,0,0,0,0,0,0,0,0,0,0,0,0,0,0,0,0,0,0,0,0,0,0,0,0,0,0,0,0,0,0,0,0,0,0,0,0,0,0,0,0,0,0,0,0.003740648,0.006234414,0,0,0,0,0.017456359,0,0,0,0,0,0,0,0,0,0,0,0,0,0,0,0,0,0,0,0,0,0,0,0,0,0,0,0,0,0,0,0,0,0,0,0,0,0,0,0,0,0,0,0,0,0,0,0,0,0,0,0,0,0,0,0,0.057356608,0,0,0,0,0,0,0,0,0,0,0,0,0,0,0,0,0,0,0,0,0,0,0,0,0,0,0,0,0,0.077306733,0.037406484,0.02244389,0,0.06234414,0,0,0,0,0,0,0,0,0,0,0,0,0,0,0,0,0,0,0,0,0,0,0,0,0,0,0.089775561,0.006234414,0,0.133416459,0.048628429,0,0,0,0,0,0,0,0,0,0,0,0
LK16S004-094,0,0,0,0,0.226568006,0,0.047921071,0,0,0.007399577,0,0,0.008104299,0,0,0,0,0,0,0,0,0,0,0.017970402,0,0,0,0,0,0,0,0,0.010923185,0,0,0,0,0,0,0,0,0,0.003875969,0,0,0,0,0,0.015151515,0,0,0.002114165,0,0,0,0,0,0.005637773,0,0.132135307,0,0,0,0,0,0,0,0,0,0,0,0,0,0,0,0,0,0,0,0,0,0,0.007399577,0.014446794,0,0,0,0,0.010218464,0,0,0,0,0,0,0,0,0,0,0.023960536,0,0.020436927,0,0.073995772,0,0,0,0,0,0,0,0,0,0.074700493,0,0.015503876,0,0.001057082,0,0,0,0.010570825,0,0,0,0,0,0,0,0,0.009513742,0,0,0.003523608,0.006694856,0,0,0,0,0,0,0,0,0.012684989,0.005637773,0.027484144,0,0.025017618,0,0,0,0,0,0,0,0,0,0,0.002466526,0,0,0,0,0,0,0,0,0,0,0,0,0,0,0,0.128259338,0.007751938,0,0.014094433,0.019379845,0,0,0,0,0,0.007399577,0,0,0,0,0,0
LK16S004-095,0,0,0,0.031152648,0.517133956,0,0,0,0,0,0,0,0,0,0,0,0.030114226,0,0,0,0,0,0.031152648,0,0,0,0,0.012461059,0,0,0,0,0,0,0,0,0,0,0,0,0,0,0,0.008307373,0,0,0,0,0,0,0,0.014537902,0,0,0,0,0,0,0,0,0,0.020768432,0.010384216,0,0,0,0,0,0.029075805,0,0,0,0,0,0,0,0,0,0,0,0,0,0,0,0,0,0,0,0,0,0,0,0,0,0,0,0,0,0,0.00623053,0,0,0,0,0,0,0,0.043613707,0,0,0,0,0,0.021806854,0,0,0,0,0,0,0,0,0,0,0,0,0,0,0,0,0,0,0,0,0,0,0,0,0,0,0,0,0,0.00623053,0,0.023883697,0,0.062305296,0,0,0,0,0,0,0,0,0,0,0,0,0,0,0.021806854,0,0,0,0,0,0,0.007268951,0,0,0,0,0.024922118,0,0,0,0.076843198,0,0,0,0,0,0,0,0,0,0,0,0
LK16S004-102,0.013826478,0,0,0,0.228136882,0,0,0,0.015209125,0,0,0,0,0,0,0,0,0,0,0,0,0,0,0,0,0,0,0,0,0,0,0,0,0,0,0.006913239,0,0,0,0.003110957,0,0,0,0,0,0,0,0,0,0,0,0.01071552,0,0,0.011752506,0,0,0,0,0.028689941,0,0,0,0,0,0,0,0,0,0,0,0,0,0,0,0,0,0,0,0,0,0,0,0,0,0,0,0,0,0,0,0,0,0,0,0,0,0,0,0.059108192,0,0,0,0,0,0,0,0,0,0,0,0,0,0.015209125,0,0.017283097,0,0,0,0,0,0,0,0,0,0,0,0.005530591,0,0,0.008987211,0,0,0,0,0,0,0,0,0,0,0,0,0,0,0,0,0.045627376,0,0,0,0,0,0,0,0,0,0,0,0,0,0,0,0,0,0,0,0,0,0,0,0,0,0,0,0,0,0.447977878,0.053577601,0,0,0,0,0.028344279,0,0,0,0,0,0,0
LK16S004-103,0,0,0,0,0.24260355,0,0,0,0,0,0,0,0,0,0,0,0,0,0,0,0,0,0,0,0.00295858,0,0.014792899,0,0,0,0,0,0,0,0,0.019230769,0,0,0,0,0,0,0,0,0,0,0,0,0,0,0.00739645,0,0,0,0,0,0.054733728,0,0,0.00887574,0,0,0,0,0,0,0,0,0,0,0,0,0,0,0,0,0,0,0,0,0,0,0,0.01035503,0,0,0,0,0,0,0,0,0,0,0,0,0,0,0,0.394970414,0,0,0,0,0,0,0,0,0,0,0,0,0,0,0,0,0,0.00295858,0,0,0,0,0,0,0,0,0,0,0,0,0,0,0,0,0,0,0,0,0,0,0,0,0,0,0,0,0,0.042899408,0,0,0,0,0,0,0,0,0,0,0,0,0,0,0,0,0,0,0.00887574,0,0,0,0,0,0,0,0,0.026627219,0,0,0.023668639,0,0,0,0,0.139053254,0,0,0,0,0,0,0
LK16S004-104,0,0,0,0,0.098271156,0,0,0,0,0.013648772,0,0,0,0,0,0,0,0,0,0,0,0,0.047315742,0,0,0,0,0,0.018198362,0,0,0,0.007279345,0,0,0.082802548,0,0,0,0,0,0,0,0,0,0,0,0,0,0,0,0.013648772,0,0,0.030937216,0,0.031847134,0.007279345,0.022747953,0.030027298,0,0,0,0,0,0,0,0,0,0,0,0,0,0.005459509,0,0,0.011828935,0,0,0,0,0,0,0,0,0,0,0,0,0,0,0,0,0,0,0,0,0,0,0.078252957,0,0,0,0,0.01455869,0,0,0,0,0.01455869,0,0,0,0.029117379,0,0,0,0.002729754,0.017288444,0,0,0,0,0,0,0,0,0,0,0.006369427,0,0,0,0,0,0,0,0,0,0,0,0,0,0,0.042766151,0.011828935,0,0.035486806,0,0,0,0,0,0,0,0,0,0,0,0,0,0,0,0,0,0,0,0,0,0,0,0,0,0,0.018198362,0.043676069,0,0.028207461,0.12010919,0.015468608,0,0,0,0.079162875,0.020928116,0,0,0,0,0,0
LKMB005_012,0,0,0,0,0.031074939,0,0,0,0,0,0,0,0,0,0,0,0,0,0,0,0,0,0,0,0,0,0,0,0,0,0,0.121868724,0,0,0,0,0,0,0,0,0,0,0,0,0,0,0,0,0,0,0,0,0,0,0.009089948,0,0,0,0,0,0,0,0,0,0,0,0,0,0,0,0,0,0,0,0,0,0,0,0,0,0,0,0,0,0,0,0,0,0,0,0.036254096,0,0,0,0,0,0,0,0,0,0,0,0,0,0,0,0,0.00687031,0,0,0,0,0,0,0,0,0,0,0,0,0,0,0,0,0,0,0,0,0,0,0,0,0,0,0,0,0,0,0,0,0,0,0,0,0,0,0,0.703942501,0,0,0,0,0,0,0,0,0,0,0,0,0,0,0,0,0.022090688,0,0,0,0,0,0,0,0,0,0.023041962,0,0,0,0.031286333,0,0,0,0,0,0,0.014480499,0,0,0,0,0
LKMB005_013,0,0,0,0,0.034062388,0,0,0,0,0,0,0,0,0,0,0,0,0,0,0,0,0,0,0,0,0,0,0,0,0,0,0.122624597,0.003944066,0.004033704,0,0,0,0.002778774,0,0,0,0.000358551,0,0,0,0,0,0,0,0,0,0,0,0,0,0,0,0,0,0.011473646,0,0,0,0,0,0,0,0,0,0,0,0,0,0,0,0,0,0,0,0,0,0,0,0,0,0,0,0,0,0,0,0,0,0,0,0,0,0,0,0,0,0,0,0,0,0,0,0,0,0,0,0,0,0,0,0,0,0,0,0,0,0,0,0,0,0,0,0,0,0,0,0,0,0,0,0,0,0.002151309,0,0,0,0,0,0,0,0.001613482,0,0.782807458,0,0,0,0,0,0,0,0,0,0,0,0,0,0.009143062,0.007171029,0,0,0,0,0,0,0,0,0,0,0,0.001972033,0.001792757,0,0,0.004392255,0,0,0.006095375,0,0,0,0.003585515,0,0,0,0,0
LKMB005_014,0,0,0,0,0,0,0,0,0,0,0,0,0,0,0,0,0,0,0,0,0,0,0,0,0,0,0,0,0,0,0,0,0,0,0,0,0,0,0,0,0.000150008,0,0,0,0,0,0,0,0,0,0,0,0,0,0,0,0,0.000150008,0,0,0,0,0,0,0,0,0,0,0,0,0,0,0,0,0,0,0,0,0,0,0,0,0,0,0,0,0,0,0,0,0.000100005,0,0,0,0,0,0,0,0,0,0,0,0,0,0,0,0,0,0,0,0,0,0,0,0,0,0,0,0,0,0,0,0,0,0,0,0,0,0,0,0,0,0,0,0,0,0,0,0,0,0,0,0,0.995699785,0,0,0,0.003750188,0,0,0,0,0,0,0,0,0,0,0,0,0,0,0,0,0,0,0,0,0,0,0,0.000150008,0,0,0,0,0,0,0,0,0,0,0,0,0,0,0,0,0,0,0
LKMB005_015,0,0.001411827,0,0,0.012246774,0,0,0.005680139,0,0.004366812,0,0,0,0,0,0,0,0,0,0,0,0,0,0.003316151,0,0,0,0,0,0,0.000952162,0.060774206,0,0,0,0,0,0,0,0,0,0,0,0,0,0,0,0,0,0,0,0,0,0,0,0,0,0,0,0.016515087,0,0,0,0,0,0,0,0,0,0,0,0,0,0,0,0,0.001378993,0,0,0,0,0,0,0,0,0,0,0,0,0,0,0,0,0,0,0,0,0,0,0,0,0,0,0,0,0,0,0.004563811,0,0,0,0,0,0.006632301,0,0,0,0,0,0,0,0,0,0,0,0.000492498,0,0,0,0,0,0,0.001871491,0,0,0,0,0,0,0,0,0,0,0,0,0.000787996,0,0.812818071,0,0,0,0,0,0,0.007091966,0,0,0.00196999,0,0,0,0,0,0,0,0,0,0,0,0,0,0,0,0,0.050234757,0,0,0,0.005417474,0,0,0,0,0,0,0,0,0,0.001477493,0,0
LKMB005_016,0,0,0,0,0.025013329,0,0,0,0,0,0,0,0,0,0,0,0,0,0,0,0,0,0,0,0,0,0,0,0.004665008,0,0,0.058201528,0,0,0,0,0,0,0,0,0,0,0,0,0,0,0,0,0,0,0,0,0,0,0,0,0,0.003776435,0,0.011151591,0,0,0,0,0,0,0,0,0,0,0,0,0,0,0.00231029,0,0,0,0,0,0,0,0,0,0,0,0,0,0,0,0,0,0,0.007330727,0,0,0,0,0,0,0,0,0,0,0,0,0,0,0,0,0,0,0,0,0,0,0,0,0,0,0.002799005,0,0,0,0,0,0,0,0,0.006531011,0.008041585,0,0,0,0,0,0,0,0.00195486,0,0,0,0,0,0,0.001377288,0,0.834059001,0,0,0,0,0,0,0,0,0,0,0,0,0,0,0.007464013,0,0,0,0,0,0,0,0,0,0,0,0.007508441,0.006308868,0,0,0.01150702,0,0,0,0,0,0,0,0,0,0,0,0
LKMB005_017,0,0,0,0,0.001088325,0,0,0,0,0,0,0,0,0,0,0,0,0,0,0,0,0,0,0,0,0,0,0,0.000341435,0,0,0.001237703,0,0,0,0,0,0,0,0,0,0,0,0,0,0,0,0,0,0,0,0,0,0,0,0,0,0,0,0,0,0,0,0,0,0,0,0,0,0.000277416,0,0,0,0,0,0,0,0,0,0,0,0,0,0,0,0,0,0,0,0,0,0,0,0,0,0,0,0,0,0.000426794,0,0,0,0,0,0,0,0,0,0,0,0,0,0,0,0,0,0,0,0,0,0,0,0,0,0,0,0,0,0,0,0,0,0,0,0,0,0,0,0,0,0,0,0,0,0,0,0.024220567,0,0,0,0,0,0,0,0,0,0,0,0,0,0,0,0,0,0,0,0,0,0,0,0,0,0,0.000298756,0.000448134,0,0.971148716,0,0,0,0,0.000512153,0,0,0,0,0,0,0,0
LKMB005_018,0,0,0,0,0.006384677,0,0,0,0,0,0,0,0,0,0,0,0,0,0,0,0,0,0,0,0,0.002992817,0,0,0,0,0,0.078478319,0,0,0,0,0,0,0,0,0,0,0,0,0,0,0,0,0,0,0,0.005586592,0,0,0,0,0,0,0,0,0,0,0,0,0,0,0,0,0,0,0,0,0,0,0.004522479,0.00405693,0.005786113,0,0,0,0,0,0,0,0,0,0,0,0,0,0.00518755,0,0,0,0,0,0,0,0,0.001596169,0,0,0,0,0,0,0,0,0,0,0,0,0,0.00339186,0,0,0,0,0,0,0,0,0,0,0,0.003059324,0,0,0,0,0,0,0,0,0,0,0,0,0,0,0,0,0,0,0,0.003990423,0,0.723064645,0,0,0,0,0,0,0,0,0,0,0,0,0,0,0,0,0,0,0,0,0,0,0,0,0,0,0.112330407,0.019420059,0,0,0.016693269,0,0,0,0,0,0,0,0,0,0.003458367,0,0
LKMB005_019,0,0,0,0,0.002145515,0,0,0,0,0,0,0,0,0,0,0,0,0,0,0,0,0,0,0,0,0,0,0,0,0,0.000706119,0.002824475,0.001385079,0,0,0,0,0,0,0,0,0,0,0.000760436,0,0,0,0,0,0,0,0,0,0,0.000543168,0,0,0,0,0,0,0,0,0,0,0,0,0,0,0,0,0,0,0.001249287,0,0,0,0,0,0,0,0.000461693,0,0,0,0.001086337,0,0,0,0,0.000325901,0,0,0,0,0,0,0,0,0,0,0,0,0,0,0,0,0,0,0,0,0,0,0,0.000298743,0,0,0,0,0,0,0,0,0,0,0,0,0,0,0,0,0,0,0,0,0,0,0,0,0,0.00067896,0,0,0,0,0,0,0.046549523,0,0,0,0,0,0,0,0,0,0,0.000597485,0,0,0,0,0,0,0,0,0,0,0,0,0,0,0,0.000977703,0,0,0.939409576,0,0,0,0,0,0,0,0,0,0,0,0,0
LKMB005_020,0,0,0,0,0,0,0,0,0,0,0,0,0,0,0,0,0,0,0,0,0,0,0,0,0,0,0,0,0,0,0,0.002858282,0,0,0,0,0,0,0,0,0,0,0,0,0,0,0,0.000819817,0,0,0,0,0.000443145,0,0,0,0,0,0,0,0,0,0,0.000465302,0.000288044,0,0,0,0,0,0,0,0,0.000310201,0,0.044668971,0,0,0,0,0,0,0,0,0,0,0,0,0,0,0,0,0.00039883,0,0,0,0,0,0,0,0,0,0,0,0,0,0,0,0,0,0,0,0,0.003589471,0,0,0,0,0,0,0,0,0,0,0,0,0,0,0,0,0,0,0,0,0,0,0,0,0,0,0,0,0,0,0,0.000376673,0,0.05714349,0,0,0,0,0,0,0,0,0,0,0,0,0,0,0,0,0,0,0,0,0,0,0,0,0,0,0.004697332,0,0,0.883076309,0.000864132,0,0,0,0,0,0,0,0,0,0,0,0
LKMB005_035,0,0,0,0,0.021195081,0,0,0,0,0,0,0,0,0,0,0,0,0,0,0,0,0,0,0,0,0,0,0,0,0,0,0.089229438,0,0,0,0,0,0,0,0,0,0,0,0,0,0,0,0,0,0,0,0.000556139,0,0,0,0,0,0,0,0,0,0,0,0,0,0,0,0,0,0,0,0,0,0,0,0,0,0,0,0,0,0,0,0,0,0,0,0,0,0,0.011864302,0,0.016498795,0.062287586,0,0,0,0,0,0,0,0,0,0,0,0,0,0,0,0,0,0,0,0,0,0,0,0,0,0,0,0,0.011308163,0,0,0.006982636,0,0,0.009639745,0,0,0,0.001977384,0,0.001483038,0,0,0,0,0,0.012420441,0,0,0,0,0,0,0.64981771,0,0,0,0,0,0,0,0,0,0,0,0,0,0,0.016375209,0,0,0,0,0,0,0,0,0,0,0,0,0.008403881,0,0.069084842,0,0,0,0,0,0,0,0,0,0,0,0,0.01087561
LKMB005_036,0,0,0,0,0,0,0,0,0,0,0,0,0,0,0,0,0,0,0,0,0,0,0,0,0,0,0.005926776,0,0,0,0,0.088423669,0,0,0,0,0,0,0,0,0,0.010324061,0,0,0,0,0,0,0,0,0,0,0,0.008412198,0,0,0,0,0,0.014434566,0,0,0,0,0,0,0,0,0,0,0,0,0,0.013861008,0,0,0,0,0,0,0,0,0.010037281,0,0,0,0,0,0,0,0.004588471,0,0,0.154765319,0,0,0,0,0,0,0,0,0,0,0,0,0,0,0,0,0,0,0.001720677,0.015868464,0,0,0,0,0,0,0,0,0,0,0,0,0,0,0,0,0,0,0,0,0.004206099,0,0,0,0,0,0,0,0,0,0,0,0,0.576713507,0,0,0,0,0,0,0,0,0,0,0,0,0,0,0,0,0,0,0,0.010419654,0,0,0,0,0.006404741,0,0.003250167,0.070643342,0,0,0,0,0,0,0,0,0,0,0,0,0,0,0
LKMB005_037,0,0,0,0,0,0,0,0,0,0,0,0,0,0,0.009805356,0,0,0,0,0,0,0,0,0,0,0,0.020049759,0,0,0,0,0.060441973,0,0,0,0,0,0,0,0,0,0.017122786,0,0,0,0,0,0,0,0,0,0,0,0.003073321,0.007902825,0,0,0.003805064,0,0.009219962,0,0,0,0.008780916,0,0,0,0,0,0.006878384,0,0,0,0,0,0,0,0,0,0,0,0,0,0,0,0,0,0,0,0,0.009951705,0.006000293,0,0.101419581,0,0,0,0,0,0.015805649,0,0,0,0,0,0.013025026,0,0,0,0,0,0,0,0,0,0,0,0,0.004244109,0,0,0,0,0,0,0,0.007902825,0,0,0,0,0,0.011707888,0,0,0,0,0,0,0,0,0,0,0,0,0.000731743,0,0.623298697,0,0,0.001756183,0,0,0,0,0,0,0,0,0,0,0,0,0,0,0,0.017269135,0,0,0,0,0,0,0,0.006000293,0.033806527,0,0,0,0,0,0,0,0,0,0,0,0,0,0,0
LKMB005_038,0,0,0,0,0.012471655,0,0,0,0,0,0,0,0,0,0,0,0,0,0,0,0,0,0,0,0,0,0,0,0,0,0,0.081632653,0,0,0,0,0,0,0,0,0,0.008314437,0,0,0,0,0,0,0,0,0,0,0,0,0,0,0,0,0,0.01095994,0,0,0,0,0,0,0,0,0,0,0,0,0,0,0,0,0,0,0,0,0,0,0,0,0,0,0,0,0,0,0,0,0,0.10808768,0,0,0,0,0,0.009448224,0,0,0,0,0,0,0,0,0,0,0,0,0,0,0,0,0,0,0,0,0,0,0,0,0,0,0,0,0,0.01814059,0,0,0,0,0.030990174,0,0,0,0,0,0,0,0,0.003401361,0,0,0,0.639455782,0,0,0,0,0,0,0,0,0,0,0,0,0,0,0,0,0,0,0.016628874,0,0,0,0.004535147,0,0,0,0.013227513,0.020030234,0.007936508,0.014739229,0,0,0,0,0,0,0,0,0,0,0,0,0
LKMB005_039,0,0,0,0,0.057479735,0,0,0,0,0,0,0,0,0,0,0,0,0,0,0,0,0,0,0,0,0,0,0,0,0,0,0.062883812,0.005404078,0,0,0,0,0,0,0,0,0.011299435,0,0,0,0,0,0,0,0,0,0,0,0,0,0,0.005404078,0,0,0.016949153,0,0,0,0.017440432,0,0,0,0,0,0,0,0,0,0,0,0,0,0,0,0,0,0.002702039,0,0,0,0,0.003684598,0,0,0,0,0,0,0.019651191,0,0,0,0,0,0,0,0,0,0,0,0,0,0,0,0,0,0.008843036,0,0,0,0,0,0,0,0,0,0,0,0,0,0,0,0,0,0,0,0,0,0,0,0,0,0.006386637,0,0,0,0,0,0.006386637,0,0,0,0.673790224,0,0,0,0,0,0,0,0.009334316,0,0,0,0,0,0,0,0,0,0,0,0,0,0,0.001228199,0,0,0,0.053549496,0.026283468,0,0,0,0,0.011299435,0,0,0,0,0,0,0,0,0,0
LKMB005_040,0,0,0,0,0.048372376,0,0,0,0,0,0,0,0,0,0,0,0,0,0,0,0,0,0.009735321,0,0,0,0,0,0,0,0,0.08731366,0,0,0,0,0,0,0,0,0,0.018253727,0,0,0,0,0,0,0,0,0,0,0,0,0,0,0,0.005171889,0.017036812,0.015211439,0,0,0,0,0,0,0,0,0,0,0,0,0,0,0,0,0.009431092,0,0,0,0,0,0,0,0,0,0,0,0,0,0,0,0,0.092789778,0,0,0.005780347,0,0,0,0,0,0,0,0,0,0,0,0,0,0.006693033,0,0,0.004563432,0,0,0,0,0,0,0,0,0,0,0,0,0,0,0,0,0,0,0,0,0.007909948,0,0,0,0,0,0,0,0,0,0,0.001216915,0,0.599330697,0,0,0,0,0.009735321,0,0,0,0,0,0,0,0,0,0,0,0,0,0.003954974,0,0,0,0.00486766,0,0.005171889,0,0.005780347,0.041679343,0,0,0,0,0,0,0,0,0,0,0,0,0,0,0
LKMB005_041,0,0,0,0,0.029814172,0,0,0,0,0,0,0,0,0,0,0,0,0,0,0,0,0,0,0,0,0,0,0,0,0,0,0.103532775,0,0,0,0,0,0,0.010618746,0,0,0.014907086,0,0.00398203,0,0,0,0,0,0,0,0,0,0,0,0,0,0.009087196,0,0.013273433,0,0,0.010720849,0,0,0,0,0,0,0,0,0,0,0,0,0,0,0,0,0,0,0.00673882,0,0,0,0,0,0,0,0,0.013579743,0,0,0.06412089,0,0,0,0,0,0,0,0,0,0,0,0,0,0,0,0,0,0,0,0.00490096,0,0,0,0,0,0,0,0,0,0,0,0.013171329,0,0,0,0,0,0,0,0,0,0,0,0,0,0,0,0,0,0,0.001735757,0.005717786,0,0.599652849,0,0,0,0,0,0,0,0,0.055237901,0,0,0,0,0,0,0,0,0,0.00551358,0,0,0,0,0,0,0,0.025423729,0.00827037,0,0,0,0,0,0,0,0,0,0,0,0,0,0,0
LKMB005_042,0,0.015577487,0,0,0.005548146,0,0.002240597,0,0,0.000640171,0,0,0,0.003147506,0,0,0,0,0,0,0,0,0,0,0,0,0,0,0,0,0,0.043211523,0,0,0,0,0,0,0,0,0,0.031101627,0,0,0,0,0,0,0,0,0,0.008482262,0,0,0,0,0,0.021872499,0,0.023793011,0,0,0.005601494,0,0,0,0,0,0,0,0,0,0,0,0,0,0.000853561,0,0,0,0,0,0,0.001867165,0,0,0,0,0,0,0,0.006881835,0,0.228220859,0.005281408,0,0,0,0,0,0,0,0,0,0,0,0,0,0,0,0,0.002293945,0,0.003467591,0,0,0,0,0,0,0,0,0,0,0,0,0,0,0,0,0.007522006,0,0,0,0.024059749,0,0,0,0,0,0,0,0.005974927,0,0,0.002240597,0.000533476,0.459695919,0,0,0,0,0,0,0,0,0,0,0,0,0,0,0,0,0,0,0.008322219,0,0,0,0,0,0,0,0.010722859,0.055801547,0,0.001333689,0,0,0.013710323,0,0,0,0,0,0,0,0,0,0
LKMB005_043,0,0.010277972,0,0,0.012205092,0,0,0,0,0,0,0,0,0,0,0,0,0,0,0,0,0,0,0,0,0,0,0,0,0,0,0.03725765,0,0,0.002686288,0,0,0,0.002219108,0,0,0.026804485,0,0,0,0,0,0,0,0,0,0.001401542,0,0,0,0,0,0.034571362,0.001051156,0.002102313,0.000700771,0,0,0,0,0,0,0,0,0,0,0,0.00216071,0,0,0,0.001051156,0,0,0,0,0,0,0,0,0,0,0,0,0,0,0.005080589,0,0.29998832,0,0,0,0,0,0.00794207,0,0,0,0,0,0,0,0,0,0,0,0,0.000525578,0,0,0,0,0,0,0,0,0,0,0,0,0,0,0,0,0,0,0,0,0,0.058864751,0,0,0,0,0.002744686,0,0,0,0,0.001401542,0,0.014774585,0.393774819,0,0,0,0,0,0,0,0,0,0,0,0,0,0,0,0,0,0,0.007766877,0,0.001459939,0.001459939,0,0,0,0,0,0.054660126,0,0.013489839,0,0,0,0,0,0,0,0,0,0,0.001576734,0,0