feature	metadata	value	coef	stderr	N	N.not.0	pval	qval
Actinobacillus	InfectStageML	Early Infection 5 & 7 wpi	-2.75734362434073	0.99171797052177	60	30	0.0077329476411891	0.17012484810616
Afipia	InfectStageML	Mid Infection 9 & 14 wpi	3.19659905197857	1.15552069986674	60	19	0.00762786476167466	0.17012484810616
Herbaspirillum	InfectStageML	Mid Infection 9 & 14 wpi	2.22151780876613	0.878976476618499	60	34	0.0142891712347266	0.209574511442657
Sediminibacterium	InfectStageML	Mid Infection 9 & 14 wpi	-1.26519600735342	0.527134397154175	60	8	0.0203159813852494	0.223475795237744
Pseudomonas	InfectStageML	Early Infection 5 & 7 wpi	1.48443029612192	0.681505192477535	60	51	0.0343377724213415	0.302172397307806
Afipia	InfectStageML	Early Infection 5 & 7 wpi	2.08546688865236	1.15552069986674	60	19	0.0763915154186923	0.505265477448041
Herbaspirillum	InfectStageML	Early Infection 5 & 7 wpi	1.56470185486789	0.878976476618499	60	34	0.0803831441394611	0.505265477448041
Microbacterium	InfectStageML	Early Infection 5 & 7 wpi	0.501610111419383	0.294085911807388	60	8	0.0935160163806277	0.514338090093452
Acinetobacter	InfectStageML	Early Infection 5 & 7 wpi	1.62526610837524	1.0217239145504	60	52	0.11720646992368	0.573009408515768
Caulobacter	InfectStageML	Mid Infection 9 & 14 wpi	-0.837625376591157	0.583418016393349	60	14	0.157566917125538	0.670702305704241
Sediminibacterium	InfectStageML	Early Infection 5 & 7 wpi	-0.738463483304527	0.527134397154176	60	8	0.16767557642606	0.670702305704241
Actinobacillus	InfectStageML	Mid Infection 9 & 14 wpi	1.18963535679292	0.99171797052177	60	30	0.236194136943121	0.692836135033155
Corynebacterium	InfectStageML	Early Infection 5 & 7 wpi	-1.27411310313875	1.016912973066	60	29	0.215349609950197	0.692836135033155
Porphyromonas	InfectStageML	Early Infection 5 & 7 wpi	-0.776159876513849	0.632031885682737	60	12	0.225420179118988	0.692836135033155
Stenotrophomonas	InfectStageML	Early Infection 5 & 7 wpi	-0.734805059003278	0.554082584522639	60	12	0.190074628780859	0.692836135033155
Staphylococcus	InfectStageML	Mid Infection 9 & 14 wpi	-0.892365995502945	0.834451439826976	60	28	0.289395363073329	0.760744362256079
Streptococcus	InfectStageML	Mid Infection 9 & 14 wpi	-1.20821263483008	1.14055839395741	60	38	0.293923958144394	0.760744362256079
Acinetobacter	InfectStageML	Mid Infection 9 & 14 wpi	0.422149566940928	1.0217239145504	60	52	0.681029525488656	0.889818032019863
Bacillus	InfectStageML	Early Infection 5 & 7 wpi	0.14015523426791	0.532574506905545	60	10	0.793371995154299	0.889818032019863
Bacillus	InfectStageML	Mid Infection 9 & 14 wpi	0.323616631470699	0.532574506905545	60	10	0.545835850440703	0.889818032019863
Burkholderia	InfectStageML	Early Infection 5 & 7 wpi	-0.120373654819366	0.316678263334988	60	7	0.705538059249602	0.889818032019863
Burkholderia	InfectStageML	Mid Infection 9 & 14 wpi	-0.21726242032091	0.316678263334988	60	7	0.495971725130012	0.889818032019863
Caulobacter	InfectStageML	Early Infection 5 & 7 wpi	-0.266867844710819	0.583418016393349	60	14	0.649431980650477	0.889818032019863
Corynebacterium	InfectStageML	Mid Infection 9 & 14 wpi	-0.496900471520632	1.016912973066	60	29	0.62697406075762	0.889818032019863
Enhydrobacter	InfectStageML	Early Infection 5 & 7 wpi	-0.168569680048813	0.659635416773558	60	15	0.799218433669863	0.889818032019863
Lactobacillus	InfectStageML	Mid Infection 9 & 14 wpi	0.386070156708387	0.75463318856026	60	16	0.61127679707076	0.889818032019863
Microbacterium	InfectStageML	Mid Infection 9 & 14 wpi	0.094588471122536	0.294085911807388	60	8	0.748905377184974	0.889818032019863
Micrococcus	InfectStageML	Early Infection 5 & 7 wpi	-0.25483096149762	0.64120806871684	60	24	0.692539793596466	0.889818032019863
Micrococcus	InfectStageML	Mid Infection 9 & 14 wpi	-0.34353457571484	0.64120806871684	60	24	0.594207916905058	0.889818032019863
Oscillospira	InfectStageML	Early Infection 5 & 7 wpi	0.201333014172992	0.297771046351985	60	9	0.501690139520041	0.889818032019863
Oscillospira	InfectStageML	Mid Infection 9 & 14 wpi	0.103370448039049	0.297771046351985	60	9	0.729759069712421	0.889818032019863
Porphyromonas	InfectStageML	Mid Infection 9 & 14 wpi	-0.147037498111139	0.632031885682737	60	12	0.817028142587931	0.889818032019863
Pseudomonas	InfectStageML	Mid Infection 9 & 14 wpi	-0.189213057178019	0.681505192477535	60	51	0.782481122623991	0.889818032019863
Staphylococcus	InfectStageML	Early Infection 5 & 7 wpi	0.382347186508458	0.834451439826975	60	28	0.648549580749359	0.889818032019863
Stenotrophomonas	InfectStageML	Mid Infection 9 & 14 wpi	-0.116629310541805	0.554082584522639	60	12	0.834035253018722	0.889818032019863
Streptococcus	InfectStageML	Early Infection 5 & 7 wpi	0.956264734611192	1.14055839395741	60	38	0.405298201284339	0.889818032019863
Streptomyces	InfectStageML	Early Infection 5 & 7 wpi	0.524134607397778	1.02945460524693	60	34	0.612620778116351	0.889818032019863
Streptomyces	InfectStageML	Mid Infection 9 & 14 wpi	-0.603383923795117	1.02945460524693	60	34	0.560108783966081	0.889818032019863
Turicibacter	InfectStageML	Early Infection 5 & 7 wpi	-0.0612731872353024	0.321163124027646	60	9	0.849371757837142	0.889818032019863
Turicibacter	InfectStageML	Mid Infection 9 & 14 wpi	0.241184431545058	0.321163124027646	60	9	0.455758913523377	0.889818032019863
Cutibacterium	InfectStageML	Early Infection 5 & 7 wpi	0.202042919275061	0.592948022918587	60	24	0.734549766137635	0.889818032019863
Cutibacterium	InfectStageML	Mid Infection 9 & 14 wpi	-0.397295148861272	0.592948022918587	60	24	0.5055418440151	0.889818032019863
Lactobacillus	InfectStageML	Early Infection 5 & 7 wpi	0.0956366661347802	0.75463318856026	60	16	0.899681402677892	0.920604225995983
Enhydrobacter	InfectStageML	Mid Infection 9 & 14 wpi	-0.0531713109643277	0.659635416773558	60	15	0.936036763234596	0.936036763234596
