feature	metadata	value	coef	stderr	N	N.not.0	pval	qval
Actinobacillus	InfectStageML	Early Infection 5 & 7 wpi	-2.75734362434073	0.99171797052177	60	30	0.0077329476411891	0.17012484810616
Afipia	InfectStageML	Mid Infection 9 & 14 wpi	3.19659905197857	1.15552069986674	60	19	0.00762786476167466	0.17012484810616
Herbaspirillum	InfectStageML	Mid Infection 9 & 14 wpi	2.22151780876613	0.878976476618499	60	34	0.0142891712347266	0.209574511442657
Sediminibacterium	InfectStageML	Mid Infection 9 & 14 wpi	-1.26519600735342	0.527134397154175	60	8	0.0203159813852494	0.223475795237744
