feature	metadata	value	coef	stderr	N	N.not.0	pval	qval
Aeromonas	ViralCopyNumberHighLow	Low	-0.5	0.235702260395516	8	1	0.0781407494112159	0.42977412176169
Anaerococcus	ViralCopyNumberHighLow	Low	-0.499999999999999	0.235702260395516	8	1	0.0781407494112163	0.42977412176169
Bifidobacterium	ViralCopyNumberHighLow	Low	-0.5	0.235702260395516	8	1	0.0781407494112159	0.42977412176169
Burkholderia	ViralCopyNumberHighLow	Low	-0.5	0.235702260395516	8	1	0.0781407494112159	0.42977412176169
Kocuria	ViralCopyNumberHighLow	Low	-0.5	0.235702260395516	8	1	0.0781407494112156	0.42977412176169
Lactococcus	ViralCopyNumberHighLow	Low	-0.499999999999999	0.235702260395516	8	1	0.0781407494112161	0.42977412176169
Nocardioides	ViralCopyNumberHighLow	Low	-0.499999999999999	0.235702260395516	8	1	0.0781407494112163	0.42977412176169
Pseudonocardia	ViralCopyNumberHighLow	Low	-0.500000000000001	0.235702260395516	8	1	0.0781407494112153	0.42977412176169
Mycobacterium	ViralCopyNumberHighLow	Low	-2.15621572027945	1.13651017986849	8	2	0.106579081202498	0.468947957290992
Pseudomonas	ViralCopyNumberHighLow	Low	-0.94385057162094	0.482330411137791	8	8	0.0981220545609549	0.468947957290992
Acinetobacter	ViralCopyNumberHighLow	Low	0.65230510026626	1.10259275108922	8	8	0.575708047200867	0.758868071041315
Actinomyces	ViralCopyNumberHighLow	Low	0.166666666666667	0.304290309725092	8	1	0.603645056510135	0.758868071041315
Aggregatibacter	ViralCopyNumberHighLow	Low	0.166666666666667	0.304290309725092	8	1	0.603645056510136	0.758868071041315
Alloiococcus	ViralCopyNumberHighLow	Low	0.166666666666667	0.304290309725092	8	1	0.603645056510135	0.758868071041315
Anoxybacillus	ViralCopyNumberHighLow	Low	0.166666666666667	0.304290309725092	8	1	0.603645056510135	0.758868071041315
Bacillus	ViralCopyNumberHighLow	Low	-0.500769293879075	0.437705489036301	8	2	0.296172686689348	0.758868071041315
Brachybacterium	ViralCopyNumberHighLow	Low	0.166666666666666	0.304290309725092	8	1	0.603645056510137	0.758868071041315
Clostridium	ViralCopyNumberHighLow	Low	0.166666666666667	0.304290309725092	8	1	0.603645056510135	0.758868071041315
Cytophaga	ViralCopyNumberHighLow	Low	0.51985629470912	0.655679586209895	8	2	0.458059927477453	0.758868071041315
Flavobacterium	ViralCopyNumberHighLow	Low	0.166666666666667	0.304290309725092	8	1	0.603645056510136	0.758868071041315
Haemophilus	ViralCopyNumberHighLow	Low	0.166666666666668	0.304290309725092	8	1	0.603645056510133	0.758868071041315
Halomonas	ViralCopyNumberHighLow	Low	0.82032778008646	0.719122766206711	8	3	0.297458136312054	0.758868071041315
Lactobacillus	ViralCopyNumberHighLow	Low	-0.370601038947325	0.395902135539802	8	2	0.385354902749993	0.758868071041315
Microbacterium	ViralCopyNumberHighLow	Low	1.22176024883427	1.35821417743059	8	3	0.403024127520088	0.758868071041315
Moraxella	ViralCopyNumberHighLow	Low	0.693121093477572	0.948393518006779	8	2	0.492419336884457	0.758868071041315
N09	ViralCopyNumberHighLow	Low	0.686028376980972	0.583542377857827	8	3	0.284275906836492	0.758868071041315
Novosphingobium	ViralCopyNumberHighLow	Low	1.20150507312246	1.13606233125774	8	3	0.330945541459296	0.758868071041315
Paenibacillus	ViralCopyNumberHighLow	Low	0.166666666666667	0.304290309725092	8	1	0.603645056510135	0.758868071041315
Paracoccus	ViralCopyNumberHighLow	Low	1.97737567497308	1.58450126446858	8	4	0.258543233258074	0.758868071041315
Porphyromonas	ViralCopyNumberHighLow	Low	0.166666666666667	0.304290309725092	8	1	0.603645056510135	0.758868071041315
Prevotella	ViralCopyNumberHighLow	Low	0.470963922026978	0.577604575544286	8	2	0.446009967739086	0.758868071041315
Sphingobacterium	ViralCopyNumberHighLow	Low	0.166666666666668	0.304290309725092	8	1	0.603645056510135	0.758868071041315
Sphingobium	ViralCopyNumberHighLow	Low	0.166666666666667	0.304290309725092	8	1	0.603645056510135	0.758868071041315
Stenotrophomonas	ViralCopyNumberHighLow	Low	2.62288803249503	2.07087599885662	8	7	0.252258914120653	0.758868071041315
Veillonella	ViralCopyNumberHighLow	Low	0.166666666666667	0.304290309725092	8	1	0.603645056510135	0.758868071041315
Corynebacterium	ViralCopyNumberHighLow	Low	-0.609477254992045	1.51740346317633	8	6	0.701851198484137	0.857818131480612
Staphylococcus	ViralCopyNumberHighLow	Low	-0.804359161550456	2.31572289341891	8	7	0.740190454380298	0.880226486290084
Cloacibacterium	ViralCopyNumberHighLow	Low	-0.185933097438588	0.619958831835326	8	2	0.774363157557308	0.896631024540041
Anaerobacillus	ViralCopyNumberHighLow	Low	-0.146931976370311	1.18906542509044	8	4	0.905691836687754	0.938867370915732
Cellvibrio	ViralCopyNumberHighLow	Low	0.210860528847178	1.31907714980279	8	2	0.878241337690788	0.938867370915732
Micrococcus	ViralCopyNumberHighLow	Low	-0.263434621381885	1.98580265197197	8	4	0.898800206460826	0.938867370915732
Streptococcus	ViralCopyNumberHighLow	Low	0.076639267343638	0.958438847297454	8	4	0.938867370915732	0.938867370915732
Streptomyces	ViralCopyNumberHighLow	Low	0.209692075181474	1.99400934465981	8	7	0.919675521201666	0.938867370915732
Cutibacterium	ViralCopyNumberHighLow	Low	0.350995553089767	1.92583842138848	8	7	0.861383733642674	0.938867370915732
