feature	metadata	value	coef	stderr	N	N.not.0	pval	qval
Janthinobacterium	InfectStageDEM	Mid Infection (8 & 10 wpi)	-7.33213098975936	0.235271225244994	39	25	7.48679782509407e-24	8.08574165110159e-22
Stenotrophomonas	InfectStageDEM	Mid Infection (8 & 10 wpi)	-5.48400150748037	0.577340874307365	39	28	2.40996655140548e-11	1.30138193775896e-09
Staphylococcus	InfectStageDEM	Mid Infection (8 & 10 wpi)	5.60503333607127	0.779996997650944	39	31	1.87479656326493e-08	6.74926762775374e-07
Brevundimonas	InfectStageDEM	Mid Infection (8 & 10 wpi)	-3.81584865143279	0.524897027557669	39	19	5.24431658875392e-08	1.41596547896356e-06
Pedobacter	InfectStageDEM	Mid Infection (8 & 10 wpi)	-2.27246076354083	0.388396736728687	39	20	1.09960114209916e-06	2.37513846693419e-05
Micrococcus	InfectStageDEM	Infection Establishment (2wpi)	-2.60167647016731	0.543347440603684	39	30	4.50999739702529e-05	0.000695828169826759
Sediminibacterium	InfectStageDEM	Mid Infection (8 & 10 wpi)	-2.43784495406802	0.520269374159354	39	15	3.90907720246432e-05	0.000695828169826759
Micrococcus	InfectStageDEM	Mid Infection (8 & 10 wpi)	1.98570888022317	0.446410145481279	39	30	0.000115616973449329	0.00156082914156594
Streptomyces	InfectStageDEM	Mid Infection (8 & 10 wpi)	1.87083516288744	0.454414369698892	39	16	0.00028357150015408	0.00340285800184896
Janthinobacterium	InfectStageDEM	Infection Establishment (2wpi)	-1.00205549782668	0.286473300975235	39	25	0.00153685682595684	0.0165980537203338
Coprococcus	InfectStageDEM	Infection Establishment (2wpi)	1.70517336007683	0.502589898228823	39	10	0.00203239490857732	0.0199544227387591
Achromobacter	InfectStageDEM	Mid Infection (8 & 10 wpi)	-1.49080407347929	0.470193038592199	39	9	0.00310283117532022	0.0257773666872757
Comamonas	InfectStageDEM	Mid Infection (8 & 10 wpi)	-1.62268073055117	0.511329412109555	39	17	0.0030793339591025	0.0257773666872757
Aeromonas	InfectStageDEM	Mid Infection (8 & 10 wpi)	-0.894064076779042	0.309144669602888	39	7	0.00645447287743418	0.0497916479116351
Pseudochrobactrum	InfectStageDEM	Mid Infection (8 & 10 wpi)	-0.536855358664618	0.192752886915594	39	5	0.00847732119724222	0.061036712620144
Propionibacterium	InfectStageDEM	Infection Establishment (2wpi)	-2.16682326147932	0.82229676669733	39	22	0.0123280266817467	0.0832141801017904
Aeromonas	InfectStageDEM	Infection Establishment (2wpi)	-0.956564076779042	0.376582237525814	39	7	0.0155395435426379	0.0932372612558271
Brevundimonas	InfectStageDEM	Infection Establishment (2wpi)	-1.64417430683456	0.638889752971256	39	19	0.0154528437940803	0.0932372612558271
Oscillospira	InfectStageDEM	Infection Establishment (2wpi)	1.47529434307855	0.594878834770434	39	9	0.0179522740362267	0.102044505048026
Pseudochrobactrum	InfectStageDEM	Infection Establishment (2wpi)	-0.53685535866462	0.234800469105538	39	5	0.0282163379048808	0.152368224686356
Pseudomonas	InfectStageDEM	Mid Infection (8 & 10 wpi)	-0.524227087800754	0.238794305160988	39	39	0.0361555288935252	0.185942720023844
Acinetobacter	InfectStageDEM	Mid Infection (8 & 10 wpi)	-1.58297206668536	0.735655677799495	39	35	0.0381964317348867	0.187509755789444
Cellvibrio	InfectStageDEM	Mid Infection (8 & 10 wpi)	-1.09670684014684	0.514437470836357	39	17	0.0416374019869775	0.190974728740005
Clostridium	InfectStageDEM	Infection Establishment (2wpi)	1.84926457612029	0.878546201519726	39	11	0.0439473172580337	0.190974728740005
Paenibacillus	InfectStageDEM	Mid Infection (8 & 10 wpi)	-0.783937709457257	0.372905455653703	39	4	0.0442071131342604	0.190974728740005
Rothia	InfectStageDEM	Infection Establishment (2wpi)	1.29125584645608	0.646150136426946	39	4	0.053271130810884	0.221280081829826
Blautia	InfectStageDEM	Infection Establishment (2wpi)	0.556680994329469	0.301901287060761	39	4	0.0734382514218626	0.264377705118705
Mesorhizobium	InfectStageDEM	Mid Infection (8 & 10 wpi)	-0.479026270341915	0.25344244938876	39	7	0.068659293671628	0.264377705118705
Paenibacillus	InfectStageDEM	Infection Establishment (2wpi)	-0.846437709457257	0.454029166756432	39	4	0.0723190665844695	0.264377705118705
Stenotrophomonas	InfectStageDEM	Infection Establishment (2wpi)	-1.31540266327622	0.703283412717612	39	28	0.0695797923430655	0.264377705118705
Lactobacillus	InfectStageDEM	Infection Establishment (2wpi)	1.87429141854148	1.08973948812711	39	19	0.0940298754407279	0.327587953148342
Achromobacter	InfectStageDEM	Infection Establishment (2wpi)	-0.845946424282939	0.572762088279131	39	9	0.148381716526768	0.374992094063029
Acidovorax	InfectStageDEM	Infection Establishment (2wpi)	0.487138475172841	0.330385519592292	39	5	0.149051323130141	0.374992094063029
Bacillus	InfectStageDEM	Mid Infection (8 & 10 wpi)	-0.498510521693856	0.330568950629309	39	39	0.140271432154211	0.374992094063029
Brachybacterium	InfectStageDEM	Mid Infection (8 & 10 wpi)	0.721540851131039	0.456164130101238	39	4	0.122452160132366	0.374992094063029
Bradyrhizobium	InfectStageDEM	Infection Establishment (2wpi)	0.3393915654846	0.230603838216915	39	4	0.151722245731246	0.374992094063029
Cloacibacterium	InfectStageDEM	Infection Establishment (2wpi)	0.693384778280524	0.470323260151564	39	6	0.149100043621545	0.374992094063029
Enhydrobacter	InfectStageDEM	Infection Establishment (2wpi)	0.714860323870956	0.45084367002939	39	4	0.121574898409068	0.374992094063029
Herbaspirillum	InfectStageDEM	Mid Infection (8 & 10 wpi)	-0.266915077186407	0.174814121131802	39	4	0.137457436094185	0.374992094063029
Microbacterium	InfectStageDEM	Infection Establishment (2wpi)	-1.18078761889926	0.750211466198459	39	5	0.126157686977696	0.374992094063029
Mycobacterium	InfectStageDEM	Mid Infection (8 & 10 wpi)	-0.911698508767105	0.610215311448938	39	6	0.143874018652307	0.374992094063029
Ruminococcus	InfectStageDEM	Infection Establishment (2wpi)	1.01646062241657	0.69605151587585	39	6	0.15287396336401	0.374992094063029
Sphingobium	InfectStageDEM	Infection Establishment (2wpi)	0.568674145129511	0.392707200428773	39	5	0.156246705859595	0.374992094063029
Streptococcus	InfectStageDEM	Infection Establishment (2wpi)	1.94900420489069	1.26512479038737	39	26	0.134278403044467	0.374992094063029
Turicibacter	InfectStageDEM	Infection Establishment (2wpi)	1.31483226826376	0.85157270702509	39	13	0.13368539827033	0.374992094063029
Prevotella	InfectStageDEM	Mid Infection (8 & 10 wpi)	1.06327787528818	0.752546768465158	39	16	0.166271298262622	0.390376091573112
Microbacterium	InfectStageDEM	Mid Infection (8 & 10 wpi)	-0.847494222535288	0.615903942945112	39	5	0.179127896474328	0.411613038706968
Corynebacterium	InfectStageDEM	Mid Infection (8 & 10 wpi)	-1.05951283804424	0.808312418161157	39	26	0.198235603966097	0.436927453639561
Parabacteroides	InfectStageDEM	Infection Establishment (2wpi)	0.373781949114588	0.283237579211329	39	4	0.197154061722596	0.436927453639561
Anoxybacillus	InfectStageDEM	Infection Establishment (2wpi)	-0.437971174450299	0.352269457593935	39	5	0.223612867215456	0.4817585136622
Enterobacter	InfectStageDEM	Mid Infection (8 & 10 wpi)	-0.275429263836044	0.2243310607548	39	5	0.227497075896039	0.4817585136622
Rhodoplanes	InfectStageDEM	Infection Establishment (2wpi)	0.236663633093674	0.200597507256934	39	4	0.247556616659495	0.504454992438217
Xanthomonas	InfectStageDEM	Infection Establishment (2wpi)	0.370044099507824	0.312766957850278	39	4	0.246228774803764	0.504454992438217
Prevotella	InfectStageDEM	Infection Establishment (2wpi)	1.06613770750482	0.916709145512574	39	16	0.252478650744371	0.504957301488742
Comamonas	InfectStageDEM	Infection Establishment (2wpi)	0.690534763629938	0.62287205007392	39	17	0.274941435983647	0.511959915279894
Mycobacterium	InfectStageDEM	Infection Establishment (2wpi)	-0.840810808978829	0.743329159299877	39	6	0.265474635247814	0.511959915279894
Rhodoplanes	InfectStageDEM	Mid Infection (8 & 10 wpi)	-0.185522629341082	0.164727726117919	39	4	0.269162161627152	0.511959915279894
Sediminibacterium	InfectStageDEM	Infection Establishment (2wpi)	-0.703897906833469	0.633762197125246	39	15	0.2740757157407	0.511959915279894
Gardnerella	InfectStageDEM	Mid Infection (8 & 10 wpi)	-0.316230195649886	0.295723915682535	39	4	0.29361711019322	0.537468608489284
Halomonas	InfectStageDEM	Infection Establishment (2wpi)	-1.08327886783576	1.07267877093483	39	22	0.319291726346872	0.57472510742437
Enhydrobacter	InfectStageDEM	Mid Infection (8 & 10 wpi)	0.36170567577422	0.370107518425468	39	4	0.334943215761741	0.593014218069968
Bacillus	InfectStageDEM	Infection Establishment (2wpi)	-0.355018214980825	0.402680063170602	39	39	0.383821142545466	0.600763527462469
Bacteroides	InfectStageDEM	Infection Establishment (2wpi)	0.247175714265407	0.275689270434125	39	5	0.375903107100109	0.600763527462469
Bradyrhizobium	InfectStageDEM	Mid Infection (8 & 10 wpi)	-0.174899959968689	0.189354932272833	39	4	0.36316464689302	0.600763527462469
Cloacibacterium	InfectStageDEM	Mid Infection (8 & 10 wpi)	0.348555937192341	0.386098743853104	39	6	0.372652354096463	0.600763527462469
Enterobacter	InfectStageDEM	Infection Establishment (2wpi)	-0.247077178213928	0.273267182365136	39	5	0.371921760427366	0.600763527462469
Erysipelothrix	InfectStageDEM	Mid Infection (8 & 10 wpi)	-0.509527039091628	0.571433866636176	39	9	0.379792352286788	0.600763527462469
Gardnerella	InfectStageDEM	Infection Establishment (2wpi)	-0.340781428409924	0.360060870590308	39	4	0.351650754740213	0.600763527462469
Turicibacter	InfectStageDEM	Mid Infection (8 & 10 wpi)	-0.640920814539382	0.699448542480314	39	13	0.367211616257266	0.600763527462469
Coprococcus	InfectStageDEM	Mid Infection (8 & 10 wpi)	0.321184034627419	0.412718592065566	39	10	0.442775907192789	0.664163860789184
Pedobacter	InfectStageDEM	Infection Establishment (2wpi)	0.367187762271017	0.473122542765807	39	20	0.442762418140718	0.664163860789184
Propionibacterium	InfectStageDEM	Mid Infection (8 & 10 wpi)	-0.52756437723919	0.675041563102782	39	22	0.439601389144931	0.664163860789184
Ruminococcus	InfectStageDEM	Mid Infection (8 & 10 wpi)	0.436327448924039	0.57140405058876	39	6	0.450077904178459	0.665868680154433
Blautia	InfectStageDEM	Mid Infection (8 & 10 wpi)	-0.185469254456682	0.247837429227362	39	4	0.459110219806335	0.670052753230867
Enterococcus	InfectStageDEM	Mid Infection (8 & 10 wpi)	0.374321115396239	0.550122994960728	39	5	0.50058415261907	0.711356427406046
Erysipelothrix	InfectStageDEM	Infection Establishment (2wpi)	-0.481194476253771	0.695835778137122	39	9	0.494654689980556	0.711356427406046
Mesorhizobium	InfectStageDEM	Infection Establishment (2wpi)	0.185135415083802	0.308685537428122	39	7	0.553288855903016	0.776041512175659
Brachybacterium	InfectStageDEM	Infection Establishment (2wpi)	0.311690215856022	0.555672879668944	39	4	0.578324298559725	0.780737803055628
Cytophaga	InfectStageDEM	Infection Establishment (2wpi)	0.285117454910633	0.501644743889669	39	5	0.573315495368937	0.780737803055628
Xanthomonas	InfectStageDEM	Mid Infection (8 & 10 wpi)	-0.148511751738249	0.256767986534811	39	4	0.567386139536347	0.780737803055628
Flavobacterium	InfectStageDEM	Infection Establishment (2wpi)	-0.279550158145483	0.50970526073259	39	5	0.587539252755704	0.783385670340938
Anoxybacillus	InfectStageDEM	Mid Infection (8 & 10 wpi)	-0.154509741689054	0.289316660374924	39	5	0.597322290069424	0.786717162530461
Parabacteroides	InfectStageDEM	Mid Infection (8 & 10 wpi)	-0.120115753012157	0.232540134469647	39	4	0.609338805228675	0.792874589936107
Lactobacillus	InfectStageDEM	Mid Infection (8 & 10 wpi)	0.41268906890072	0.894591195335344	39	19	0.64734731736999	0.832303693761415
Bacteroides	InfectStageDEM	Mid Infection (8 & 10 wpi)	0.096606622103022	0.226319406303853	39	5	0.672023632914207	0.843936655287608
Streptomyces	InfectStageDEM	Infection Establishment (2wpi)	0.237295018242873	0.553442481622214	39	16	0.671222018664278	0.843936655287608
Blastomonas	InfectStageDEM	Infection Establishment (2wpi)	0.15251701129855	0.384090872707496	39	8	0.693648704583167	0.861081150517035
Staphylococcus	InfectStageDEM	Infection Establishment (2wpi)	-0.360429848704752	0.950147434261523	39	31	0.706663135389854	0.867268393433003
Flavobacterium	InfectStageDEM	Mid Infection (8 & 10 wpi)	0.153088474913843	0.418668080400908	39	5	0.717245437670281	0.870365250206634
Acidovorax	InfectStageDEM	Mid Infection (8 & 10 wpi)	0.0948913227059655	0.27122076433288	39	5	0.728476792314233	0.87417215077708
Acinetobacter	InfectStageDEM	Infection Establishment (2wpi)	-0.252485370070985	0.89613339136712	39	35	0.779748732393022	0.886451190509961
Enterococcus	InfectStageDEM	Infection Establishment (2wpi)	-0.192287288430279	0.670128159165188	39	5	0.775802558810271	0.886451190509961
Kocuria	InfectStageDEM	Infection Establishment (2wpi)	-0.154443512087977	0.503177734812189	39	8	0.760660320731997	0.886451190509961
Rothia	InfectStageDEM	Mid Infection (8 & 10 wpi)	0.158064551456752	0.530438906922359	39	4	0.767425218059356	0.886451190509961
Streptococcus	InfectStageDEM	Mid Infection (8 & 10 wpi)	-0.304604844348535	1.03896964665018	39	26	0.771468935249542	0.886451190509961
Blastomonas	InfectStageDEM	Mid Infection (8 & 10 wpi)	-0.0783897483559506	0.31530867393209	39	8	0.805073209218027	0.888539160046798
Cellvibrio	InfectStageDEM	Infection Establishment (2wpi)	-0.162206366147241	0.626503675370564	39	17	0.797546371610712	0.888539160046798
Cytophaga	InfectStageDEM	Mid Infection (8 & 10 wpi)	0.101741184063808	0.411811241089581	39	5	0.806267015598021	0.888539160046798
Oscillospira	InfectStageDEM	Mid Infection (8 & 10 wpi)	0.102229799294549	0.48834916388283	39	9	0.835364888141929	0.902194079193283
Sphingobium	InfectStageDEM	Mid Infection (8 & 10 wpi)	-0.0692762709806998	0.322382007512784	39	5	0.831066755428084	0.902194079193283
Kocuria	InfectStageDEM	Mid Infection (8 & 10 wpi)	0.081754707373274	0.413069707169554	39	8	0.844221130774534	0.902731506174749
Corynebacterium	InfectStageDEM	Infection Establishment (2wpi)	-0.160170247936314	0.984639649268554	39	26	0.871688815576534	0.908443537764869
Odoribacter	InfectStageDEM	Infection Establishment (2wpi)	-0.0911635306180788	0.574676979505814	39	4	0.875037419896176	0.908443537764869
Odoribacter	InfectStageDEM	Mid Infection (8 & 10 wpi)	-0.0699115247300842	0.47181783249151	39	4	0.883208995049178	0.908443537764869
Pseudomonas	InfectStageDEM	Infection Establishment (2wpi)	0.0493493899018812	0.290834381994885	39	39	0.866422728263521	0.908443537764869
Halomonas	InfectStageDEM	Mid Infection (8 & 10 wpi)	-0.118057969984938	0.880585676078118	39	22	0.894095867706657	0.910965601059612
Clostridium	InfectStageDEM	Mid Infection (8 & 10 wpi)	0.0138999763896045	0.721451626114604	39	11	0.984758004151432	0.993961349984622
Herbaspirillum	InfectStageDEM	Infection Establishment (2wpi)	-0.0013965515180042	0.212887181097518	39	4	0.994810200711317	0.994810200711317
