feature	metadata	value	coef	stderr	N	N.not.0	pval	qval
Janthinobacterium	InfectStageDEM	Mid Infection (8 & 10 wpi)	-7.33213098975936	0.235271225244994	39	25	7.48679782509407e-24	8.08574165110159e-22
Stenotrophomonas	InfectStageDEM	Mid Infection (8 & 10 wpi)	-5.48400150748037	0.577340874307365	39	28	2.40996655140548e-11	1.30138193775896e-09
Staphylococcus	InfectStageDEM	Mid Infection (8 & 10 wpi)	5.60503333607127	0.779996997650944	39	31	1.87479656326493e-08	6.74926762775374e-07
Brevundimonas	InfectStageDEM	Mid Infection (8 & 10 wpi)	-3.81584865143279	0.524897027557669	39	19	5.24431658875392e-08	1.41596547896356e-06
Pedobacter	InfectStageDEM	Mid Infection (8 & 10 wpi)	-2.27246076354083	0.388396736728687	39	20	1.09960114209916e-06	2.37513846693419e-05
Micrococcus	InfectStageDEM	Infection Establishment (2wpi)	-2.60167647016731	0.543347440603684	39	30	4.50999739702529e-05	0.000695828169826759
Sediminibacterium	InfectStageDEM	Mid Infection (8 & 10 wpi)	-2.43784495406802	0.520269374159354	39	15	3.90907720246432e-05	0.000695828169826759
Micrococcus	InfectStageDEM	Mid Infection (8 & 10 wpi)	1.98570888022317	0.446410145481279	39	30	0.000115616973449329	0.00156082914156594
Streptomyces	InfectStageDEM	Mid Infection (8 & 10 wpi)	1.87083516288744	0.454414369698892	39	16	0.00028357150015408	0.00340285800184896
Janthinobacterium	InfectStageDEM	Infection Establishment (2wpi)	-1.00205549782668	0.286473300975235	39	25	0.00153685682595684	0.0165980537203338
Coprococcus	InfectStageDEM	Infection Establishment (2wpi)	1.70517336007683	0.502589898228823	39	10	0.00203239490857732	0.0199544227387591
Achromobacter	InfectStageDEM	Mid Infection (8 & 10 wpi)	-1.49080407347929	0.470193038592199	39	9	0.00310283117532022	0.0257773666872757
Comamonas	InfectStageDEM	Mid Infection (8 & 10 wpi)	-1.62268073055117	0.511329412109555	39	17	0.0030793339591025	0.0257773666872757
Aeromonas	InfectStageDEM	Mid Infection (8 & 10 wpi)	-0.894064076779042	0.309144669602888	39	7	0.00645447287743418	0.0497916479116351
Pseudochrobactrum	InfectStageDEM	Mid Infection (8 & 10 wpi)	-0.536855358664618	0.192752886915594	39	5	0.00847732119724222	0.061036712620144
Propionibacterium	InfectStageDEM	Infection Establishment (2wpi)	-2.16682326147932	0.82229676669733	39	22	0.0123280266817467	0.0832141801017904
Aeromonas	InfectStageDEM	Infection Establishment (2wpi)	-0.956564076779042	0.376582237525814	39	7	0.0155395435426379	0.0932372612558271
Brevundimonas	InfectStageDEM	Infection Establishment (2wpi)	-1.64417430683456	0.638889752971256	39	19	0.0154528437940803	0.0932372612558271
Oscillospira	InfectStageDEM	Infection Establishment (2wpi)	1.47529434307855	0.594878834770434	39	9	0.0179522740362267	0.102044505048026
Pseudochrobactrum	InfectStageDEM	Infection Establishment (2wpi)	-0.53685535866462	0.234800469105538	39	5	0.0282163379048808	0.152368224686356
Pseudomonas	InfectStageDEM	Mid Infection (8 & 10 wpi)	-0.524227087800754	0.238794305160988	39	39	0.0361555288935252	0.185942720023844
Acinetobacter	InfectStageDEM	Mid Infection (8 & 10 wpi)	-1.58297206668536	0.735655677799495	39	35	0.0381964317348867	0.187509755789444
Cellvibrio	InfectStageDEM	Mid Infection (8 & 10 wpi)	-1.09670684014684	0.514437470836357	39	17	0.0416374019869775	0.190974728740005
Clostridium	InfectStageDEM	Infection Establishment (2wpi)	1.84926457612029	0.878546201519726	39	11	0.0439473172580337	0.190974728740005
Paenibacillus	InfectStageDEM	Mid Infection (8 & 10 wpi)	-0.783937709457257	0.372905455653703	39	4	0.0442071131342604	0.190974728740005
Rothia	InfectStageDEM	Infection Establishment (2wpi)	1.29125584645608	0.646150136426946	39	4	0.053271130810884	0.221280081829826
