feature	metadata	value	coef	stderr	N	N.not.0	pval	qval
Propionibacterium	InfectStageDEM	Pre-Infection	-4.04796253033795	1.03373374472164	49	34	0.000309704335777651	0.0263817549512737
Pseudomonas	InfectStageDEM	Pre-Infection	-2.36059349203832	0.60203597077786	49	45	0.000329771936890921	0.0263817549512737
Kocuria	InfectStageDEM	Pre-Infection	-1.79773747065837	0.532958270144322	49	7	0.00155899596493785	0.0831464514633521
Cytophaga	InfectStageDEM	Pre-Infection	-1.33719855525525	0.412028122434963	49	10	0.00239454262369938	0.0957817049479754
Cytophaga	InfectStageDEM	Post-Depo	-1.55501668325784	0.495188632418676	49	10	0.00321571892449651	0.102903005583888
Kocuria	InfectStageDEM	Post-Depo	-1.79773747065837	0.642771858540215	49	7	0.00762458785643457	0.121993405703231
Kocuria	InfectStageDEM	Infection Establishment (2wpi)	-1.79773747065837	0.642771858540215	49	7	0.00762458785645196	0.121993405703231
Kocuria	InfectStageDEM	Mid Infection (8-10-12wpi)	-1.43592901205583	0.508155772211657	49	7	0.00706685167438801	0.121993405703231
Porphyromonas	InfectStageDEM	Pre-Infection	2.62705420584842	0.891682784807189	49	13	0.00512770917073669	0.121993405703231
Propionibacterium	InfectStageDEM	Infection Establishment (2wpi)	-3.56417880416985	1.24672980522572	49	34	0.00647571925079956	0.121993405703231
Paracoccus	InfectStageDEM	Mid Infection (8-10-12wpi)	1.81259415718576	0.68331478058244	49	5	0.0114171395798035	0.152387786933451
Propionibacterium	InfectStageDEM	Post-Depo	-3.29131093673777	1.24672980522572	49	34	0.0114290840200089	0.152387786933451
Cytophaga	InfectStageDEM	Mid Infection (8-10-12wpi)	-1.01304210428743	0.388444611236655	49	10	0.0129573033239248	0.159474502448305
Acinetobacter	InfectStageDEM	Pre-Infection	-2.25964642034819	0.917777929558564	49	48	0.0178012918562354	0.178291142029091
Cellvibrio	InfectStageDEM	Post-Depo	1.95033443931604	0.784013090341664	49	14	0.0167215463492852	0.178291142029091
Collinsella	InfectStageDEM	Post-Depo	0.673971855455301	0.2723071437791	49	5	0.0178291142029091	0.178291142029091
Corynebacterium	InfectStageDEM	Infection Establishment (2wpi)	-2.52405199533505	1.12433351062556	49	26	0.0298487664350398	0.23690446879275
Corynebacterium	InfectStageDEM	Mid Infection (8-10-12wpi)	-1.97972592468428	0.888863685807474	49	26	0.0310937115290484	0.23690446879275
Cytophaga	InfectStageDEM	Infection Establishment (2wpi)	-1.1183196640507	0.495188632418676	49	10	0.0295965952370658	0.23690446879275
Lactobacillus	InfectStageDEM	Post-Depo	4.53039325156701	1.98819010529526	49	17	0.0275962739476245	0.23690446879275
Parabacteroides	InfectStageDEM	Infection Establishment (2wpi)	0.785878389292818	0.342439963818524	49	6	0.0265636896446845	0.23690446879275
Turicibacter	InfectStageDEM	Post-Depo	1.14798776157727	0.530282363700609	49	9	0.0358640517444423	0.260829467232308
Clostridium	InfectStageDEM	Post-Depo	2.00949102677885	0.985821773742729	49	9	0.0481517421294872	0.310824859621608
Oscillospira	InfectStageDEM	Post-Depo	1.75690010985744	0.858623776903129	49	11	0.0467430874719305	0.310824859621608
Veillonella	InfectStageDEM	Mid Infection (8-10-12wpi)	0.982907404042499	0.482951252939162	49	11	0.0485663843158762	0.310824859621608
Cellvibrio	InfectStageDEM	Pre-Infection	1.26289406048585	0.650069312847577	49	14	0.0584679925686787	0.359803031191869
Burkholderia	InfectStageDEM	Infection Establishment (2wpi)	1.04916932739925	0.566817402790004	49	9	0.0708918777654703	0.383232691036335
Burkholderia	InfectStageDEM	Mid Infection (8-10-12wpi)	0.839546208160291	0.448108502559373	49	9	0.0676461556907204	0.383232691036335
Fusobacterium	InfectStageDEM	Pre-Infection	-1.31499127108893	0.700832264332988	49	8	0.0677331927586236	0.383232691036335
Streptomyces	InfectStageDEM	Pre-Infection	-2.23469183571528	1.21157462980841	49	41	0.0718561295693128	0.383232691036335
Bifidobacterium	InfectStageDEM	Post-Depo	0.991071574541953	0.554889199005318	49	7	0.0815471350871437	0.407735675435718
Mucispirillum	InfectStageDEM	Pre-Infection	-1.3164116637316	0.735439351793983	49	13	0.0808317041150809	0.407735675435718
Bacillus	InfectStageDEM	Post-Depo	-0.76482296983465	0.434301365783858	49	9	0.0851798710421408	0.412993314143713
Corynebacterium	InfectStageDEM	Pre-Infection	-1.54331676547517	0.932248098492012	49	26	0.104943775204558	0.454858470449749
Fusobacterium	InfectStageDEM	Post-Depo	-1.39832460442227	0.84379867580747	49	8	0.105186021291223	0.454858470449749
Fusobacterium	InfectStageDEM	Infection Establishment (2wpi)	-1.39832460442227	0.84379867580747	49	8	0.105186021291505	0.454858470449749
Stenotrophomonas	InfectStageDEM	Post-Depo	1.44317598601728	0.85678855621177	49	15	0.0991859939794666	0.454858470449749
Saccharopolyspora	InfectStageDEM	Mid Infection (8-10-12wpi)	0.678020692861689	0.423470861622262	49	5	0.117275736407287	0.49379257434647
Burkholderia	InfectStageDEM	Post-Depo	0.887603930688155	0.566817402790004	49	9	0.124526438831008	0.508721792529307
Flavobacterium	InfectStageDEM	Mid Infection (8-10-12wpi)	0.587238283530981	0.37771673317924	49	6	0.127180448132327	0.508721792529307
Anaerobacillus	InfectStageDEM	Mid Infection (8-10-12wpi)	1.22923298571492	0.811622640792034	49	15	0.137818256162233	0.52502192823708
Bacteroides	InfectStageDEM	Pre-Infection	-0.912836179559533	0.59860050943927	49	11	0.134959678623617	0.52502192823708
Prevotella	InfectStageDEM	Pre-Infection	-1.42687262882337	0.972553112088957	49	21	0.149961764156066	0.55799726197606
Bacillus	InfectStageDEM	Pre-Infection	-0.516593403366008	0.360103669060988	49	9	0.15847990832658	0.559066465848809
Lactobacillus	InfectStageDEM	Pre-Infection	2.33101555776246	1.64852014779039	49	17	0.164397477777916	0.559066465848809
Massilia	InfectStageDEM	Infection Establishment (2wpi)	0.673157059431241	0.476399495349899	49	6	0.16468820351883	0.559066465848809
Turicibacter	InfectStageDEM	Infection Establishment (2wpi)	-0.743832963853206	0.530282363700609	49	9	0.167719939754643	0.559066465848809
Veillonella	InfectStageDEM	Infection Establishment (2wpi)	0.888901315642012	0.613009686089069	49	11	0.154727623004488	0.559066465848809
Turicibacter	InfectStageDEM	Mid Infection (8-10-12wpi)	-0.568198961319541	0.41922501807793	49	9	0.182221412048882	0.595008692404513
Bacteroides	InfectStageDEM	Mid Infection (8-10-12wpi)	-0.753592647530106	0.566705288051832	49	11	0.191202266378105	0.611847252409937
Bacteroides	InfectStageDEM	Post-Depo	-0.922185941772991	0.720347146627172	49	11	0.207752428111577	0.6517723234873
Staphylococcus	InfectStageDEM	Infection Establishment (2wpi)	-1.49578449388129	1.23319065397128	49	33	0.232351739354349	0.714928428782612
Anaerococcus	InfectStageDEM	Pre-Infection	-0.460944087634248	0.407060351026031	49	5	0.263611076718594	0.78015143350227
Bacillus	InfectStageDEM	Infection Establishment (2wpi)	-0.487049867280002	0.434301365783858	49	9	0.268177055266405	0.78015143350227
Turicibacter	InfectStageDEM	Pre-Infection	-0.500617390875359	0.439686908334424	49	9	0.261041051984421	0.78015143350227
Bacillus	InfectStageDEM	Mid Infection (8-10-12wpi)	-0.373537409926018	0.343345376699727	49	9	0.282547431465032	0.783809837389827
Ruminococcus	InfectStageDEM	Post-Depo	0.627590526144719	0.57553399540275	49	8	0.281961947410022	0.783809837389827
Stenotrophomonas	InfectStageDEM	Mid Infection (8-10-12wpi)	0.734461541914392	0.677350827699099	49	15	0.284131066053812	0.783809837389827
Acidovorax	InfectStageDEM	Infection Establishment (2wpi)	0.469160419314818	0.515182163806212	49	8	0.367822464666552	0.852515816326315
Anaerobacillus	InfectStageDEM	Post-Depo	1.02839598326829	1.02873189823606	49	15	0.323377618379274	0.852515816326315
Anaerococcus	InfectStageDEM	Post-Depo	-0.460944087634249	0.49093325504862	49	5	0.352900768384429	0.852515816326315
Anaerococcus	InfectStageDEM	Infection Establishment (2wpi)	-0.460944087634249	0.49093325504862	49	5	0.352900768384429	0.852515816326315
Bifidobacterium	InfectStageDEM	Pre-Infection	-0.344829390309359	0.460492970256414	49	7	0.458227251275394	0.852515816326315
Bifidobacterium	InfectStageDEM	Infection Establishment (2wpi)	-0.494787594657745	0.554889199005318	49	7	0.377807501261703	0.852515816326315
Collinsella	InfectStageDEM	Pre-Infection	-0.172065375300161	0.226067665951196	49	5	0.451137398656294	0.852515816326315
Coprococcus	InfectStageDEM	Post-Depo	0.416795883561965	0.514538231736702	49	9	0.422277385080752	0.852515816326315
Faecalibacterium	InfectStageDEM	Pre-Infection	-0.34452782893303	0.341513121950779	49	5	0.318950646429197	0.852515816326315
Faecalibacterium	InfectStageDEM	Infection Establishment (2wpi)	-0.344527828933032	0.411666520494153	49	5	0.407525600381544	0.852515816326315
Flavobacterium	InfectStageDEM	Pre-Infection	0.319355772175476	0.396152651860312	49	6	0.42449598130164	0.852515816326315
Leuconostoc	InfectStageDEM	Pre-Infection	0.197103337799793	0.212657327227724	49	5	0.359056150002588	0.852515816326315
Leuconostoc	InfectStageDEM	Post-Depo	0.24336319106805	0.256474386666978	49	5	0.347864936595438	0.852515816326315
Leuconostoc	InfectStageDEM	Infection Establishment (2wpi)	0.194093409803886	0.256474386666978	49	5	0.453218045840089	0.852515816326315
Leuconostoc	InfectStageDEM	Mid Infection (8-10-12wpi)	0.166293920924331	0.202760805840593	49	5	0.416552586796138	0.852515816326315
Massilia	InfectStageDEM	Pre-Infection	0.30283674056897	0.395009594097569	49	6	0.447379711969469	0.852515816326315
Micrococcus	InfectStageDEM	Pre-Infection	-1.34139711740609	1.47186021763395	49	21	0.367430732978277	0.852515816326315
Mucispirillum	InfectStageDEM	Post-Depo	0.672739004295787	0.885872973577114	49	13	0.451988918365759	0.852515816326315
Mucispirillum	InfectStageDEM	Infection Establishment (2wpi)	0.685427484963156	0.885872973577115	49	13	0.44356522723116	0.852515816326315
Mucispirillum	InfectStageDEM	Mid Infection (8-10-12wpi)	-0.525497947871837	0.698426639164352	49	13	0.45625249643943	0.852515816326315
Prevotella	InfectStageDEM	Mid Infection (8-10-12wpi)	-0.848026674283604	0.921970711200259	49	21	0.363241661683958	0.852515816326315
Pseudomonas	InfectStageDEM	Infection Establishment (2wpi)	0.577745910992303	0.725281550169484	49	45	0.430355368271873	0.852515816326315
Ruminococcus	InfectStageDEM	Pre-Infection	-0.452513414155261	0.4775725340022	49	8	0.348928786295171	0.852515816326315
Saccharopolyspora	InfectStageDEM	Post-Depo	0.434794215038338	0.535996639480222	49	5	0.421970661559619	0.852515816326315
Sphingobium	InfectStageDEM	Post-Depo	-0.266898822876854	0.343876537142544	49	5	0.441814303075188	0.852515816326315
Sphingobium	InfectStageDEM	Infection Establishment (2wpi)	-0.266898822876854	0.343876537142544	49	5	0.441814303075188	0.852515816326315
Streptococcus	InfectStageDEM	Infection Establishment (2wpi)	-1.16934572306251	1.48403428521904	49	27	0.434950137613539	0.852515816326315
Streptomyces	InfectStageDEM	Mid Infection (8-10-12wpi)	-0.920075991972055	1.1551910836014	49	41	0.430035078074156	0.852515816326315
Actinomyces	InfectStageDEM	Post-Depo	-0.255042684707868	0.357772410144536	49	5	0.48001784997324	0.853365066619093
Actinomyces	InfectStageDEM	Infection Establishment (2wpi)	-0.255042684707868	0.357772410144536	49	5	0.480017849973225	0.853365066619093
Anaerobacillus	InfectStageDEM	Infection Establishment (2wpi)	0.758444207732388	1.02873189823606	49	15	0.465194469468756	0.853365066619093
Streptomyces	InfectStageDEM	Post-Depo	-1.05284473530002	1.46121398275936	49	41	0.475011071582025	0.853365066619093
Staphylococcus	InfectStageDEM	Mid Infection (8-10-12wpi)	0.683781985780975	0.972412423678524	49	33	0.486203885739891	0.854863974927281
Acidovorax	InfectStageDEM	Mid Infection (8-10-12wpi)	0.269624356924857	0.407078137737747	49	8	0.51157360936657	0.889693233680991
Clostridium	InfectStageDEM	Mid Infection (8-10-12wpi)	-0.478077193939158	0.776618478398578	49	9	0.541751100934481	0.894814871391636
Collinsella	InfectStageDEM	Infection Establishment (2wpi)	-0.172065375300162	0.2723071437791	49	5	0.531195226501185	0.894814871391636
Parabacteroides	InfectStageDEM	Post-Depo	0.213618524343784	0.342439963818524	49	6	0.535971230725553	0.894814871391636
Staphylococcus	InfectStageDEM	Pre-Infection	-0.628870839978688	1.02370221655516	49	33	0.54248151578118	0.894814871391636
Streptococcus	InfectStageDEM	Pre-Infection	-0.797424052814561	1.23049622502371	49	27	0.520319715996792	0.894814871391636
Flavobacterium	InfectStageDEM	Post-Depo	0.275880641746736	0.477778074881797	49	6	0.566596061565417	0.91267541099507
Sphingobium	InfectStageDEM	Pre-Infection	0.167279515207787	0.285127361977133	49	5	0.560414516945509	0.91267541099507
Veillonella	InfectStageDEM	Pre-Infection	-0.291209788081541	0.509077517556281	49	11	0.570422131871919	0.91267541099507
Anaerococcus	InfectStageDEM	Mid Infection (8-10-12wpi)	0.218582780466794	0.388116816268499	49	5	0.576165697423718	0.912737738493019
Cellvibrio	InfectStageDEM	Infection Establishment (2wpi)	-0.427603716232495	0.784013090341664	49	14	0.588230209911791	0.922714054763593
Bifidobacterium	InfectStageDEM	Mid Infection (8-10-12wpi)	-0.216771070291718	0.43783158295671	49	7	0.623262416853516	0.957323044203926
Sphingobium	InfectStageDEM	Mid Infection (8-10-12wpi)	-0.132562246656801	0.271858272815482	49	5	0.628243247758827	0.957323044203926
Streptomyces	InfectStageDEM	Infection Establishment (2wpi)	-0.733203458491321	1.46121398275936	49	41	0.618326131122034	0.957323044203926
Acinetobacter	InfectStageDEM	Infection Establishment (2wpi)	0.503114138623382	1.10688183025999	49	48	0.651679933166671	0.961503200259389
Oscillospira	InfectStageDEM	Infection Establishment (2wpi)	0.383925714700642	0.858623776903129	49	11	0.656966837002465	0.961503200259389
Porphyromonas	InfectStageDEM	Mid Infection (8-10-12wpi)	0.394669551954304	0.850186176787983	49	13	0.644782130862196	0.961503200259389
Prevotella	InfectStageDEM	Infection Establishment (2wpi)	0.517186753337765	1.17084352156446	49	21	0.66103345017833	0.961503200259389
Pseudomonas	InfectStageDEM	Mid Infection (8-10-12wpi)	-0.265253002177155	0.57198953994948	49	45	0.645396722024002	0.961503200259389
Acinetobacter	InfectStageDEM	Post-Depo	-0.453739536237547	1.10688183026	49	48	0.683849378035215	0.985728833203913
Acidovorax	InfectStageDEM	Pre-Infection	-0.0866497072132526	0.42726614281035	49	8	0.840289461393664	0.999999999999999
Acidovorax	InfectStageDEM	Post-Depo	0.0080342471389297	0.515182163806212	49	8	0.987633586937194	0.999999999999999
Acinetobacter	InfectStageDEM	Mid Infection (8-10-12wpi)	0.321469616122083	0.875066921069367	49	48	0.715107345485553	0.999999999999999
Actinomyces	InfectStageDEM	Pre-Infection	0.043145021573254	0.297306226328507	49	5	0.885329015149699	0.999999999999999
Actinomyces	InfectStageDEM	Mid Infection (8-10-12wpi)	0.0293584023568538	0.281460850730372	49	5	0.91745287493199	0.999999999999999
Anaerobacillus	InfectStageDEM	Pre-Infection	0.0331371619234215	0.853770263551768	49	15	0.969227567567381	0.999999999999999
Bacteroides	InfectStageDEM	Infection Establishment (2wpi)	0.0977799330461121	0.720347146627172	49	11	0.892698545905826	0.999999999999999
Burkholderia	InfectStageDEM	Pre-Infection	5.90115154099235e-16	0.469980162424547	49	9	0.999999999999999	0.999999999999999
Cellvibrio	InfectStageDEM	Mid Infection (8-10-12wpi)	0.0675402212499053	0.619816770216754	49	14	0.913723280126102	0.999999999999999
Clostridium	InfectStageDEM	Pre-Infection	-0.290281398437771	0.81870412182314	49	9	0.724756130739892	0.999999999999999
Clostridium	InfectStageDEM	Infection Establishment (2wpi)	-0.0314235361731305	0.985821773742729	49	9	0.974729699621461	0.999999999999999
Collinsella	InfectStageDEM	Mid Infection (8-10-12wpi)	-0.0194297268174121	0.214683911667874	49	5	0.92837481887635	0.999999999999999
Coprococcus	InfectStageDEM	Pre-Infection	0.111338585205541	0.426632563740894	49	9	0.795332744838447	0.999999999999999
Coprococcus	InfectStageDEM	Infection Establishment (2wpi)	0.0765733936898189	0.514538231736702	49	9	0.882375944271868	0.999999999999999
Coprococcus	InfectStageDEM	Mid Infection (8-10-12wpi)	0.068369231022986	0.406778188880878	49	9	0.867294495731843	0.999999999999999
Corynebacterium	InfectStageDEM	Post-Depo	-0.284362173338371	1.12433351062556	49	26	0.801510872560556	0.999999999999999
Faecalibacterium	InfectStageDEM	Post-Depo	0.000219938704043464	0.411666520494153	49	5	0.999576326352006	0.999999999999999
Faecalibacterium	InfectStageDEM	Mid Infection (8-10-12wpi)	0.0672745516072976	0.325078795467175	49	5	0.837107196636205	0.999999999999999
Flavobacterium	InfectStageDEM	Infection Establishment (2wpi)	3.33616027459466e-14	0.477778074881797	49	6	0.999999999999945	0.999999999999999
Fusobacterium	InfectStageDEM	Mid Infection (8-10-12wpi)	-0.0955863820086539	0.664575567658541	49	8	0.886362657731015	0.999999999999999
Lactobacillus	InfectStageDEM	Infection Establishment (2wpi)	0.630744242661096	1.98819010529526	49	17	0.752557910527883	0.999999999999999
Lactobacillus	InfectStageDEM	Mid Infection (8-10-12wpi)	-0.348161409969926	1.57180228853575	49	17	0.825724379926563	0.999999999999999
Massilia	InfectStageDEM	Post-Depo	0.140772922842262	0.476399495349899	49	6	0.769006973870535	0.999999999999999
Massilia	InfectStageDEM	Mid Infection (8-10-12wpi)	-0.0207484580161704	0.376626870365119	49	6	0.956315979808529	0.999999999999999
Micrococcus	InfectStageDEM	Post-Depo	0.0927873724293309	1.77366027533717	49	21	0.958535190066798	0.999999999999999
Micrococcus	InfectStageDEM	Infection Establishment (2wpi)	0.215006300981031	1.77366027533717	49	21	0.904113762202827	0.999999999999999
Micrococcus	InfectStageDEM	Mid Infection (8-10-12wpi)	-0.166152856257341	1.3996415770158	49	21	0.906105708386822	0.999999999999999
Oscillospira	InfectStageDEM	Pre-Infection	-0.000506731146155203	0.711933226016375	49	11	0.99943530883757	0.999999999999999
Oscillospira	InfectStageDEM	Mid Infection (8-10-12wpi)	-0.154932812945893	0.678801697047541	49	11	0.820513535295415	0.999999999999999
Parabacteroides	InfectStageDEM	Pre-Infection	0.0524871497750142	0.283936218302231	49	6	0.8541918739762	0.999999999999999
Parabacteroides	InfectStageDEM	Mid Infection (8-10-12wpi)	0.0191313311172492	0.270722561883047	49	6	0.943982479732039	0.999999999999999
Paracoccus	InfectStageDEM	Pre-Infection	3.1732262517805e-14	0.717071603676032	49	5	0.999999999999965	0.999999999999999
Paracoccus	InfectStageDEM	Post-Depo	3.16025592996015e-14	0.864668277132757	49	5	0.999999999999971	0.999999999999999
Paracoccus	InfectStageDEM	Infection Establishment (2wpi)	3.17119369387807e-14	0.864668277132757	49	5	0.999999999999971	0.999999999999999
Porphyromonas	InfectStageDEM	Post-Depo	-0.0305956026111834	1.07540990153624	49	13	0.977431756600895	0.999999999999999
Porphyromonas	InfectStageDEM	Infection Establishment (2wpi)	-0.260220588700501	1.07540990153624	49	13	0.809925041572781	0.999999999999999
Prevotella	InfectStageDEM	Post-Depo	0.269174849680576	1.17084352156446	49	21	0.819324660291262	0.999999999999999
Propionibacterium	InfectStageDEM	Mid Infection (8-10-12wpi)	-0.176898316054967	0.985626452832838	49	34	0.858386325670051	0.999999999999999
Pseudomonas	InfectStageDEM	Post-Depo	-0.0682665260421915	0.725281550169484	49	45	0.925476278919203	0.999999999999999
Ruminococcus	InfectStageDEM	Infection Establishment (2wpi)	0.111391019764623	0.57553399540275	49	8	0.847500736109997	0.999999999999999
Ruminococcus	InfectStageDEM	Mid Infection (8-10-12wpi)	0.101175495037029	0.454233100139059	49	8	0.824888731819449	0.999999999999999
Saccharopolyspora	InfectStageDEM	Pre-Infection	-0.0989039456548892	0.444554397360481	49	5	0.825041126314629	0.999999999999999
Saccharopolyspora	InfectStageDEM	Infection Establishment (2wpi)	-0.098903945654889	0.535996639480222	49	5	0.854518153617828	0.999999999999999
Staphylococcus	InfectStageDEM	Post-Depo	-0.422589746708395	1.23319065397128	49	33	0.733654709102421	0.999999999999999
Stenotrophomonas	InfectStageDEM	Pre-Infection	0.0597048648435174	0.710411541406191	49	15	0.933403744441231	0.999999999999999
Stenotrophomonas	InfectStageDEM	Infection Establishment (2wpi)	0.158572179065562	0.856788556211769	49	15	0.854018836025069	0.999999999999999
Streptococcus	InfectStageDEM	Post-Depo	0.347508140218672	1.48403428521904	49	27	0.815943466092113	0.999999999999999
Streptococcus	InfectStageDEM	Mid Infection (8-10-12wpi)	0.40094931262826	1.17323211676803	49	27	0.73416769856742	0.999999999999999
Veillonella	InfectStageDEM	Post-Depo	0.145186716144965	0.613009686089069	49	11	0.813970640438874	0.999999999999999
