feature	metadata	value	coef	stderr	N	N.not.0	pval	qval
Propionibacterium	InfectStageDEM	Pre-Infection	-4.04796253033795	1.03373374472164	49	34	0.000309704335777651	0.0263817549512737
Pseudomonas	InfectStageDEM	Pre-Infection	-2.36059349203832	0.60203597077786	49	45	0.000329771936890921	0.0263817549512737
Kocuria	InfectStageDEM	Pre-Infection	-1.79773747065837	0.532958270144322	49	7	0.00155899596493785	0.0831464514633521
Cytophaga	InfectStageDEM	Pre-Infection	-1.33719855525525	0.412028122434963	49	10	0.00239454262369938	0.0957817049479754
Cytophaga	InfectStageDEM	Post-Depo	-1.55501668325784	0.495188632418676	49	10	0.00321571892449651	0.102903005583888
Kocuria	InfectStageDEM	Post-Depo	-1.79773747065837	0.642771858540215	49	7	0.00762458785643457	0.121993405703231
Kocuria	InfectStageDEM	Infection Establishment (2wpi)	-1.79773747065837	0.642771858540215	49	7	0.00762458785645196	0.121993405703231
Kocuria	InfectStageDEM	Mid Infection (8-10-12wpi)	-1.43592901205583	0.508155772211657	49	7	0.00706685167438801	0.121993405703231
Porphyromonas	InfectStageDEM	Pre-Infection	2.62705420584842	0.891682784807189	49	13	0.00512770917073669	0.121993405703231
Propionibacterium	InfectStageDEM	Infection Establishment (2wpi)	-3.56417880416985	1.24672980522572	49	34	0.00647571925079956	0.121993405703231
Paracoccus	InfectStageDEM	Mid Infection (8-10-12wpi)	1.81259415718576	0.68331478058244	49	5	0.0114171395798035	0.152387786933451
Propionibacterium	InfectStageDEM	Post-Depo	-3.29131093673777	1.24672980522572	49	34	0.0114290840200089	0.152387786933451
Cytophaga	InfectStageDEM	Mid Infection (8-10-12wpi)	-1.01304210428743	0.388444611236655	49	10	0.0129573033239248	0.159474502448305
Acinetobacter	InfectStageDEM	Pre-Infection	-2.25964642034819	0.917777929558564	49	48	0.0178012918562354	0.178291142029091
Cellvibrio	InfectStageDEM	Post-Depo	1.95033443931604	0.784013090341664	49	14	0.0167215463492852	0.178291142029091
Collinsella	InfectStageDEM	Post-Depo	0.673971855455301	0.2723071437791	49	5	0.0178291142029091	0.178291142029091
Corynebacterium	InfectStageDEM	Infection Establishment (2wpi)	-2.52405199533505	1.12433351062556	49	26	0.0298487664350398	0.23690446879275
Corynebacterium	InfectStageDEM	Mid Infection (8-10-12wpi)	-1.97972592468428	0.888863685807474	49	26	0.0310937115290484	0.23690446879275
Cytophaga	InfectStageDEM	Infection Establishment (2wpi)	-1.1183196640507	0.495188632418676	49	10	0.0295965952370658	0.23690446879275
Lactobacillus	InfectStageDEM	Post-Depo	4.53039325156701	1.98819010529526	49	17	0.0275962739476245	0.23690446879275
Parabacteroides	InfectStageDEM	Infection Establishment (2wpi)	0.785878389292818	0.342439963818524	49	6	0.0265636896446845	0.23690446879275
