feature	metadata	value	coef	stderr	N	N.not.0	pval	qval
Actinobacillus	InfectStageML	Mid Infection 9 & 14 wpi	3.94697898113366	0.991717970526393	60	30	0.000232281210489412	0.0102203732615341
Actinobacillus	InfectStageML	Late Infection 18 & 25 wpi	2.75734362434076	0.991717970526392	60	30	0.00773294764137207	0.170124848110185
Pseudomonas	InfectStageML	Mid Infection 9 & 14 wpi	-1.67364335329994	0.681505192477709	60	51	0.0177280277536367	0.260011073720006
Pseudomonas	InfectStageML	Late Infection 18 & 25 wpi	-1.48443029612192	0.681505192477709	60	51	0.0343377724205591	0.37771549662615
Afipia	InfectStageML	Late Infection 18 & 25 wpi	-2.08546688865241	1.15552069986674	60	19	0.0763915154187349	0.50526547744819
Herbaspirillum	InfectStageML	Late Infection 18 & 25 wpi	-1.56470185486787	0.878976476618498	60	34	0.0803831441394848	0.50526547744819
Streptococcus	InfectStageML	Mid Infection 9 & 14 wpi	-2.16447736944128	1.14055839395741	60	38	0.0627996515014367	0.50526547744819
Microbacterium	InfectStageML	Late Infection 18 & 25 wpi	-0.501610111419335	0.294085911807388	60	8	0.0935160163806526	0.514338090093589
Acinetobacter	InfectStageML	Late Infection 18 & 25 wpi	-1.62526610837525	1.0217239145504	60	52	0.117206469923611	0.573009408515432
Staphylococcus	InfectStageML	Mid Infection 9 & 14 wpi	-1.27471318201139	0.834451439826975	60	28	0.132140920626934	0.581420050758512
Microbacterium	InfectStageML	Mid Infection 9 & 14 wpi	-0.407021640296823	0.294085911807388	60	8	0.171746913689996	0.629738683529984
Sediminibacterium	InfectStageML	Late Infection 18 & 25 wpi	0.738463483304532	0.527134397160787	60	8	0.167675576430367	0.629738683529984
Acinetobacter	InfectStageML	Mid Infection 9 & 14 wpi	-1.20311654143432	1.0217239145504	60	52	0.243875054383812	0.642200983804857
Afipia	InfectStageML	Mid Infection 9 & 14 wpi	1.11113216332618	1.15552069986674	60	19	0.340319353533167	0.642200983804857
Caulobacter	InfectStageML	Mid Infection 9 & 14 wpi	-0.570757531880364	0.583418016406304	60	14	0.332831353623173	0.642200983804857
Corynebacterium	InfectStageML	Late Infection 18 & 25 wpi	1.27411310313875	1.016912973066	60	29	0.215349609950139	0.642200983804857
Porphyromonas	InfectStageML	Mid Infection 9 & 14 wpi	0.629122378402741	0.632031888751042	60	12	0.324535075178145	0.642200983804857
Porphyromonas	InfectStageML	Late Infection 18 & 25 wpi	0.776159876513912	0.632031888751042	60	12	0.225420181504119	0.642200983804857
Sediminibacterium	InfectStageML	Mid Infection 9 & 14 wpi	-0.526732524048887	0.527134397160786	60	8	0.32269049168675	0.642200983804857
Stenotrophomonas	InfectStageML	Mid Infection 9 & 14 wpi	0.618175748461472	0.554082584522639	60	12	0.269243076913169	0.642200983804857
Stenotrophomonas	InfectStageML	Late Infection 18 & 25 wpi	0.734805059003276	0.554082584522639	60	12	0.190074628780859	0.642200983804857
Streptomyces	InfectStageML	Mid Infection 9 & 14 wpi	-1.12751853119288	1.02945460524693	60	34	0.278009968634298	0.642200983804857
Turicibacter	InfectStageML	Mid Infection 9 & 14 wpi	0.302457618780378	0.321163124027646	60	9	0.35029144571174	0.642200983804857
Cutibacterium	InfectStageML	Mid Infection 9 & 14 wpi	-0.599338068136353	0.592948022918586	60	24	0.316394894248462	0.642200983804857
Streptococcus	InfectStageML	Late Infection 18 & 25 wpi	-0.956264734611206	1.14055839395741	60	38	0.405298201284317	0.713324834260399
Corynebacterium	InfectStageML	Mid Infection 9 & 14 wpi	0.777212631618118	1.016912973066	60	29	0.447849126994504	0.746343825907798
Herbaspirillum	InfectStageML	Mid Infection 9 & 14 wpi	0.656815953898249	0.878976476618498	60	34	0.457983711352512	0.746343825907798
Oscillospira	InfectStageML	Late Infection 18 & 25 wpi	-0.201333014172987	0.297771046351985	60	9	0.501690139520049	0.788370219245792
Bacillus	InfectStageML	Mid Infection 9 & 14 wpi	0.18346139720277	0.532574506905545	60	10	0.731752905127167	0.879140277036916
Bacillus	InfectStageML	Late Infection 18 & 25 wpi	-0.140155234267949	0.532574506905545	60	10	0.793371995154259	0.879140277036916
Burkholderia	InfectStageML	Mid Infection 9 & 14 wpi	-0.0968887655015323	0.316678263349667	60	7	0.760963263012846	0.879140277036916
Burkholderia	InfectStageML	Late Infection 18 & 25 wpi	0.120373654819393	0.316678263349667	60	7	0.705538059278704	0.879140277036916
Caulobacter	InfectStageML	Late Infection 18 & 25 wpi	0.266867844710764	0.583418016406304	60	14	0.649431980660694	0.879140277036916
Enhydrobacter	InfectStageML	Late Infection 18 & 25 wpi	0.168569680048756	0.659635416773558	60	15	0.799218433669923	0.879140277036916
Lactobacillus	InfectStageML	Mid Infection 9 & 14 wpi	0.290433490573578	0.75463318855935	60	16	0.702035961566907	0.879140277036916
Micrococcus	InfectStageML	Late Infection 18 & 25 wpi	0.254830961497643	0.64120806871684	60	24	0.692539793596454	0.879140277036916
Oscillospira	InfectStageML	Mid Infection 9 & 14 wpi	-0.0979625661339405	0.297771046351985	60	9	0.743371857290157	0.879140277036916
Staphylococcus	InfectStageML	Late Infection 18 & 25 wpi	-0.38234718650843	0.834451439826975	60	28	0.648549580749387	0.879140277036916
Streptomyces	InfectStageML	Late Infection 18 & 25 wpi	-0.524134607397755	1.02945460524693	60	34	0.612620778116338	0.879140277036916
Cutibacterium	InfectStageML	Late Infection 18 & 25 wpi	-0.202042919275101	0.592948022918586	60	24	0.734549766137583	0.879140277036916
Enhydrobacter	InfectStageML	Mid Infection 9 & 14 wpi	0.115398369084457	0.659635416773558	60	15	0.861744640004913	0.899681402677302
Lactobacillus	InfectStageML	Late Infection 18 & 25 wpi	-0.0956366661348369	0.75463318855935	60	16	0.899681402677302	0.899681402677302
Micrococcus	InfectStageML	Mid Infection 9 & 14 wpi	-0.0887036142172079	0.64120806871684	60	24	0.890460653182542	0.899681402677302
Turicibacter	InfectStageML	Late Infection 18 & 25 wpi	0.0612731872353378	0.321163124027646	60	9	0.849371757837055	0.899681402677302
