feature	metadata	value	coef	stderr	N	N.not.0	pval	qval
Pseudonocardia	Disease2	Hyperplasia (No Dysplasia)	-1.36432521843761	0.398109816374054	46	6	0.00140078200275497	0.120467252236927
Ruminococcus	Disease2	Low CIN	2.02091359393335	0.554064151672065	46	5	0.000740179302771635	0.120467252236927
Cutibacterium	Disease2	High CIN	-3.26630920466629	0.999051446111646	46	38	0.0021868010024108	0.125376590804886
Pseudonocardia	Disease2	Low CIN	-1.36432521843761	0.464892107561308	46	6	0.00544823766746051	0.234274219700802
