feature	metadata	value	coef	stderr	N	N.not.0	pval	qval
Sediminibacterium	Cleared.PersistentAtEndpoint	Persistent	-1.49678337025443	0.741378869203637	60	8	0.0481264901704079	0.529391391874487
Streptococcus	Cleared.PersistentAtEndpoint	Persistent	4.7213799997422	2.17761843839193	60	39	0.0342638040034798	0.529391391874487
Herbaspirillum	Cleared.PersistentAtEndpoint	Persistent	3.62175635607033	2.14357476281346	60	37	0.0964760689901175	0.707491172594195
Acinetobacter	Cleared.PersistentAtEndpoint	Persistent	-1.39800183839581	1.60474756324418	60	58	0.387255132704437	0.817490666760143
Actinobacillus	Cleared.PersistentAtEndpoint	Persistent	-1.47094558640211	2.30550723487014	60	30	0.541292404591179	0.817490666760143
Burkholderia	Cleared.PersistentAtEndpoint	Persistent	0.179242562145565	0.455863535547226	60	7	0.7044470601703	0.817490666760143
Caulobacter	Cleared.PersistentAtEndpoint	Persistent	1.03435675336992	0.791554229231132	60	14	0.196458228661819	0.817490666760143
Corynebacterium	Cleared.PersistentAtEndpoint	Persistent	-1.82233004248616	1.88906438865468	60	30	0.33871353982944	0.817490666760143
Enhydrobacter	Cleared.PersistentAtEndpoint	Persistent	-0.337117262274186	0.889309902140043	60	15	0.706014666747396	0.817490666760143
Lactobacillus	Cleared.PersistentAtEndpoint	Persistent	-0.76766496770233	1.11440555862118	60	16	0.51039401878979	0.817490666760143
Microbacterium	Cleared.PersistentAtEndpoint	Persistent	0.357896369954902	0.405293607186256	60	8	0.380852326372039	0.817490666760143
Micrococcus	Cleared.PersistentAtEndpoint	Persistent	-0.798357087311145	1.83490611244276	60	26	0.665108779773649	0.817490666760143
Oscillospira	Cleared.PersistentAtEndpoint	Persistent	-0.421583464614985	0.399497691076045	60	9	0.29567160405447	0.817490666760143
Porphyromonas	Cleared.PersistentAtEndpoint	Persistent	-0.74856902280455	1.67389754097896	60	14	0.666589671907708	0.817490666760143
Propionibacterium	Cleared.PersistentAtEndpoint	Persistent	-0.979640665821731	2.19218013864763	60	27	0.656626247289437	0.817490666760143
Pseudomonas	Cleared.PersistentAtEndpoint	Persistent	-1.19488392117	2.09747104598747	60	56	0.584533491124138	0.817490666760143
Staphylococcus	Cleared.PersistentAtEndpoint	Persistent	-0.819299263125569	2.04405228535328	60	29	0.690024617356168	0.817490666760143
Streptomyces	Cleared.PersistentAtEndpoint	Persistent	-1.4490596727313	2.01193500299015	60	37	0.474274932274117	0.817490666760143
Turicibacter	Cleared.PersistentAtEndpoint	Persistent	-0.320050195910781	0.43499036370669	60	9	0.464839586703949	0.817490666760143
Afipia	Cleared.PersistentAtEndpoint	Persistent	0.300742695010411	2.11833658620696	60	22	0.887594796378173	0.887594796378173
Bacillus	Cleared.PersistentAtEndpoint	Persistent	-0.264633797171238	1.54005134310819	60	11	0.864165873514655	0.887594796378173
Stenotrophomonas	Cleared.PersistentAtEndpoint	Persistent	-0.123333076674907	0.760515936437791	60	12	0.871735422654546	0.887594796378173
