feature	metadata	value	coef	stderr	N	N.not.0	pval	qval
Janthinobacterium	InfectStageDEM	Mid Infection (8 & 10 wpi)	-6.33007549193268	0.283095758055819	39	25	1.00555085006199e-19	1.08599491806695e-17
Micrococcus	InfectStageDEM	Mid Infection (8 & 10 wpi)	4.58738535039048	0.53650095029395	39	30	1.98396850252695e-09	1.07134299136455e-07
Staphylococcus	InfectStageDEM	Mid Infection (8 & 10 wpi)	5.96546318477602	0.939762997498733	39	31	2.3889587608295e-07	8.60025153898619e-06
Stenotrophomonas	InfectStageDEM	Mid Infection (8 & 10 wpi)	-4.16859884420414	0.695597024413715	39	28	7.1043502660939e-07	1.91817457184535e-05
Pedobacter	InfectStageDEM	Mid Infection (8 & 10 wpi)	-2.63964852581183	0.467951649334705	39	20	2.09926183304603e-06	4.53440555937942e-05
Micrococcus	InfectStageDEM	Early Infection (4 & 6wpi)	2.60167647016723	0.543347440604094	39	30	4.50999739699872e-05	0.000811799531459769
Comamonas	InfectStageDEM	Mid Infection (8 & 10 wpi)	-2.3132154941811	0.616064500864119	39	17	0.00061249132183008	0.00944986610823552
Janthinobacterium	InfectStageDEM	Early Infection (4 & 6wpi)	1.00205549782544	0.286473300973647	39	25	0.00153685682588705	0.0207475671494752
Brevundimonas	InfectStageDEM	Mid Infection (8 & 10 wpi)	-2.17167434459824	0.630864233202309	39	19	0.00178008456870292	0.0213610148244351
Coprococcus	InfectStageDEM	Early Infection (4 & 6wpi)	-1.70517336007966	0.5025898982319	39	10	0.00203239490892163	0.0219498650163537
Streptomyces	InfectStageDEM	Mid Infection (8 & 10 wpi)	1.63354014464458	0.547191419953309	39	16	0.00568211229073229	0.0557880115817352
Coprococcus	InfectStageDEM	Mid Infection (8 & 10 wpi)	-1.38398932544942	0.496769472389659	39	10	0.00937679610698024	0.0778995368887589
Sediminibacterium	InfectStageDEM	Mid Infection (8 & 10 wpi)	-1.73394704723458	0.626835626341199	39	15	0.00889398350436767	0.0778995368887589
Propionibacterium	InfectStageDEM	Early Infection (4 & 6wpi)	2.1668232614793	0.82229676669733	39	22	0.0123280266817421	0.0951019201162962
Aeromonas	InfectStageDEM	Early Infection (4 & 6wpi)	0.956564076779099	0.376582237525814	39	7	0.0155395435426351	0.104891918912787
Brevundimonas	InfectStageDEM	Early Infection (4 & 6wpi)	1.64417430683251	0.638889752967713	39	19	0.015452843793381	0.104891918912787
Blautia	InfectStageDEM	Mid Infection (8 & 10 wpi)	-0.742150248786148	0.298601720371383	39	4	0.0177212217546587	0.10771364421699
Oscillospira	InfectStageDEM	Early Infection (4 & 6wpi)	-1.47529434307851	0.594878834770434	39	9	0.0179522740361649	0.10771364421699
Oscillospira	InfectStageDEM	Mid Infection (8 & 10 wpi)	-1.37306454378398	0.588377231526095	39	9	0.0253149230198784	0.143895351902466
Pseudochrobactrum	InfectStageDEM	Early Infection (4 & 6wpi)	0.536855358664647	0.234800469105538	39	5	0.0282163379048348	0.145112594939151
Turicibacter	InfectStageDEM	Mid Infection (8 & 10 wpi)	-1.95575308280317	0.841334318399393	39	13	0.0275217351407867	0.145112594939151
Bradyrhizobium	InfectStageDEM	Mid Infection (8 & 10 wpi)	-0.514291525453259	0.227966048946568	39	4	0.031735806673907	0.155793960035544
Mesorhizobium	InfectStageDEM	Mid Infection (8 & 10 wpi)	-0.664161685425741	0.305222963745809	39	7	0.0378383164809964	0.177675573041201
Clostridium	InfectStageDEM	Early Infection (4 & 6wpi)	-1.84926457612027	0.878546201521747	39	11	0.0439473172594817	0.182550394770155
Clostridium	InfectStageDEM	Mid Infection (8 & 10 wpi)	-1.83536459973068	0.868362215983358	39	11	0.0431952000384649	0.182550394770155
Rhodoplanes	InfectStageDEM	Mid Infection (8 & 10 wpi)	-0.422186262434757	0.198273569840128	39	4	0.0417928849171252	0.182550394770155
Propionibacterium	InfectStageDEM	Mid Infection (8 & 10 wpi)	1.63925888424012	0.813309646945065	39	22	0.0513600761778599	0.20544030471144
Rothia	InfectStageDEM	Early Infection (4 & 6wpi)	-1.29125584645611	0.646150136426946	39	4	0.0532711308108386	0.205474361698949
Pseudomonas	InfectStageDEM	Mid Infection (8 & 10 wpi)	-0.573576477702635	0.287551304499011	39	39	0.0554910074597127	0.206656165712034
Blautia	InfectStageDEM	Early Infection (4 & 6wpi)	-0.556680994329464	0.301901287060761	39	4	0.0734382514218	0.247854098548575
Paenibacillus	InfectStageDEM	Early Infection (4 & 6wpi)	0.846437709457343	0.454029166756455	39	4	0.0723190665848723	0.247854098548575
Stenotrophomonas	InfectStageDEM	Early Infection (4 & 6wpi)	1.31540266327623	0.703283412717612	39	28	0.069579792343033	0.247854098548575
Streptococcus	InfectStageDEM	Mid Infection (8 & 10 wpi)	-2.25360904923922	1.25029933446911	39	26	0.0819541010795968	0.268213421715044
Rothia	InfectStageDEM	Mid Infection (8 & 10 wpi)	-1.13319129499935	0.639088174262928	39	4	0.0846671320230348	0.268942654661405
Parabacteroides	InfectStageDEM	Mid Infection (8 & 10 wpi)	-0.493897702126768	0.280081838781111	39	4	0.0883307041249179	0.272563315585461
Lactobacillus	InfectStageDEM	Early Infection (4 & 6wpi)	-1.87429141854147	1.08973948812711	39	19	0.0940298754406202	0.282089626321861
Xanthomonas	InfectStageDEM	Mid Infection (8 & 10 wpi)	-0.518555851246027	0.309322021592125	39	4	0.104332294233596	0.30453750749266
Sphingobium	InfectStageDEM	Mid Infection (8 & 10 wpi)	-0.637950416110256	0.388415189586988	39	5	0.109205882096428	0.310374612274059
Enhydrobacter	InfectStageDEM	Early Infection (4 & 6wpi)	-0.714860323870989	0.45084367002939	39	4	0.121574898409036	0.336668949440408
Achromobacter	InfectStageDEM	Early Infection (4 & 6wpi)	0.845946424282978	0.572762088279131	39	9	0.14838171652675	0.336946694761592
Acidovorax	InfectStageDEM	Early Infection (4 & 6wpi)	-0.48713847517288	0.330385519592292	39	5	0.149051323130125	0.336946694761592
Acinetobacter	InfectStageDEM	Mid Infection (8 & 10 wpi)	-1.33048669661438	0.886339289738135	39	35	0.142049671525802	0.336946694761592
Bradyrhizobium	InfectStageDEM	Early Infection (4 & 6wpi)	-0.339391565485069	0.230603838215471	39	4	0.151722245727498	0.336946694761592
Cellvibrio	InfectStageDEM	Mid Infection (8 & 10 wpi)	-0.934500473999628	0.619340642580687	39	17	0.142293829522025	0.336946694761592
Cloacibacterium	InfectStageDEM	Early Infection (4 & 6wpi)	-0.693384778280497	0.470323260151564	39	6	0.149100043621578	0.336946694761592
Microbacterium	InfectStageDEM	Early Infection (4 & 6wpi)	1.18078761889943	0.750211466199304	39	5	0.126157686947041	0.336946694761592
Ruminococcus	InfectStageDEM	Early Infection (4 & 6wpi)	-1.01646062241654	0.69605151587585	39	6	0.152873963364056	0.336946694761592
Streptococcus	InfectStageDEM	Early Infection (4 & 6wpi)	-1.94900420489158	1.26512479038619	39	26	0.134278403043678	0.336946694761592
Turicibacter	InfectStageDEM	Early Infection (4 & 6wpi)	-1.31483226826377	0.851572707025066	39	13	0.13368539827121	0.336946694761592
Sphingobium	InfectStageDEM	Early Infection (4 & 6wpi)	-0.56867414512958	0.392707200428773	39	5	0.156246705859622	0.337492884656784
Lactobacillus	InfectStageDEM	Mid Infection (8 & 10 wpi)	-1.46160234964075	1.07782940933901	39	19	0.18352508606427	0.388641358724337
Parabacteroides	InfectStageDEM	Early Infection (4 & 6wpi)	-0.373781949114632	0.28323757921135	39	4	0.197154061719038	0.409473820493388
Herbaspirillum	InfectStageDEM	Mid Infection (8 & 10 wpi)	-0.265518525668394	0.210435084494687	39	4	0.21702142647103	0.442232340733419
Anoxybacillus	InfectStageDEM	Early Infection (4 & 6wpi)	0.437971174449585	0.352269457591225	39	5	0.22361286721336	0.447225734426719
Acidovorax	InfectStageDEM	Mid Infection (8 & 10 wpi)	-0.392247152466901	0.326774640467818	39	5	0.237839077013577	0.467029460317569
Rhodoplanes	InfectStageDEM	Early Infection (4 & 6wpi)	-0.236663633093673	0.200597507256938	39	4	0.247556616659813	0.469054642092277
Xanthomonas	InfectStageDEM	Early Infection (4 & 6wpi)	-0.370044099507418	0.312766957851093	39	4	0.246228774771176	0.469054642092277
Prevotella	InfectStageDEM	Early Infection (4 & 6wpi)	-1.06613770750481	0.916709145512574	39	16	0.252478650744389	0.470132660006793
Achromobacter	InfectStageDEM	Mid Infection (8 & 10 wpi)	-0.644857649196322	0.566502205368979	39	9	0.262508116621344	0.477854343446057
Mycobacterium	InfectStageDEM	Early Infection (4 & 6wpi)	0.840810808978835	0.743329159299878	39	6	0.26547463524781	0.477854343446057
Comamonas	InfectStageDEM	Early Infection (4 & 6wpi)	-0.690534763629922	0.622872050073921	39	17	0.274941435983658	0.478930243326372
Sediminibacterium	InfectStageDEM	Early Infection (4 & 6wpi)	0.703897906833415	0.633762197125247	39	15	0.274075715740837	0.478930243326372
Halomonas	InfectStageDEM	Early Infection (4 & 6wpi)	1.08327886783577	1.07267877093483	39	22	0.319291726346871	0.547357245166065
Gardnerella	InfectStageDEM	Early Infection (4 & 6wpi)	0.34078142837695	0.360060870447575	39	4	0.351650754591185	0.593410648372625
Bacteroides	InfectStageDEM	Early Infection (4 & 6wpi)	-0.247175714265407	0.275689270434125	39	5	0.375903107100099	0.597022581864863
Corynebacterium	InfectStageDEM	Mid Infection (8 & 10 wpi)	-0.899342590107926	0.973878237088441	39	26	0.361913353162973	0.597022581864863
Enterobacter	InfectStageDEM	Early Infection (4 & 6wpi)	0.247077178213986	0.273267182365136	39	5	0.371921760427194	0.597022581864863
Halomonas	InfectStageDEM	Mid Infection (8 & 10 wpi)	0.965220897850829	1.06095515367093	39	22	0.368997067036695	0.597022581864863
Bacillus	InfectStageDEM	Early Infection (4 & 6wpi)	0.355018214980828	0.402680063170602	39	39	0.383821142545463	0.600763527462463
Enterococcus	InfectStageDEM	Mid Infection (8 & 10 wpi)	0.566608403826541	0.662804134239283	39	5	0.398279151810682	0.605833075993713
Flavobacterium	InfectStageDEM	Mid Infection (8 & 10 wpi)	0.432638633059303	0.503536963701484	39	5	0.39724541777326	0.605833075993713
Ruminococcus	InfectStageDEM	Mid Infection (8 & 10 wpi)	-0.580133173492509	0.688444167069109	39	6	0.404975406627955	0.607463109941933
Anoxybacillus	InfectStageDEM	Mid Infection (8 & 10 wpi)	0.283461432761262	0.348093266736356	39	5	0.422058417086144	0.624415192401418
Enhydrobacter	InfectStageDEM	Mid Infection (8 & 10 wpi)	-0.353154648096757	0.44591626885721	39	4	0.433562926511783	0.632767514368548
Pedobacter	InfectStageDEM	Early Infection (4 & 6wpi)	-0.367187762270991	0.473122542765807	39	20	0.442762418140741	0.637577882122666
Brachybacterium	InfectStageDEM	Mid Infection (8 & 10 wpi)	0.409850635274971	0.549599769673962	39	4	0.460674924796437	0.649872004537143
Cloacibacterium	InfectStageDEM	Mid Infection (8 & 10 wpi)	-0.344828841088166	0.465182960891683	39	6	0.463334669901482	0.649872004537143
Erysipelothrix	InfectStageDEM	Early Infection (4 & 6wpi)	0.481194476254221	0.695835778134296	39	9	0.494654689978818	0.684906493816824
Blastomonas	InfectStageDEM	Mid Infection (8 & 10 wpi)	-0.230906759654479	0.379893032209305	39	8	0.547122101334145	0.74693995547273
Mesorhizobium	InfectStageDEM	Early Infection (4 & 6wpi)	-0.185135415086182	0.308685537432076	39	7	0.553288855905726	0.74693995547273
Bacteroides	InfectStageDEM	Mid Infection (8 & 10 wpi)	-0.150569092162385	0.272676182473489	39	5	0.584230284178357	0.755407610685397
Brachybacterium	InfectStageDEM	Early Infection (4 & 6wpi)	-0.311690215856092	0.555672879668943	39	4	0.578324298559603	0.755407610685397
Cytophaga	InfectStageDEM	Early Infection (4 & 6wpi)	-0.285117454910598	0.501644743889669	39	5	0.573315495369023	0.755407610685397
Flavobacterium	InfectStageDEM	Early Infection (4 & 6wpi)	0.279550158144918	0.509705260730625	39	5	0.587539252755308	0.755407610685397
Kocuria	InfectStageDEM	Mid Infection (8 & 10 wpi)	0.236198219461226	0.497678359474021	39	8	0.637938464285675	0.810557107562975
Microbacterium	InfectStageDEM	Mid Infection (8 & 10 wpi)	0.333293396363999	0.741915582288297	39	5	0.656568487109423	0.824527867532764
Streptomyces	InfectStageDEM	Early Infection (4 & 6wpi)	-0.237295029091638	0.553442451556014	39	16	0.671221986854217	0.833241087129372
Blastomonas	InfectStageDEM	Early Infection (4 & 6wpi)	-0.152517011298517	0.384090872707496	39	8	0.693648704583223	0.851296137443046
Bacillus	InfectStageDEM	Mid Infection (8 & 10 wpi)	-0.143492306713029	0.398279056020715	39	39	0.720742426972868	0.85538661662714
Cytophaga	InfectStageDEM	Mid Infection (8 & 10 wpi)	-0.183376270846802	0.496162123053717	39	5	0.713853689587432	0.85538661662714
Staphylococcus	InfectStageDEM	Early Infection (4 & 6wpi)	0.36042984870475	0.950147434261523	39	31	0.706663135389882	0.85538661662714
Kocuria	InfectStageDEM	Early Infection (4 & 6wpi)	0.154443512087939	0.503177734812189	39	8	0.76066032073208	0.892949072163746
Acinetobacter	InfectStageDEM	Early Infection (4 & 6wpi)	0.252485370070969	0.89613339136712	39	35	0.779748732393036	0.895881522323913
Enterococcus	InfectStageDEM	Early Infection (4 & 6wpi)	0.192287288430314	0.670128159165188	39	5	0.775802558810229	0.895881522323913
Cellvibrio	InfectStageDEM	Early Infection (4 & 6wpi)	0.162206366150564	0.626503675366798	39	17	0.797546371605883	0.906684296141425
Aeromonas	InfectStageDEM	Mid Infection (8 & 10 wpi)	0.0625000000000374	0.372466461078324	39	7	0.867679478285726	0.954586276249242
Corynebacterium	InfectStageDEM	Early Infection (4 & 6wpi)	0.160170247936306	0.984639649268554	39	26	0.871688815576541	0.954586276249242
Odoribacter	InfectStageDEM	Early Infection (4 & 6wpi)	0.09116353061778	0.574676979503308	39	4	0.875037419895139	0.954586276249242
Pseudomonas	InfectStageDEM	Early Infection (4 & 6wpi)	-0.0493493899018813	0.290834381994885	39	39	0.866422728263474	0.954586276249242
Paenibacillus	InfectStageDEM	Mid Infection (8 & 10 wpi)	0.0625000000000467	0.448611208317126	39	4	0.890155350158058	0.961367778170703
Enterobacter	InfectStageDEM	Mid Infection (8 & 10 wpi)	-0.0283520856220782	0.270280566107184	39	5	0.917038461552341	0.978059242477527
Mycobacterium	InfectStageDEM	Mid Infection (8 & 10 wpi)	-0.0708876997882725	0.735205099422068	39	6	0.923722617895442	0.978059242477527
Gardnerella	InfectStageDEM	Mid Infection (8 & 10 wpi)	0.02455123276001	0.355771820931836	39	4	0.945453833091988	0.991349650232376
Erysipelothrix	InfectStageDEM	Mid Infection (8 & 10 wpi)	-0.0283325628378357	0.687715274359139	39	9	0.967418130057342	0.998147579699755
Odoribacter	InfectStageDEM	Mid Infection (8 & 10 wpi)	0.021252005887968	0.568264631266053	39	4	0.970421258041429	0.998147579699755
Herbaspirillum	InfectStageDEM	Early Infection (4 & 6wpi)	0.00139655151841507	0.212887181098927	39	4	0.994810200709807	0.999999999999933
Prevotella	InfectStageDEM	Mid Infection (8 & 10 wpi)	-0.00285983221663438	0.906690165501493	39	16	0.997500774611039	0.999999999999933
Pseudochrobactrum	InfectStageDEM	Mid Infection (8 & 10 wpi)	1.95676808090184e-14	0.232234266708544	39	5	0.999999999999933	0.999999999999933
