feature	metadata	value	coef	stderr	N	N.not.0	pval	qval
Janthinobacterium	InfectStageDEM	Mid Infection (8 & 10 wpi)	-6.33007549193268	0.283095758055819	39	25	1.00555085006199e-19	1.08599491806695e-17
Micrococcus	InfectStageDEM	Mid Infection (8 & 10 wpi)	4.58738535039048	0.53650095029395	39	30	1.98396850252695e-09	1.07134299136455e-07
Staphylococcus	InfectStageDEM	Mid Infection (8 & 10 wpi)	5.96546318477602	0.939762997498733	39	31	2.3889587608295e-07	8.60025153898619e-06
Stenotrophomonas	InfectStageDEM	Mid Infection (8 & 10 wpi)	-4.16859884420414	0.695597024413715	39	28	7.1043502660939e-07	1.91817457184535e-05
Pedobacter	InfectStageDEM	Mid Infection (8 & 10 wpi)	-2.63964852581183	0.467951649334705	39	20	2.09926183304603e-06	4.53440555937942e-05
Micrococcus	InfectStageDEM	Early Infection (4 & 6wpi)	2.60167647016723	0.543347440604094	39	30	4.50999739699872e-05	0.000811799531459769
Comamonas	InfectStageDEM	Mid Infection (8 & 10 wpi)	-2.3132154941811	0.616064500864119	39	17	0.00061249132183008	0.00944986610823552
Janthinobacterium	InfectStageDEM	Early Infection (4 & 6wpi)	1.00205549782544	0.286473300973647	39	25	0.00153685682588705	0.0207475671494752
Brevundimonas	InfectStageDEM	Mid Infection (8 & 10 wpi)	-2.17167434459824	0.630864233202309	39	19	0.00178008456870292	0.0213610148244351
Coprococcus	InfectStageDEM	Early Infection (4 & 6wpi)	-1.70517336007966	0.5025898982319	39	10	0.00203239490892163	0.0219498650163537
Streptomyces	InfectStageDEM	Mid Infection (8 & 10 wpi)	1.63354014464458	0.547191419953309	39	16	0.00568211229073229	0.0557880115817352
Coprococcus	InfectStageDEM	Mid Infection (8 & 10 wpi)	-1.38398932544942	0.496769472389659	39	10	0.00937679610698024	0.0778995368887589
Sediminibacterium	InfectStageDEM	Mid Infection (8 & 10 wpi)	-1.73394704723458	0.626835626341199	39	15	0.00889398350436767	0.0778995368887589
Propionibacterium	InfectStageDEM	Early Infection (4 & 6wpi)	2.1668232614793	0.82229676669733	39	22	0.0123280266817421	0.0951019201162962
Aeromonas	InfectStageDEM	Early Infection (4 & 6wpi)	0.956564076779099	0.376582237525814	39	7	0.0155395435426351	0.104891918912787
Brevundimonas	InfectStageDEM	Early Infection (4 & 6wpi)	1.64417430683251	0.638889752967713	39	19	0.015452843793381	0.104891918912787
Blautia	InfectStageDEM	Mid Infection (8 & 10 wpi)	-0.742150248786148	0.298601720371383	39	4	0.0177212217546587	0.10771364421699
Oscillospira	InfectStageDEM	Early Infection (4 & 6wpi)	-1.47529434307851	0.594878834770434	39	9	0.0179522740361649	0.10771364421699
Oscillospira	InfectStageDEM	Mid Infection (8 & 10 wpi)	-1.37306454378398	0.588377231526095	39	9	0.0253149230198784	0.143895351902466
Pseudochrobactrum	InfectStageDEM	Early Infection (4 & 6wpi)	0.536855358664647	0.234800469105538	39	5	0.0282163379048348	0.145112594939151
Turicibacter	InfectStageDEM	Mid Infection (8 & 10 wpi)	-1.95575308280317	0.841334318399393	39	13	0.0275217351407867	0.145112594939151
Bradyrhizobium	InfectStageDEM	Mid Infection (8 & 10 wpi)	-0.514291525453259	0.227966048946568	39	4	0.031735806673907	0.155793960035544
Mesorhizobium	InfectStageDEM	Mid Infection (8 & 10 wpi)	-0.664161685425741	0.305222963745809	39	7	0.0378383164809964	0.177675573041201
Clostridium	InfectStageDEM	Early Infection (4 & 6wpi)	-1.84926457612027	0.878546201521747	39	11	0.0439473172594817	0.182550394770155
Clostridium	InfectStageDEM	Mid Infection (8 & 10 wpi)	-1.83536459973068	0.868362215983358	39	11	0.0431952000384649	0.182550394770155
Rhodoplanes	InfectStageDEM	Mid Infection (8 & 10 wpi)	-0.422186262434757	0.198273569840128	39	4	0.0417928849171252	0.182550394770155
Propionibacterium	InfectStageDEM	Mid Infection (8 & 10 wpi)	1.63925888424012	0.813309646945065	39	22	0.0513600761778599	0.20544030471144
Rothia	InfectStageDEM	Early Infection (4 & 6wpi)	-1.29125584645611	0.646150136426946	39	4	0.0532711308108386	0.205474361698949
Pseudomonas	InfectStageDEM	Mid Infection (8 & 10 wpi)	-0.573576477702635	0.287551304499011	39	39	0.0554910074597127	0.206656165712034
Blautia	InfectStageDEM	Early Infection (4 & 6wpi)	-0.556680994329464	0.301901287060761	39	4	0.0734382514218	0.247854098548575
Paenibacillus	InfectStageDEM	Early Infection (4 & 6wpi)	0.846437709457343	0.454029166756455	39	4	0.0723190665848723	0.247854098548575
Stenotrophomonas	InfectStageDEM	Early Infection (4 & 6wpi)	1.31540266327623	0.703283412717612	39	28	0.069579792343033	0.247854098548575
