feature	metadata	value	coef	stderr	N	N.not.0	pval	qval
Enhydrobacter	DiseaseCINEndpoint	At least CIN3	-1.94606339586383	0.750026335025437	72	21	0.011556142393391	0.531582550095984
Afipia	DiseaseCINEndpoint	CIN3	2.29028925789626	1.01438355717242	72	20	0.0271239239113628	0.623850249961345
Acinetobacter	DiseaseCINEndpoint	CIN3	0.796388140072661	0.962040432009082	72	61	0.410631278494479	0.783571566183201
Actinobacillus	DiseaseCINEndpoint	At least CIN3	2.10621795469214	1.73332584248257	72	36	0.255230824780506	0.783571566183201
Bacillus	DiseaseCINEndpoint	At least CIN3	0.427008276081081	0.533062537539092	72	13	0.425854112056087	0.783571566183201
Burkholderia	DiseaseCINEndpoint	At least CIN3	0.292562457798337	0.303335702434924	72	8	0.33817147411858	0.783571566183201
Caulobacter	DiseaseCINEndpoint	At least CIN3	-0.625434319825753	0.630626549309979	72	16	0.34722501021689	0.783571566183201
Corynebacterium	DiseaseCINEndpoint	At least CIN3	-1.79924799630359	1.05380211707486	72	38	0.0922464907203071	0.783571566183201
Enhydrobacter	DiseaseCINEndpoint	CIN3	-1.22087850890949	0.649541859639367	72	21	0.0643856173444423	0.783571566183201
Lactobacillus	DiseaseCINEndpoint	CIN3	1.07022641863408	0.657832756581733	72	18	0.138202106246663	0.783571566183201
Lactobacillus	DiseaseCINEndpoint	At least CIN3	1.02220667509314	0.759599838188434	72	18	0.211311719681686	0.783571566183201
Oscillospira	DiseaseCINEndpoint	At least CIN3	0.239144908068921	0.28950199055893	72	9	0.411619433283277	0.783571566183201
Porphyromonas	DiseaseCINEndpoint	At least CIN3	-0.895996489633133	0.819061402063403	72	16	0.302397745937228	0.783571566183201
Pseudomonas	DiseaseCINEndpoint	CIN3	0.809627189152504	0.713965789553714	72	61	0.286101276546229	0.783571566183201
Rhodococcus	DiseaseCINEndpoint	CIN3	-0.432054312708449	0.252287538613505	72	8	0.120948005999545	0.783571566183201
Rhodococcus	DiseaseCINEndpoint	At least CIN3	-0.318680271849768	0.29131655666339	72	8	0.302396249995415	0.783571566183201
Sediminibacterium	DiseaseCINEndpoint	At least CIN3	-0.645947157595312	0.623171364245659	72	8	0.326993018522204	0.783571566183201
Staphylococcus	DiseaseCINEndpoint	At least CIN3	-1.18260692166565	0.889345690243835	72	36	0.18798014274857	0.783571566183201
Stenotrophomonas	DiseaseCINEndpoint	CIN3	-0.461226000281752	0.561390744398876	72	14	0.414147214694305	0.783571566183201
Streptococcus	DiseaseCINEndpoint	CIN3	0.953922339637218	1.07839709526326	72	45	0.37945835794265	0.783571566183201
Streptococcus	DiseaseCINEndpoint	At least CIN3	1.40099671660857	1.24522570648711	72	45	0.264447438438601	0.783571566183201
Streptomyces	DiseaseCINEndpoint	At least CIN3	-1.47834882497269	1.0906626143481	72	43	0.179691644145243	0.783571566183201
Turicibacter	DiseaseCINEndpoint	CIN3	0.431086811040212	0.266596076863626	72	9	0.110440601700173	0.783571566183201
Turicibacter	DiseaseCINEndpoint	At least CIN3	0.399343251468178	0.307838633484225	72	9	0.198866416119345	0.783571566183201
Cutibacterium	DiseaseCINEndpoint	At least CIN3	-0.856463428428476	0.831263752236772	72	30	0.306460297855348	0.783571566183201
Acinetobacter	DiseaseCINEndpoint	At least CIN3	-0.458262896338682	1.11086860478349	72	61	0.681232433699628	0.847480827325429
Actinobacillus	DiseaseCINEndpoint	CIN3	0.653398609151414	1.50110421262597	72	36	0.673611983859232	0.847480827325429
Afipia	DiseaseCINEndpoint	At least CIN3	0.722363985514074	1.17130923959006	72	20	0.539452308460332	0.847480827325429
Bacillus	DiseaseCINEndpoint	CIN3	-0.265208592296951	0.46164569931465	72	13	0.567507864534402	0.847480827325429
Burkholderia	DiseaseCINEndpoint	CIN3	-0.180157866598214	0.262696424183442	72	8	0.495135537119639	0.847480827325429
Herbaspirillum	DiseaseCINEndpoint	CIN3	0.325053159624683	0.840359687304403	72	39	0.700092857355789	0.847480827325429
Herbaspirillum	DiseaseCINEndpoint	At least CIN3	-0.380725214672057	0.970363783362613	72	39	0.696006720114126	0.847480827325429
Microbacterium	DiseaseCINEndpoint	CIN3	-0.108278270117211	0.250504694295132	72	8	0.666914494668587	0.847480827325429
Microbacterium	DiseaseCINEndpoint	At least CIN3	0.149589346458046	0.289257905369119	72	8	0.606706227423236	0.847480827325429
Micrococcus	DiseaseCINEndpoint	At least CIN3	-0.597174531875226	0.932927273439781	72	29	0.524222081509888	0.847480827325429
Porphyromonas	DiseaseCINEndpoint	CIN3	-0.351554138730931	0.709327981446207	72	16	0.632041670210027	0.847480827325429
Pseudomonas	DiseaseCINEndpoint	At least CIN3	-0.361365370028833	0.824416681582041	72	61	0.671480737677856	0.847480827325429
Streptomyces	DiseaseCINEndpoint	CIN3	-0.52057617179905	0.944541530983405	72	43	0.583316894840065	0.847480827325429
Corynebacterium	DiseaseCINEndpoint	CIN3	0.296964055564924	0.91261940394865	72	38	0.745864937935552	0.877452506266668
Oscillospira	DiseaseCINEndpoint	CIN3	0.0759006740461057	0.250716078270196	72	9	0.76300217936232	0.877452506266668
Staphylococcus	DiseaseCINEndpoint	CIN3	-0.192932989576477	0.770195960497368	72	36	0.802946201135455	0.900866469566608
Caulobacter	DiseaseCINEndpoint	CIN3	-0.120133942054917	0.546138612003362	72	16	0.830803152753024	0.908836705262145
Sediminibacterium	DiseaseCINEndpoint	CIN3	0.105351127914704	0.539682232347747	72	8	0.849564746223309	0.908836705262145
Micrococcus	DiseaseCINEndpoint	CIN3	-0.0100749522418938	0.807938718682201	72	29	0.990086665917183	0.993435443664036
Stenotrophomonas	DiseaseCINEndpoint	At least CIN3	-0.00535276795928535	0.64823819479851	72	14	0.993435443664036	0.993435443664036
Cutibacterium	DiseaseCINEndpoint	CIN3	0.00766840736946814	0.719895526682218	72	30	0.991531744463012	0.993435443664036
