feature	metadata	value	coef	stderr	N	N.not.0	pval	qval
Acinetobacter	DiseaseCINEndpoint	Normal	-6.52588815443647	2.90185812211873	30	26	0.0482725334273114	0.833181279671059
Acinetobacter	DiseaseCINEndpoint	CIN3	-3.79466171948513	1.67538856795535	30	26	0.0469723479096004	0.833181279671059
Enhydrobacter	DiseaseCINEndpoint	CIN2	1.64540573096392	0.835481163807968	30	9	0.0772199799928031	0.833181279671059
Enhydrobacter	DiseaseCINEndpoint	SCC	3.95901921643049	1.25322174571195	30	9	0.0101748190293184	0.833181279671059
Herbaspirillum	DiseaseCINEndpoint	CIN2	1.85850496870546	1.0419824214494	30	9	0.0866303882514773	0.833181279671059
Prevotella	DiseaseCINEndpoint	SCC	2.75947648139003	1.28770134438462	30	9	0.0420393249494744	0.833181279671059
Propionibacterium	DiseaseCINEndpoint	Normal	-2.80150886170396	1.43834172278871	30	13	0.062759895552036	0.833181279671059
Propionibacterium	DiseaseCINEndpoint	CIN2	-1.76012971999378	0.958894481859138	30	13	0.0783432202225943	0.833181279671059
Propionibacterium	DiseaseCINEndpoint	CIN3	-1.66530183717755	0.830426980838731	30	13	0.0558644607922204	0.833181279671059
Pseudomonas	DiseaseCINEndpoint	CIN3	-1.65863032985476	0.690713611876584	30	25	0.0372310319566885	0.833181279671059
Turicibacter	DiseaseCINEndpoint	CIN2	3.53725983668344	1.98778674265502	30	6	0.087319802757314	0.833181279671059
Turicibacter	DiseaseCINEndpoint	SCC	5.271531420335	2.98168011398253	30	6	0.0892694228218991	0.833181279671059
Acinetobacter	DiseaseCINEndpoint	CIN2	-1.81545411454255	1.93457208141248	30	26	0.370137501017246	0.872383732325511
Actinobacillus	DiseaseCINEndpoint	Normal	2.04404481120658	3.41282098715678	30	20	0.562540173155897	0.872383732325511
Actinobacillus	DiseaseCINEndpoint	CIN2	1.81829802456378	2.27521399143785	30	20	0.442756061411962	0.872383732325511
Actinobacillus	DiseaseCINEndpoint	CIN3	3.20123748037416	1.97039311563097	30	20	0.135295222236483	0.872383732325511
Adlercreutzia	DiseaseCINEndpoint	CIN2	0.428376133361751	0.7601289630644	30	5	0.578076055755671	0.872383732325511
Adlercreutzia	DiseaseCINEndpoint	SCC	1.07270035074959	1.1401934445966	30	5	0.355807006343069	0.872383732325511
Afipia	DiseaseCINEndpoint	Normal	-1.86879753379969	3.47703483513179	30	10	0.602697876481737	0.872383732325511
Afipia	DiseaseCINEndpoint	CIN2	1.18340159647713	2.31802322342119	30	10	0.620765417771738	0.872383732325511
Afipia	DiseaseCINEndpoint	CIN3	1.98726865523545	2.00746699804504	30	10	0.345552102456156	0.872383732325511
Afipia	DiseaseCINEndpoint	SCC	2.43418489102908	3.47703483513179	30	10	0.499842762515253	0.872383732325511
Bifidobacterium	DiseaseCINEndpoint	Normal	-0.413420144745587	0.693408284375946	30	7	0.556392346394536	0.872383732325511
Brevibacillus	DiseaseCINEndpoint	Normal	-1.8969210808914	2.63177188644374	30	5	0.47773300807011	0.872383732325511
Brevibacillus	DiseaseCINEndpoint	CIN2	-1.8969210808914	1.75451459096249	30	5	0.289942890270437	0.872383732325511
Brevibacillus	DiseaseCINEndpoint	CIN3	-0.77790017584911	1.51945420708398	30	5	0.613171903622362	0.872383732325511
Brevibacillus	DiseaseCINEndpoint	SCC	3.051040310337	2.63177188644374	30	5	0.257283185353965	0.872383732325511
Caulobacter	DiseaseCINEndpoint	Normal	-0.430950479388084	0.682523024038372	30	4	0.54193679292376	0.872383732325511
Caulobacter	DiseaseCINEndpoint	CIN2	-0.430950479388085	0.455015349358914	30	4	0.365906045520388	0.872383732325511
Caulobacter	DiseaseCINEndpoint	SCC	-0.430950479388083	0.682523024038372	30	4	0.541936792924032	0.872383732325511
Cloacibacterium	DiseaseCINEndpoint	CIN2	-0.510634183106118	0.924773386441639	30	5	0.592955592671509	0.872383732325511
Cloacibacterium	DiseaseCINEndpoint	CIN3	0.567226264876736	0.800877245402223	30	5	0.494963489782526	0.872383732325511
Cloacibacterium	DiseaseCINEndpoint	SCC	0.763239685482757	1.38716007966246	30	5	0.59424594626036	0.872383732325511
Corynebacterium	DiseaseCINEndpoint	Normal	-2.28781217983562	1.65138407866306	30	13	0.196053694749303	0.872383732325511
Corynebacterium	DiseaseCINEndpoint	CIN3	-1.28860959036171	0.953427042351578	30	13	0.206297549654955	0.872383732325511
Corynebacterium	DiseaseCINEndpoint	SCC	-2.28781217983562	1.65138407866306	30	13	0.196053694745284	0.872383732325511
Enhydrobacter	DiseaseCINEndpoint	CIN3	0.546201149345037	0.723547912241088	30	9	0.467719351786156	0.872383732325511
Enterococcus	DiseaseCINEndpoint	Normal	-0.62152566837948	1.24910668768915	30	5	0.623131237375365	0.872383732325511
Enterococcus	DiseaseCINEndpoint	CIN2	0.926082357088835	0.83273779179277	30	5	0.276678217787023	0.872383732325511
Enterococcus	DiseaseCINEndpoint	CIN3	-0.463122881195656	0.721172082383895	30	5	0.526601285491832	0.872383732325511
Enterococcus	DiseaseCINEndpoint	SCC	-0.62152566837948	1.24910668768916	30	5	0.623131237375329	0.872383732325511
Herbaspirillum	DiseaseCINEndpoint	CIN3	0.99275992420309	0.902383247272007	30	9	0.281746406048562	0.872383732325511
Lactobacillus	DiseaseCINEndpoint	Normal	-1.9179271944311	2.23892827278176	30	13	0.411708243182577	0.872383732325511
Lactobacillus	DiseaseCINEndpoint	CIN2	-1.45035731664904	1.49261884852117	30	13	0.354122889108745	0.872383732325511
Micrococcus	DiseaseCINEndpoint	Normal	-0.675281619119734	0.867369778005167	30	10	0.443557944491552	0.872383732325511
Micrococcus	DiseaseCINEndpoint	CIN2	0.910784682260547	0.578246518670112	30	10	0.127809371431589	0.872383732325511
Micrococcus	DiseaseCINEndpoint	CIN3	-0.467171345847866	0.500776174818229	30	10	0.35979745780478	0.872383732325511
Micrococcus	DiseaseCINEndpoint	SCC	1.05739415448358	0.867369778005168	30	10	0.234191514522415	0.872383732325511
Odoribacter	DiseaseCINEndpoint	Normal	-0.82194133176385	0.940564275737135	30	6	0.402681453075788	0.872383732325511
Odoribacter	DiseaseCINEndpoint	CIN2	0.442971418568025	0.627042850491423	30	6	0.496041273906596	0.872383732325511
Odoribacter	DiseaseCINEndpoint	CIN3	-0.821941331763848	0.54303503778698	30	6	0.161070832917483	0.872383732325511
Odoribacter	DiseaseCINEndpoint	SCC	-0.82194133176385	0.940564275737135	30	6	0.402681453075544	0.872383732325511
Oscillospira	DiseaseCINEndpoint	CIN2	1.72488573691597	1.30233679715502	30	8	0.214823082712881	0.872383732325511
Oscillospira	DiseaseCINEndpoint	SCC	1.26908654366335	1.95350519573253	30	8	0.530559741769105	0.872383732325511
Porphyromonas	DiseaseCINEndpoint	CIN2	0.601128681101119	1.15816496358309	30	5	0.615027714414011	0.872383732325511
Prevotella	DiseaseCINEndpoint	Normal	2.04537389376805	1.28770134438461	30	9	0.124766180607869	0.872383732325511
Propionibacterium	DiseaseCINEndpoint	SCC	-2.30150886170396	1.43834172278871	30	13	0.122136359067418	0.872383732325511
Pseudomonas	DiseaseCINEndpoint	Normal	-1.45524180893235	1.19635106924965	30	25	0.251763862822694	0.872383732325511
Pseudomonas	DiseaseCINEndpoint	CIN2	-1.0198322381082	0.797567379499769	30	25	0.229887666574124	0.872383732325511
Pseudomonas	DiseaseCINEndpoint	SCC	-0.998518105605431	1.19635106924965	30	25	0.423413107301854	0.872383732325511
Sediminibacterium	DiseaseCINEndpoint	Normal	1.60428177143497	1.31464609458018	30	10	0.233731940426407	0.872383732325511
Sediminibacterium	DiseaseCINEndpoint	CIN2	-0.817516612401296	0.876430729720117	30	10	0.359855694373512	0.872383732325511
Sediminibacterium	DiseaseCINEndpoint	CIN3	-0.46315002284877	0.759011276594954	30	10	0.547235490510518	0.872383732325511
Sediminibacterium	DiseaseCINEndpoint	SCC	-1.33891534493862	1.31464609458018	30	10	0.318214560773965	0.872383732325511
Staphylococcus	DiseaseCINEndpoint	Normal	-0.934053423909164	0.872139250756815	30	7	0.294404471673039	0.872383732325511
Staphylococcus	DiseaseCINEndpoint	CIN3	-0.82470175938513	0.503529831195286	30	7	0.113981902026789	0.872383732325511
Staphylococcus	DiseaseCINEndpoint	SCC	-0.434053423909164	0.872139250756815	30	7	0.623053345403608	0.872383732325511
Stenotrophomonas	DiseaseCINEndpoint	Normal	-2.42965279225778	2.19437267541431	30	10	0.294120761583704	0.872383732325511
Stenotrophomonas	DiseaseCINEndpoint	CIN2	-1.01575563107376	1.46291511694287	30	10	0.503282313957899	0.872383732325511
Stenotrophomonas	DiseaseCINEndpoint	CIN3	-1.32701689390268	1.26692165485281	30	10	0.319555760631933	0.872383732325511
Streptococcus	DiseaseCINEndpoint	CIN2	-1.89877845117081	2.02295479009208	30	19	0.370044733709269	0.872383732325511
Streptococcus	DiseaseCINEndpoint	CIN3	-1.71489979914428	1.75193023892716	30	19	0.350734470756705	0.872383732325511
Streptomyces	DiseaseCINEndpoint	Normal	-0.981385072877569	1.08124925089133	30	7	0.385418876585001	0.872383732325511
Streptomyces	DiseaseCINEndpoint	CIN2	-0.491213297081212	0.720832833927553	30	7	0.5110576937287	0.872383732325511
Streptomyces	DiseaseCINEndpoint	CIN3	-0.560116244960315	0.624259546063191	30	7	0.390675947841204	0.872383732325511
Streptomyces	DiseaseCINEndpoint	SCC	-0.981385072877569	1.08124925089133	30	7	0.38541887658335	0.872383732325511
Turicibacter	DiseaseCINEndpoint	CIN3	2.14612525948015	1.72147381644517	30	6	0.224069956616959	0.872383732325511
Veillonella	DiseaseCINEndpoint	Normal	-0.83108463271385	1.09036641001701	30	4	0.453068270056719	0.872383732325511
Veillonella	DiseaseCINEndpoint	CIN2	-0.831084632713849	0.726910940011343	30	4	0.263740416198689	0.872383732325511
Veillonella	DiseaseCINEndpoint	SCC	-0.83108463271385	1.09036641001701	30	4	0.453068270056719	0.872383732325511
Lactobacillus	DiseaseCINEndpoint	CIN3	-0.640221730761967	1.29264584098681	30	13	0.631104327856402	0.872638082961939
Oscillospira	DiseaseCINEndpoint	Normal	-0.924551043825642	1.95350519573253	30	8	0.646176815762423	0.873670078897655
Ruminococcus	DiseaseCINEndpoint	Normal	-0.504136956689713	1.06938257489751	30	5	0.647451933468798	0.873670078897655
Adlercreutzia	DiseaseCINEndpoint	Normal	-0.473147671337591	1.1401934445966	30	5	0.681702516782774	0.908936689043699
Veillonella	DiseaseCINEndpoint	CIN3	-0.253239728517046	0.629523340338649	30	4	0.690902571329063	0.910365741045353
Bifidobacterium	DiseaseCINEndpoint	CIN3	0.138712750841498	0.400339459642769	30	7	0.731875505547717	0.913006261163517
Caulobacter	DiseaseCINEndpoint	CIN3	-0.129092339368409	0.394054851656671	30	4	0.749969428812889	0.913006261163517
Cloacibacterium	DiseaseCINEndpoint	Normal	-0.510634183106118	1.38716007966246	30	5	0.720460021252696	0.913006261163517
Oscillospira	DiseaseCINEndpoint	CIN3	-0.422329730124672	1.12785675061951	30	8	0.715885245353276	0.913006261163517
Porphyromonas	DiseaseCINEndpoint	Normal	-0.578772222717253	1.73724744537464	30	5	0.745897131235311	0.913006261163517
Porphyromonas	DiseaseCINEndpoint	SCC	-0.578772222717253	1.73724744537464	30	5	0.745897131235756	0.913006261163517
Ruminococcus	DiseaseCINEndpoint	CIN3	-0.235899066999807	0.617408317483773	30	5	0.710396532801082	0.913006261163517
Herbaspirillum	DiseaseCINEndpoint	Normal	-0.474669562317701	1.56297363217411	30	9	0.7638723634294	0.91993230864616
Ruminococcus	DiseaseCINEndpoint	CIN2	0.20387824128459	0.712921716598341	30	5	0.780733310004268	0.930235433196575
Acinetobacter	DiseaseCINEndpoint	SCC	-0.54803547331612	2.90185812211872	30	26	0.853982909877418	0.931390722441901
Actinobacillus	DiseaseCINEndpoint	SCC	0.898814609826953	3.41282098715678	30	20	0.797617028906137	0.931390722441901
Bifidobacterium	DiseaseCINEndpoint	CIN2	-0.109639798036739	0.462272189583964	30	7	0.81445319077859	0.931390722441901
Porphyromonas	DiseaseCINEndpoint	CIN3	0.244445825572357	1.00300028023604	30	5	0.812378848256044	0.931390722441901
Prevotella	DiseaseCINEndpoint	CIN2	-0.167766928137319	0.858467562923076	30	9	0.846639086058734	0.931390722441901
Prevotella	DiseaseCINEndpoint	CIN3	-0.150714924296865	0.7434547178163	30	9	0.840992838531172	0.931390722441901
Staphylococcus	DiseaseCINEndpoint	CIN2	-0.109783993210078	0.58142616717121	30	7	0.85175957324949	0.931390722441901
Stenotrophomonas	DiseaseCINEndpoint	SCC	0.429183577052257	2.19437267541431	30	10	0.848852990927265	0.931390722441901
Streptococcus	DiseaseCINEndpoint	Normal	-0.53966634623767	3.03443218513812	30	19	0.862393703300096	0.931390722441901
Streptococcus	DiseaseCINEndpoint	SCC	-0.529873143899421	3.03443218513812	30	19	0.864862813696051	0.931390722441901
Adlercreutzia	DiseaseCINEndpoint	CIN3	-0.0833210371639325	0.658290992166094	30	5	0.900291859287523	0.943764302792821
Bifidobacterium	DiseaseCINEndpoint	SCC	0.0865798552544135	0.693408284375946	30	7	0.901631967846713	0.943764302792821
Ruminococcus	DiseaseCINEndpoint	SCC	0.135730629077572	1.06938257489751	30	5	0.901516198569782	0.943764302792821
Enhydrobacter	DiseaseCINEndpoint	Normal	-0.144809852901429	1.25322174571195	30	9	0.910296547494722	0.944011234438971
Corynebacterium	DiseaseCINEndpoint	CIN2	-0.0295591112625976	1.1009227191087	30	13	0.979108110083475	0.999999999999996
Herbaspirillum	DiseaseCINEndpoint	SCC	0.0253304376822991	1.56297363217411	30	9	0.987198244048955	0.999999999999996
Lactobacillus	DiseaseCINEndpoint	SCC	-0.0166718904144795	2.23892827278176	30	13	0.994205168185517	0.999999999999996
Turicibacter	DiseaseCINEndpoint	Normal	1.6902080999245e-14	2.98168011398253	30	6	0.999999999999996	0.999999999999996
