feature	metadata	value	coef	stderr	N	N.not.0	pval	qval
Mucispirillum	NaturalMicro	Post-Depo	1.59540726545723	0.497268426507255	33	5	0.00422099620835952	0.118187893834067
Anaerobacillus	NaturalMicro	Post-Depo	0.478487781462763	0.235042921171132	33	5	0.0545873667894433	0.152844627010441
Bifidobacterium	NaturalMicro	Post-Depo	0.67979015639388	0.337177046267935	33	4	0.0525235160316042	0.152844627010441
Gardnerella	NaturalMicro	Post-Depo	1.06297171456639	0.385123073014448	33	4	0.0117319529709418	0.152844627010441
Oscillospira	NaturalMicro	Post-Depo	0.925329590120126	0.43065603935543	33	7	0.0434796353142573	0.152844627010441
Propionibacterium	NaturalMicro	Post-Depo	1.40387506497574	0.685859389344191	33	13	0.0492271623386855	0.152844627010441
Pseudomonas	NaturalMicro	Post-Depo	3.07111353241498	1.28276140975779	33	26	0.0228945461705045	0.152844627010441
Ruminococcus	NaturalMicro	Post-Depo	1.12897090203162	0.498732462665517	33	5	0.0307403623433822	0.152844627010441
Stenotrophomonas	NaturalMicro	Post-Depo	1.14335768662304	0.52940311110939	33	9	0.0386449606604801	0.152844627010441
Turicibacter	NaturalMicro	Post-Depo	0.686134327953478	0.295090039093078	33	5	0.026781456883427	0.152844627010441
Acinetobacter	NaturalMicro	Post-Depo	2.53278749877836	1.33455417599829	33	32	0.0715483603992656	0.173040966089246
Cellvibrio	NaturalMicro	Post-Depo	1.75902807958077	0.951939760217954	33	13	0.0741876188637627	0.173040966089246
Clostridium	NaturalMicro	Post-Depo	0.490724911642518	0.272257271051527	33	6	0.0858501124375558	0.173040966089246
Corynebacterium	NaturalMicro	Post-Depo	2.00244588762224	1.11351693886529	33	17	0.086520483044623	0.173040966089246
Enterococcus	NaturalMicro	Post-Depo	-1.15985601295788	0.752116837137168	33	5	0.13319141257829	0.248623970146142
