feature	metadata	value	coef	stderr	N	N.not.0	pval	qval
Stenotrophomonas	ViralCopyNumberHighLow	Low	1.40263619924901	0.443259404207056	39	6	0.0031039023071442	0.0900131669071819
Rhodococcus	ViralCopyNumberHighLow	Low	0.839124587027525	0.326448053568942	39	4	0.0154491994240934	0.224013391649354
Enhydrobacter	ViralCopyNumberHighLow	Low	1.58177407022195	0.756753320464205	39	10	0.0435276265531215	0.315575292510131
Herbaspirillum	ViralCopyNumberHighLow	Low	3.12520218265027	1.41990385649804	39	23	0.0340538555141695	0.315575292510131
Actinobacillus	ViralCopyNumberHighLow	Low	-1.44327481055183	0.764474396991699	39	17	0.0675061816155457	0.391535853370165
Acinetobacter	ViralCopyNumberHighLow	Low	2.31349746932255	1.42551941811223	39	37	0.113098492060219	0.468550895678052
Lactobacillus	ViralCopyNumberHighLow	Low	1.50346561821303	0.919112537848276	39	12	0.11122503279156	0.468550895678052
Porphyromonas	ViralCopyNumberHighLow	Low	-1.36442871473487	0.970378781164275	39	7	0.168043802720939	0.609158784863406
Afipia	ViralCopyNumberHighLow	Low	1.41199687298443	1.14430315058024	39	13	0.225007461442559	0.654875502035537
Microbacterium	ViralCopyNumberHighLow	Low	0.510435186435661	0.412819959996012	39	7	0.225819138632944	0.654875502035537
Burkholderia	ViralCopyNumberHighLow	Low	0.490981790146599	0.446763664794285	39	6	0.278879016955969	0.661039204694104
Corynebacterium	ViralCopyNumberHighLow	Low	1.25935822271029	1.18548835886137	39	18	0.296327919345633	0.661039204694104
Leuconostoc	ViralCopyNumberHighLow	Low	-0.359242239518334	0.322218119148966	39	5	0.273405168075048	0.661039204694104
Streptomyces	ViralCopyNumberHighLow	Low	1.52583501537985	1.52228631989396	39	23	0.322694098830336	0.668437776148554
Turicibacter	ViralCopyNumberHighLow	Low	-0.347498416217897	0.379400540250508	39	6	0.36564305897411	0.706909914016612
Caulobacter	ViralCopyNumberHighLow	Low	-0.548087565417058	0.679088277894276	39	8	0.426055882142657	0.726801210713944
Ruminococcus	ViralCopyNumberHighLow	Low	-0.25715494119618	0.318943967658894	39	6	0.425239294972312	0.726801210713944
Coprococcus	ViralCopyNumberHighLow	Low	0.221448581914222	0.317642057232322	39	4	0.49005780801535	0.789537579580287
Adlercreutzia	ViralCopyNumberHighLow	Low	0.204432720778687	0.335514854150966	39	4	0.546042203554713	0.791761195154334
Oscillospira	ViralCopyNumberHighLow	Low	0.27055871364871	0.429299734307327	39	7	0.532415671750955	0.791761195154334
Bacillus	ViralCopyNumberHighLow	Low	0.372125740902396	0.66612639052056	39	7	0.580269531579973	0.801324591229486
Propionibacterium	ViralCopyNumberHighLow	Low	0.559131891354033	1.62533460721965	39	17	0.732785975457022	0.965945149466074
Enterococcus	ViralCopyNumberHighLow	Low	0.000475983610766188	0.239476708225893	39	4	0.998424804646949	0.998424804646949
Micrococcus	ViralCopyNumberHighLow	Low	0.0107569695288153	0.723537285537558	39	18	0.988218011693626	0.998424804646949
Prevotella	ViralCopyNumberHighLow	Low	-0.0566028587787519	0.56484086097725	39	4	0.920718416956329	0.998424804646949
Pseudomonas	ViralCopyNumberHighLow	Low	0.255663290888751	1.41202798150895	39	36	0.857440039107528	0.998424804646949
Staphylococcus	ViralCopyNumberHighLow	Low	0.366166907789127	1.76420766089778	39	18	0.83671603430471	0.998424804646949
Streptococcus	ViralCopyNumberHighLow	Low	-0.218742572779347	2.09270584140144	39	26	0.917316357500407	0.998424804646949
Weissella	ViralCopyNumberHighLow	Low	-0.0046240083345353	0.306698312365846	39	4	0.988082322637543	0.998424804646949
