SampleID,Acidovorax,Acinetobacter,Actinobacillus,Actinomyces,Adlercreutzia,Aerococcus,Agrobacterium,Akkermansia,Alishewanella,Alistipes,Alloiococcus,Anaerobacillus,Anaerococcus,Anaerovibrio,Anoxybacillus,Arthrobacter,Asticcacaulis,Bacillus,Bacteroides,Bifidobacterium,Bilophila,Blautia,Brachybacterium,Brevibacillus,Brevibacterium,Brevundimonas,Bulleidia,Burkholderia,Butyricicoccus,Campylobacter,Candidatus Nitrososphaera,Carnobacterium,Caulobacter,Cellvibrio,Cloacibacterium,Clostridium,Collinsella,Coprococcus,Corynebacterium,Cytophaga,DA101,Dehalobacterium,Deinococcus,Desulfovibrio,Devosia,Dialister,Dietzia,Dorea,Enhydrobacter,Enterococcus,Faecalibacterium,Finegoldia,Flavobacterium,Fusobacterium,Gardnerella,Gemella,Gemmata,Gemmiger,Granulicatella,Haemophilus,Halomonas,Hymenobacter,Janthinobacterium,Jeotgalicoccus,Kaistobacter,Kocuria,Lactobacillus,Lactococcus,Leptotrichia,Leuconostoc,Massilia,Megasphaera,Methanobrevibacter,Microbacterium,Micrococcus,Moraxella,Mucispirillum,Mycobacterium,N09,Neisseria,Nesterenkonia,Nocardioides,Novosphingobium,Odoribacter,Oscillospira,Paenibacillus,Parabacteroides,Paracoccus,Pedobacter,Peptoniphilus,Phenylobacterium,Planctomyces,Porphyromonas,Prevotella,Pseudomonas,Pseudonocardia,Psychrobacter,Rhodococcus,Rhodoplanes,Roseburia,Roseomonas,Rothia,Rubrobacter,Ruminococcus,Saccharopolyspora,Salinicoccus,Sediminibacterium,Sphingobacterium,Sphingobium,Sphingopyxis,Staphylococcus,Stenotrophomonas,Streptococcus,Streptomyces,Succinivibrio,Sutterella,Turicibacter,Veillonella,Cutibacterium,Eubacterium
LK16S004-012,0,0.006918386,0,0,0.022514071,0,0,0,0,0.001172608,0,0,0,0,0,0,0,0,0.032246717,0,0.003283302,0,0,0,0,0,0,0,0,0,0,0,0,0,0,0.001876173,0,0.009849906,0,0,0,0.002579737,0,0,0,0,0,0.001055347,0,0,0,0,0,0,0,0,0,0,0,0,0,0,0,0,0,0,0.527204503,0,0,0,0,0,0,0,0.023569418,0,0,0,0,0,0,0,0,0.025445591,0.041979362,0,0.006566604,0,0,0,0,0,0,0.1755394,0.003283302,0,0,0,0,0,0,0,0,0.016651032,0,0,0,0,0,0,0.061444653,0.001055347,0,0.02685272,0,0,0,0,0.00304878,0
LK16S004-013,0,0.008438819,0,0,0,0,0,0,0,0,0,0,0,0,0,0,0,0,0,0,0,0,0,0,0,0,0,0,0,0,0,0,0,0,0,0,0,0,0,0,0,0,0,0,0,0,0,0,0,0,0,0,0,0.001110371,0,0,0,0,0,0,0,0,0,0,0,0,0.001332445,0,0,0,0,0,0,0,0,0,0,0,0,0,0,0,0,0,0,0,0,0,0,0,0,0,0.952254053,0.001554519,0,0,0,0,0,0,0,0,0,0,0,0,0,0,0,0,0.003109038,0,0.008660893,0.023539862,0,0,0,0,0,0
LK16S004-014,0,0.248571429,0,0,0,0,0,0,0,0,0.045714286,0,0,0,0,0,0,0,0.08,0,0,0,0,0,0,0,0,0,0,0,0,0,0,0,0,0,0,0,0,0,0,0,0,0,0,0,0,0,0,0,0,0,0,0.02,0,0,0,0,0,0,0,0,0.02,0,0,0,0.042857143,0,0,0,0,0,0,0,0.022857143,0,0,0,0,0,0,0,0,0,0,0,0,0,0,0,0,0,0,0,0,0,0,0,0,0,0,0,0,0.008571429,0,0,0,0,0,0,0.06,0,0.02,0.38,0,0.022857143,0,0,0.028571429,0
LK16S004-015,0,0,0,0,0,0,0,0,0,0,0,0,0,0,0,0,0,0,0,0,0,0,0,0,0,0,0,0,0,0,0,0,0,0,0,0,0,0,0,0,0,0,0,0,0,0,0,0,0,0,0,0,0,0,0,0,0,0,0,0,0,0,0,0,0,0,0,0,0,0,0,0,0,0,0,0,0,0,0,0,0,0,0,0,0,0,0,0,0,0,0,0,0.99469496,0,0,0,0,0,0,0,0,0,0,0,0,0,0,0,0,0,0.00107121,0,0,0.00178535,0,0,0,0,0,0
LK16S004-016,0,0.463878327,0,0,0,0,0,0,0,0,0,0,0,0,0,0,0,0,0.034220532,0,0,0,0,0,0,0,0,0,0,0,0,0,0,0,0,0,0,0.038022814,0,0,0,0,0,0,0,0,0,0.02661597,0,0,0,0,0,0,0,0,0,0,0,0,0,0,0,0,0,0,0.178707224,0,0,0,0,0,0,0,0,0,0,0,0,0,0,0,0,0,0.045627376,0,0,0,0,0,0,0,0.030418251,0,0.030418251,0,0,0,0,0,0,0,0,0,0,0,0,0,0,0,0.045627376,0,0.041825095,0.064638783,0,0,0,0,0,0
LK16S004-017,0.014981273,0.528089888,0,0,0,0,0,0,0,0,0,0.026217228,0,0,0,0,0,0,0,0,0,0,0,0,0,0,0,0,0,0,0,0,0,0.02247191,0,0,0,0,0.097378277,0,0,0,0,0,0,0,0,0,0,0,0,0,0,0,0,0,0,0,0,0,0,0,0,0,0,0,0,0,0,0.029962547,0,0,0,0,0,0,0,0,0,0,0,0,0,0,0,0,0,0,0,0,0,0,0.011235955,0.026217228,0.029962547,0,0,0,0,0,0,0.014981273,0,0,0,0,0,0,0,0,0.059925094,0,0.08988764,0.018726592,0,0,0,0,0.029962547,0
LK16S004-018,0,0.255608028,0,0,0,0,0,0,0,0,0,0.017709563,0,0,0,0,0,0,0,0.010625738,0,0,0,0,0,0,0,0,0,0,0,0,0,0.004132231,0,0.050767414,0,0.023022432,0.023612751,0,0,0,0,0,0,0,0,0,0,0,0,0,0,0,0,0,0,0,0,0,0,0,0,0,0,0,0.393742621,0,0,0,0,0,0,0,0,0,0,0,0,0,0,0,0,0,0.037780401,0,0.012396694,0,0,0,0,0,0,0.045454545,0.021841795,0,0,0,0,0,0,0,0,0,0,0,0,0,0,0,0.015348288,0,0,0.005903188,0,0,0.069067296,0,0.012987013,0
LK16S004-019,0,0.127407751,0,0,0,0,0.004641448,0,0,0,0,0,0,0,0,0,0,0,0.006033883,0,0,0,0,0,0,0,0,0,0,0,0,0,0,0,0,0,0,0.003016941,0,0,0,0,0,0,0,0,0,0,0,0,0,0.002088652,0,0,0.001856579,0,0,0,0,0,0,0,0,0,0,0,0.009514969,0,0,0,0.002088652,0,0,0,0.0134602,0,0,0,0,0,0,0,0,0.001856579,0.007194245,0,0.002552796,0,0,0,0.001160362,0,0.004409376,0.018565793,0.034578789,0,0,0,0,0,0,0,0,0.003016941,0.002320724,0,0,0,0,0,0.016245068,0.003713159,0.002088652,0.719192388,0,0,0,0.006033883,0.005337665,0
LK16S004-020,0,0,0,0,0,0,0,0,0,0,0,0,0,0,0,0,0,0,0,0,0,0,0,0,0,0,0,0,0,0,0,0,0,0,0,0,0,0,0,0,0,0,0,0,0,0,0,0,0,0,0,0,0,0,0,0,0,0,0,0,0,0,0,0,0,0,0,0,0,0,0,0,0,0,0,0,0,0,0,0,0,0,0,0,0,0,0,0,0,0,0,0,0.89382596,0,0,0,0,0,0,0,0,0,0,0,0,0,0,0,0,0,0,0,0.105055907,0,0,0,0,0,0,0
LK16S004-021,0,0.114285714,0,0,0,0,0,0,0,0,0,0,0,0,0,0,0,0,0,0,0,0,0,0,0,0,0,0,0,0,0,0,0,0,0,0,0,0,0,0,0,0,0,0,0,0,0,0,0,0,0,0,0,0,0,0,0,0,0,0,0,0,0,0,0,0,0.108571429,0,0,0,0,0,0,0,0.057142857,0,0,0,0,0,0,0,0,0,0,0,0,0,0,0,0,0,0,0,0.028571429,0,0,0,0,0,0,0,0,0,0,0,0,0,0,0,0,0,0.068571429,0.622857143,0,0,0,0,0,0
LK16S004-022,0,0.232810615,0,0.003618818,0,0,0,0,0,0,0.02291918,0,0,0,0,0,0,0,0,0,0,0,0,0,0,0,0,0,0,0,0,0,0,0,0,0,0,0,0.015681544,0,0,0,0,0,0,0,0,0,0,0,0,0,0,0,0,0,0,0,0,0,0,0,0,0,0,0,0.10615199,0.018094089,0,0,0,0,0,0,0.026537998,0,0,0,0,0,0,0,0,0,0,0.00482509,0,0,0,0,0,0,0,0.016887817,0.037394451,0,0,0,0,0,0,0,0,0.008443908,0,0,0,0,0,0,0.057901086,0,0.060313631,0.329312425,0,0,0,0.008443908,0.05066345,0
LK16S004-023,0,0.087719298,0,0,0,0,0,0,0,0,0,0,0,0,0,0,0,0,0,0,0,0,0,0,0,0,0,0,0,0,0,0,0,0,0,0,0,0,0,0,0,0,0,0,0,0,0,0,0,0,0,0,0,0,0,0,0,0,0,0,0,0,0,0,0,0,0.122807018,0,0,0,0,0,0,0,0.070175439,0,0,0,0,0,0,0,0,0.035087719,0,0,0,0,0,0,0,0,0,0,0.087719298,0,0,0,0,0,0,0,0,0,0,0,0,0,0,0,0,0,0.140350877,0.456140351,0,0,0,0,0,0
LK16S004-030,0,0.442655936,0,0.022132797,0,0.050301811,0,0,0,0,0,0,0,0,0,0,0,0,0,0,0,0,0,0,0,0,0,0,0,0,0,0,0,0.024144869,0,0,0,0,0.048289738,0,0,0,0,0,0,0,0,0,0,0,0,0,0,0,0,0,0,0,0,0.018108652,0.010060362,0,0,0,0,0,0.112676056,0.010060362,0,0,0,0,0,0,0,0,0,0,0,0,0,0,0,0,0,0,0,0,0,0,0,0,0,0,0.098591549,0,0,0,0,0,0,0,0.032193159,0,0,0,0,0.012072435,0,0,0.016096579,0.050301811,0,0.018108652,0,0,0,0,0.034205231,0
LK16S004-031,0,0.295918367,0,0,0,0,0,0,0,0,0,0,0,0,0,0,0,0,0,0,0,0,0,0,0,0,0,0,0,0,0,0,0,0.017006803,0,0,0,0,0,0.010204082,0,0,0,0,0,0,0,0,0,0,0,0,0,0,0,0,0,0,0,0,0,0,0,0,0,0,0.108843537,0,0,0,0.414965986,0,0,0,0,0,0,0,0,0,0,0,0,0,0,0,0,0,0,0,0,0,0,0,0.020408163,0,0.017006803,0.047619048,0,0,0,0,0,0,0,0,0,0,0.023809524,0,0,0,0,0.044217687,0,0,0,0,0,0
LK16S004-032,0,0.33748056,0,0,0,0,0,0,0,0,0,0,0,0,0,0,0,0.018662519,0,0,0,0,0,0,0,0,0,0,0,0,0,0,0.037325039,0.048211509,0,0,0,0,0.017107309,0,0.021772939,0,0,0,0,0,0,0,0,0.160186625,0,0,0.020217729,0,0,0,0,0,0,0,0,0,0,0,0,0,0,0,0,0,0,0,0,0,0,0,0,0,0.0155521,0,0,0.00777605,0,0,0,0,0,0,0,0,0.024883359,0,0,0,0.00933126,0,0,0,0,0,0.026438569,0,0,0,0,0,0.024883359,0,0.01399689,0.029548989,0,0.00466563,0,0.181959565,0,0,0,0,0,0
LK16S004-052,0,0.719587629,0,0,0,0,0,0,0,0,0,0,0,0,0,0,0.01443299,0,0,0,0,0,0,0,0,0,0,0,0,0,0,0,0,0.012371134,0,0,0,0,0,0,0,0,0,0,0,0,0,0,0,0,0,0,0,0,0,0,0,0,0,0,0,0,0,0,0,0,0.057731959,0,0,0,0,0,0,0,0,0,0,0,0,0,0,0,0,0,0,0,0,0,0,0,0,0,0.012371134,0,0.140206186,0,0,0,0,0,0,0,0,0,0,0,0,0,0,0,0,0,0,0.043298969,0,0,0,0,0,0
LK16S004-053,0,0.061016949,0,0,0,0,0,0,0,0,0,0,0,0,0,0,0,0,0.006779661,0,0,0,0,0,0,0,0,0,0,0,0,0,0,0,0,0,0,0,0,0,0,0,0,0,0,0,0,0,0,0,0,0,0,0,0,0,0,0,0,0,0,0,0,0,0,0,0,0.013559322,0,0,0,0,0,0,0.108474576,0,0,0,0,0,0,0,0,0,0,0,0,0.101694915,0,0,0,0,0,0,0,0,0,0,0,0,0,0,0,0,0,0,0,0,0,0,0.66779661,0,0,0.030508475,0,0,0,0.010169492,0,0
LK16S004-054,0,0.530139104,0,0,0.00927357,0,0,0,0,0,0,0,0,0,0,0,0,0,0,0,0,0,0,0.018547141,0,0,0,0,0,0,0,0,0,0,0,0,0,0,0.089644513,0,0,0,0,0,0,0,0,0,0,0,0,0,0,0,0,0,0,0,0,0,0,0,0,0,0,0,0.01236476,0,0,0,0,0,0,0,0,0,0,0,0,0,0,0,0,0,0,0,0,0,0,0,0,0,0.047913447,0,0.085007728,0,0,0,0,0,0,0,0,0,0,0,0,0,0,0,0,0,0.035548686,0.171561051,0,0,0,0,0,0
LK16S004-055,0,0.001018278,0,0,0,0,0,0,0,0,0,0,0,0,0,0,0,0,0,0,0,0,0,0,0,0,0,0,0,0,0,0,0,0,0,0,0,0,0,0,0,0,0,0,0,0,0,0,0,0,0,0,0,0,0,0,0,0,0,0,0,0,0,0,0,0,0,0,0,0,0,0,0,0,0,0,0,0,0,0,0,0,0,0,0,0,0,0,0,0,0,0,0.998778066,0,0,0,0,0,0,0,0,0,0,0,0,0,0,0,0,0,0,0,0,0,0,0,0,0,0,0
LK16S004-056,0,0.33539823,0,0,0,0,0,0,0,0,0,0,0,0,0,0,0,0,0,0,0,0,0,0,0,0,0,0,0,0,0,0,0,0,0,0,0,0,0.071681416,0,0,0,0,0,0,0,0,0,0,0,0,0,0,0,0,0,0,0,0,0,0,0,0,0,0,0,0.022123894,0.040707965,0,0,0,0,0,0,0.024336283,0,0,0,0,0,0,0,0,0,0,0,0,0,0,0,0,0,0.004424779,0,0.052212389,0,0,0,0,0,0,0,0,0,0,0,0,0,0,0.005309735,0.357079646,0.003982301,0.010619469,0.069469027,0,0,0,0,0.002654867,0
LK16S004-057,0,0,0,0,0,0,0,0,0,0,0,0,0,0,0,0,0,0,0,0,0,0,0,0,0,0,0,0,0,0,0,0,0,0,0,0,0,0,0,0,0,0,0,0,0,0,0,0,0,0,0,0,0,0,0,0,0,0,0,0,0,0,0,0,0,0,0,0,0,0,0,0,0,0,0,0,0,0,0,0,0,0,0,0,0,0,0,0,0,0,0,0,0.998275682,0,0,0,0,0,0,0,0,0,0,0,0,0,0,0,0,0,0,0,0,0.001045041,0,0,0,0,0,0
LK16S004-058,0,0.040816327,0,0,0,0,0,0,0,0,0,0,0,0,0,0,0,0,0,0,0,0,0,0,0,0,0,0,0,0,0,0,0,0,0,0,0,0,0,0,0,0,0,0,0,0,0,0,0,0,0,0,0,0,0,0,0,0,0,0,0,0,0,0,0,0,0,0,0,0,0,0,0,0,0.015306122,0,0,0,0,0,0,0,0,0,0,0,0,0,0,0,0,0,0,0,0.003826531,0,0,0,0,0,0,0,0,0,0,0,0,0,0,0,0.021683673,0,0.918367347,0,0,0,0,0,0,0
LK16S004-059,0,0.008391801,0.001238135,0,0,0,0,0,0,0,0,0,0,0,0,0,0,0,0,0,0,0,0,0,0,0,0,0,0,0,0,0,0,0,0,0,0,0,0,0,0,0,0,0,0,0,0,0,0,0.026275966,0,0,0,0,0,0,0,0,0,0,0,0,0,0,0,0,0.001238135,0,0,0,0,0,0,0,0,0,0,0,0,0,0,0.001100564,0,0,0,0,0,0,0,0,0,0,0.039070023,0,0.001513276,0,0,0,0,0,0,0,0,0,0,0,0,0,0,0,0,0,0.920621819,0,0,0,0,0,0,0
LK16S004-060,0,0.021338506,0,0,0,0,0,0,0,0,0,0,0,0,0,0,0,0,0,0,0,0,0,0,0,0,0,0,0,0,0.007759457,0,0,0,0,0,0,0,0,0,0,0,0,0,0,0,0,0,0,0.247332687,0,0,0,0,0,0,0,0,0,0,0,0,0,0,0,0,0.004849661,0,0,0,0,0,0,0,0.0785645,0,0,0,0,0,0,0,0,0,0,0,0,0,0,0,0,0,0.476236663,0,0.005819593,0,0,0,0,0,0,0,0,0,0,0,0,0,0,0,0.149369544,0,0,0.002909796,0,0,0,0.005819593,0,0
LK16S004-061,0,0.009622887,0,0,0,0,0,0,0,0,0,0,0,0,0,0,0,0,0,0,0,0,0,0,0,0,0,0,0,0,0,0,0,0,0,0,0,0,0.00390117,0,0,0,0,0,0,0,0,0,0,0,0,0,0,0,0,0,0,0,0,0,0,0,0,0,0,0,0,0,0,0,0,0,0,0,0,0,0,0,0,0,0,0,0,0,0,0,0,0,0,0,0,0,0.980494148,0,0.002340702,0,0,0,0,0,0,0,0,0,0,0,0,0,0,0,0,0,0,0.002860858,0,0,0,0,0,0
LK16S004-062,0,0.001212255,0,0,0,0,0,0,0,0,0,0,0,0,0,0,0,0,0,0,0,0,0,0,0,0,0,0,0,0,0,0,0,0,0,0,0,0,0.00154287,0,0,0,0,0,0,0,0,0,0,0.184923959,0,0,0,0,0,0,0,0,0,0,0,0,0,0,0,0,0,0,0,0,0,0,0,0,0,0,0,0,0,0,0,0,0,0,0,0,0,0,0,0,0,0,0,0,0,0,0,0,0,0,0,0,0,0,0,0,0,0,0,0,0,0,0.812100507,0,0,0,0,0,0,0
LK16S004-063,0,0,0,0,0,0,0,0,0,0,0,0,0,0,0,0,0,0,0,0,0,0,0,0,0,0,0,0,0,0,0,0,0,0,0,0,0,0,0.001584522,0,0,0,0,0,0,0,0,0,0,0,0,0,0,0,0,0,0,0,0,0,0,0,0,0,0,0,0,0,0,0,0,0,0,0,0,0,0,0,0,0,0,0,0,0,0,0,0,0,0,0,0,0,0.978233675,0,0,0,0,0,0,0,0,0,0,0,0,0,0,0,0,0,0,0,0.019764824,0,0,0,0,0,0,0
LK16S004-070,0,0.727272727,0,0,0,0,0,0,0,0,0,0,0,0,0,0,0,0,0,0,0,0,0,0,0,0,0,0,0,0,0,0,0,0,0,0,0,0,0,0,0,0,0,0,0,0,0,0,0,0,0,0,0,0,0,0,0,0,0,0,0,0,0,0,0,0,0,0,0,0,0,0,0,0,0.272727273,0,0,0,0,0,0,0,0,0,0,0,0,0,0,0,0,0,0,0,0,0,0,0,0,0,0,0,0,0,0,0,0,0,0,0,0,0,0,0,0,0,0,0,0,0
LK16S004-071,0,0,0,0,0,0,0,0,0,0,0,0,0,0,0,0,0,0,0,0,0,0,0,0,0,0,0,0,0,0,0,0,0,0,0,0,0,0,0,0,0,0,0,0,0,0,0,0,0,0.001813734,0,0,0,0,0,0.498354986,0,0,0,0,0,0,0,0,0,0,0,0,0,0,0,0,0,0,0,0,0,0,0,0,0,0,0,0,0,0,0,0,0,0,0,0,0.499831281,0,0,0,0,0,0,0,0,0,0,0,0,0,0,0,0,0,0,0,0,0,0,0,0,0,0,0
LK16S004-072,0,0,0,0,0,0,0,0,0,0,0,0,0,0,0,0,0,0,0,0,0,0,0,0,0,0,0,0,0,0,0,0,0,0,0,0,0,0,0,0,0,0,0,0,0,0,0,0,0,0,0,0,0,0,0,0.853274459,0,0,0,0,0,0,0,0,0,0,0,0,0,0,0,0,0,0,0,0,0,0,0,0,0,0,0,0,0,0,0,0,0,0,0,0,0.143746343,0,0,0,0,0,0,0,0,0,0,0,0,0,0,0,0,0,0,0,0,0,0,0,0,0,0,0
LK16S004-084,0,0.248571429,0,0.005142857,0,0,0,0,0,0,0,0.018857143,0,0,0.008571429,0,0,0.017142857,0,0.058285714,0,0,0,0,0,0,0,0.004571429,0,0,0,0,0,0,0,0,0,0,0.106857143,0,0,0,0,0,0,0,0,0,0,0.013714286,0,0,0,0,0,0,0,0,0,0,0,0,0,0,0,0.027428571,0.019428571,0,0.005714286,0,0,0,0,0.006857143,0.079428571,0,0.002857143,0,0,0,0,0,0.024571429,0,0,0.010857143,0,0,0,0,0,0,0,0.006857143,0.035428571,0.005714286,0,0,0,0,0,0,0,0,0.008571429,0,0,0,0,0,0.123428571,0.008,0.017142857,0.126285714,0,0,0,0,0.009714286,0
LK16S004-085,0,0.354166667,0,0,0,0,0,0,0,0,0,0,0,0,0,0,0,0,0,0.03125,0,0,0,0,0,0,0,0,0,0,0,0,0,0,0,0,0,0,0,0,0,0,0,0,0,0,0,0,0,0,0,0,0,0,0,0,0,0,0,0,0,0,0,0,0,0,0.03125,0,0,0,0,0,0,0,0.104166667,0,0,0.083333333,0,0,0,0,0,0,0,0,0,0,0,0,0,0,0,0,0,0,0,0,0,0,0,0,0,0,0,0,0,0,0,0,0.177083333,0,0,0.125,0,0,0,0.041666667,0.052083333,0
LK16S004-086,0,0.371212121,0,0,0,0,0,0,0,0,0,0.021885522,0,0,0,0,0,0,0,0,0,0,0,0,0,0,0,0,0,0,0,0,0,0,0,0,0,0,0,0.01010101,0,0,0,0,0,0,0,0,0.026094276,0,0,0,0,0,0,0,0,0,0,0,0,0,0,0,0,0,0.021885522,0,0,0,0,0,0,0,0.051346801,0,0,0,0,0,0,0,0,0,0,0,0,0,0,0,0,0,0,0,0.063131313,0,0,0,0,0,0,0,0,0,0,0,0,0,0.01010101,0,0.105218855,0,0.086700337,0.191077441,0,0,0,0.035353535,0.005892256,0
LK16S004-087,0,0.494537509,0,0,0,0,0,0,0,0,0,0,0,0,0,0,0,0,0,0,0,0,0,0,0,0,0,0,0,0,0,0,0,0.002913328,0,0,0,0,0,0,0,0,0,0,0,0,0,0,0,0,0,0,0,0,0,0,0,0,0,0,0,0,0,0,0,0,0.025491624,0,0,0,0,0,0,0,0.03787327,0,0,0,0,0,0,0,0,0,0,0,0,0,0,0,0,0,0,0,0.098324836,0,0,0,0,0,0,0.018936635,0,0,0,0,0,0,0.002184996,0,0.011653314,0.030589949,0.01019665,0.234522942,0,0,0,0.022578296,0.01019665,0
LK16S004-088,0,0.260596546,0,0,0,0,0,0,0,0,0,0,0,0,0,0,0,0,0,0,0,0,0,0,0,0,0,0.028257457,0,0,0,0.010989011,0,0.010989011,0,0,0,0,0.216640502,0,0,0,0,0,0,0,0,0,0,0,0.026687598,0.017268446,0,0,0,0,0,0,0,0,0,0,0,0,0,0,0,0,0,0,0,0,0,0,0,0.029827316,0.047095761,0,0.043956044,0,0,0,0,0.010989011,0.100470958,0,0,0,0,0,0,0,0,0.014128728,0.069073783,0,0,0,0,0,0,0,0,0.058084772,0.015698587,0,0,0,0,0,0.029827316,0,0,0,0,0,0,0,0.009419152,0
LK16S004-089,0,0.556831228,0,0,0,0,0,0,0,0,0,0.032146958,0,0,0,0,0,0,0,0,0,0,0,0,0,0,0,0.020665901,0,0,0,0,0,0,0.017221584,0,0,0.020665901,0.006888634,0,0,0,0,0,0,0,0,0,0,0,0,0,0,0,0,0,0,0,0,0,0,0,0,0,0,0,0.044776119,0,0,0,0,0,0,0,0,0,0.041331803,0,0,0,0,0,0,0,0.043628014,0,0.012629162,0,0,0,0,0,0,0.004592423,0.048220436,0,0,0,0,0,0,0,0,0,0,0,0,0,0,0,0.013777268,0,0.05510907,0.024110218,0,0,0.045924225,0,0.011481056,0
LK16S004-090,0.010291595,0.461406518,0,0,0,0,0,0,0,0,0,0,0,0,0,0,0,0,0,0,0,0,0,0,0,0,0,0,0,0,0,0,0,0.02058319,0,0.042881647,0,0,0,0,0,0,0,0,0,0,0,0,0,0,0,0,0.006861063,0,0,0,0,0,0,0,0,0,0,0,0,0,0,0,0,0,0.041166381,0,0,0,0.137221269,0,0,0,0,0,0,0,0,0,0.07890223,0,0,0,0,0,0,0,0.005145798,0.005145798,0.060034305,0,0,0,0,0,0,0,0,0.036020583,0,0,0,0,0,0,0.046312178,0.02915952,0,0.018867925,0,0,0,0,0,0
LK16S004-091,0,0.720338983,0,0,0,0,0,0,0,0,0,0,0,0,0,0,0,0,0,0,0,0,0,0,0,0,0,0,0,0,0,0,0,0,0,0.014830508,0,0,0.046610169,0,0,0,0,0,0,0,0,0,0.025423729,0,0,0,0,0,0.016949153,0,0,0,0,0,0,0,0,0,0,0,0,0,0,0,0.036016949,0,0,0,0,0,0,0,0,0,0,0,0,0,0,0,0,0,0,0,0,0,0,0,0.065677966,0,0,0,0,0,0,0,0,0,0,0,0,0,0,0,0,0,0,0.063559322,0,0,0,0,0.01059322,0
LK16S004-092,0,0,0,0,0,0,0,0,0,0,0,0,0,0,0,0,0,0,0,0,0,0,0,0,0,0,0,0,0,0,0,0,0,0,0,0,0,0,0,0,0,0,0,0,0,0,0,0,0,0,0,0,0,0,0,0,0,0,0,0,0,0,0,0,0,0,0,0.003413572,0,0,0,0,0,0,0,0,0,0,0,0,0,0,0,0,0,0,0,0,0,0,0,0,0.994173386,0,0,0,0,0,0,0,0,0,0,0,0,0,0,0,0,0,0,0,0.001589077,0,0,0,0,0,0,0
LK16S004-093,0,0.43765586,0,0,0,0,0,0,0,0,0,0,0,0,0,0,0,0,0,0,0,0,0,0,0,0,0,0,0,0,0,0,0.003740648,0.006234414,0,0,0.017456359,0,0,0,0,0,0,0,0,0,0,0,0,0,0,0,0,0,0,0,0,0,0,0,0,0,0,0,0,0,0,0,0,0,0,0,0,0,0.057356608,0,0,0,0,0,0,0,0,0,0,0,0,0,0,0,0,0,0.077306733,0.037406484,0.06234414,0,0,0,0,0,0,0,0,0,0,0,0,0,0,0,0.089775561,0.006234414,0.133416459,0.048628429,0,0,0,0,0.02244389,0
LK16S004-094,0,0.260640454,0,0.055127685,0,0.008512363,0,0,0,0,0,0,0.020672882,0,0,0,0,0,0.012565869,0,0,0,0,0,0,0,0,0,0,0,0,0,0,0.002432104,0,0,0,0,0.152006486,0,0,0,0,0,0,0,0,0,0,0,0,0,0,0.008512363,0.016619376,0,0,0,0.011755168,0,0,0,0,0,0,0,0.027563843,0,0,0,0,0,0,0,0.085934333,0.017835428,0.001216052,0,0,0.012160519,0,0,0,0,0,0.010944467,0,0,0.007701662,0,0,0,0.014592623,0.00648561,0.028779895,0,0,0,0,0,0,0.002837454,0,0,0,0,0,0,0,0,0.147547629,0.008917714,0.016214025,0.022294285,0,0,0,0.008512363,0.031617349,0
LK16S004-095,0.032223416,0.5349087,0,0,0,0,0,0,0,0.031149302,0,0.032223416,0,0,0,0,0,0,0,0,0,0,0,0,0,0,0,0.008592911,0,0,0,0,0,0.015037594,0,0,0,0,0,0.010741139,0,0,0,0,0,0.030075188,0,0,0,0,0,0,0,0,0,0,0,0,0,0,0,0,0,0,0,0,0.006444683,0,0,0,0.045112782,0,0,0,0.022556391,0,0,0,0,0,0,0,0,0,0,0,0,0,0,0,0,0,0.006444683,0,0.064446831,0,0,0,0,0,0,0,0,0.022556391,0,0,0,0.007518797,0,0,0.025778733,0,0,0.079484425,0,0,0,0,0.024704619,0
LK16S004-102,0,0.231335436,0,0,0.015422362,0,0,0,0,0,0,0,0,0,0,0,0,0,0,0.007010165,0,0,0,0.003154574,0,0,0,0,0,0,0,0,0,0.010865755,0,0.01191728,0,0,0.029092184,0,0,0,0,0,0,0,0,0,0,0,0,0,0,0,0,0,0,0,0,0,0,0,0,0,0,0,0.059936909,0,0,0,0,0,0,0,0.015422362,0.017525412,0,0,0,0,0,0,0,0.005608132,0,0.009113214,0,0,0,0,0,0,0,0,0.046267087,0,0,0,0,0,0,0,0,0,0,0,0,0,0,0,0,0,0.454258675,0.054328777,0,0,0.028741675,0,0,0
LK16S004-103,0,0.243323442,0,0,0,0,0,0,0,0,0,0,0,0,0.014836795,0,0,0,0,0.019287834,0,0,0,0,0,0,0,0,0,0,0,0,0.007418398,0,0,0,0.054896142,0,0.008902077,0,0,0,0,0,0,0,0,0,0,0,0,0,0,0,0.010385757,0,0,0,0,0,0,0,0,0,0,0,0.396142433,0,0,0,0,0,0,0,0,0,0.002967359,0,0,0,0,0,0,0,0,0,0,0,0,0,0,0,0,0,0.043026706,0,0,0,0,0,0,0,0,0,0,0,0.008902077,0,0,0,0,0.026706231,0,0.023738872,0,0,0.139465875,0,0,0
LK16S004-104,0,0.101790763,0,0,0,0.014137606,0,0,0,0,0,0.049010368,0,0,0,0.018850141,0,0,0.007540057,0.085768143,0,0,0,0,0,0,0,0,0,0,0,0,0,0.014137606,0,0.03204524,0.032987747,0.023562677,0.031102733,0,0,0,0,0,0,0,0,0,0.005655042,0,0,0,0,0,0,0,0,0,0,0,0,0,0,0,0,0,0.081055608,0,0,0.015080113,0,0.015080113,0,0,0.030160226,0,0.002827521,0.017907634,0,0,0,0,0,0,0.006597549,0,0,0,0,0,0,0,0,0.044297832,0.036757776,0,0,0,0,0,0,0,0,0,0,0,0,0,0,0,0.018850141,0.045240339,0.029217719,0.124410933,0,0,0.081998115,0.021677663,0.012252592,0
LK16S004-116,0,0.45057232,0,0,0,0,0,0,0,0,0,0,0,0,0,0,0,0,0,0.02289282,0,0,0,0.009365245,0.014568158,0,0,0,0,0,0,0,0,0,0,0,0,0,0,0,0,0,0,0,0,0,0,0,0,0,0,0,0.008324662,0,0,0,0,0,0,0,0,0,0,0,0,0,0,0,0,0,0.063475546,0,0,0,0.058272633,0,0,0,0,0,0,0,0,0,0,0,0,0,0,0,0,0,0,0,0.072840791,0,0,0,0,0,0,0,0.02289282,0,0,0,0,0,0,0,0.031217482,0,0.141519251,0.096774194,0,0,0,0,0.007284079,0
LK16S004-117,0,0.001061986,0,0,0,0,0,0.001565033,0,0.00430384,0,0,0,0,0,0.001844503,0,0,0.047118663,0.038399195,0,0.003185959,0,0,0,0,0,0,0,0.006595495,0.002627019,0,0,0,0,0.006260131,0.015706221,0.001788609,0.004527416,0,0.002123973,0,0,0,0,0.01235258,0.001453245,0,0,0.003297747,0.04097032,0,0,0,0,0,0,0.006371919,0,0,0,0,0,0,0,0,0.019898273,0,0,0,0,0.015650327,0,0,0,0,0,0,0,0,0,0,0,0,0.001620927,0,0.005924767,0,0,0,0,0,0.636241686,0.052093231,0,0,0.001006092,0,0,0.002682913,0,0,0,0.003577218,0,0,0,0,0,0,0.001285563,0,0.011625957,0.001006092,0.002068079,0,0,0.028450059,0.001956291,0.00111788
LK16S004-118,0,0.099894531,0,0.002712069,0,0,0,0,0,0,0,0.00301341,0.005725478,0.01250565,0,0.036311587,0.001657375,0.003314751,0.023805936,0,0,0.017929788,0.004520115,0,0,0,0.00316408,0,0,0.011300286,0.09657978,0,0.00301341,0.010998945,0,0.019888504,0.005876149,0.009944252,0.059514841,0,0,0,0,0,0.020943197,0.009944252,0.034051529,0.003917433,0,0.003917433,0.013409673,0,0,0,0,0,0.005122796,0.009642911,0,0,0.022148561,0,0.007081513,0.025463312,0.011300286,0,0.032996836,0,0,0,0.00301341,0,0.006478831,0.002561398,0,0,0,0,0,0,0.04037969,0,0,0.001054693,0.005424137,0.013108332,0,0.003917433,0.003917433,0,0,0.004218774,0.012053639,0.04053036,0.051679976,0.005574808,0,0,0.010245593,0,0,0,0.048365225,0.018381799,0,0.02486063,0,0.001356034,0,0,0.012957662,0.013108332,0.009040229,0.0091909,0.004520115,0,0.006026819,0,0.0091909,0.007232183
LK16S004-119,0.036900369,0.313653137,0,0,0,0,0,0,0,0,0,0,0,0,0,0,0,0,0,0,0,0,0,0,0,0,0,0,0,0,0,0,0,0,0,0.029520295,0,0,0.036900369,0,0,0,0,0,0,0,0,0,0,0,0,0,0,0,0,0,0,0,0.025830258,0,0,0,0,0,0,0,0.036900369,0,0,0,0,0,0,0,0.081180812,0,0,0,0,0,0,0,0,0,0,0,0,0,0,0,0,0,0,0,0.134686347,0,0,0,0,0,0,0,0,0,0,0,0,0,0,0,0.057195572,0,0.066420664,0.127306273,0,0,0,0.053505535,0,0
LK16S004-120,0,0.635416667,0,0,0,0,0,0,0,0,0,0,0,0,0,0,0,0,0.066666667,0,0,0,0,0,0,0,0,0,0,0,0,0,0,0,0.025,0,0,0,0.008333333,0,0,0,0,0,0,0,0,0,0,0,0,0,0,0,0,0,0.032291667,0,0,0,0.010416667,0,0,0,0,0,0,0,0,0,0,0,0,0,0,0,0,0,0.026041667,0,0,0,0,0,0,0,0,0,0,0,0,0,0,0.003125,0.142708333,0,0,0,0,0,0,0,0,0,0,0,0,0,0,0,0,0,0.011458333,0.038541667,0,0,0,0,0,0
LK16S004-121,0.020725389,0.644707624,0,0,0,0,0,0,0,0,0.012583272,0,0,0,0,0,0,0,0,0,0,0,0,0,0,0,0,0.014063657,0,0,0,0,0,0,0,0,0,0,0.019245004,0,0,0,0,0,0,0,0,0.034048853,0,0,0,0,0,0,0,0,0,0,0,0,0,0,0,0,0,0,0,0,0,0,0,0.025906736,0,0,0.049592894,0,0.014803849,0,0,0,0,0,0,0,0,0,0,0,0,0.011843079,0,0,0,0.006661732,0.086602517,0,0,0,0,0,0,0,0,0,0,0,0,0,0,0,0.022205774,0,0,0.025906736,0,0,0,0,0.011102887,0
LK16S004-122,0,0.570324575,0,0,0,0,0,0,0,0,0,0.047913447,0,0,0,0,0,0,0,0,0,0,0,0.007727975,0,0,0,0,0,0,0,0,0,0,0,0.013910355,0,0,0,0,0,0,0,0,0,0,0,0,0,0,0,0,0,0,0,0,0,0,0,0,0,0,0.023956723,0.034003091,0,0,0,0,0,0.01236476,0,0,0,0,0,0,0.034775889,0,0,0,0,0,0,0,0,0,0.022411128,0,0,0,0,0,0,0.013137558,0.124420402,0,0,0,0,0,0,0,0,0,0,0,0,0,0,0,0,0,0.011591963,0.073415765,0,0,0,0,0.010046368,0
LK16S004-123,0,0.608,0,0,0,0,0,0,0,0,0,0,0,0,0,0,0,0,0,0,0,0,0,0,0.024,0,0,0,0,0,0,0,0,0,0,0,0,0,0,0,0,0,0,0,0,0,0,0,0,0,0,0,0,0,0,0,0,0,0,0,0,0,0,0,0,0,0,0,0,0,0.04,0,0,0,0,0,0,0,0,0,0,0,0,0,0,0,0,0,0,0,0,0,0,0,0.216,0,0,0,0,0,0,0,0,0,0,0,0,0,0,0,0,0,0.072,0.04,0,0,0,0,0,0
LK16S004-124,0,0.569476082,0,0,0,0,0,0,0,0,0,0,0,0,0,0.091116173,0,0.020501139,0,0,0,0,0,0,0,0,0,0,0,0,0,0,0,0.132118451,0,0,0,0,0.025056948,0,0,0,0,0,0,0,0,0,0,0,0,0,0,0,0,0,0,0,0,0,0,0,0,0,0,0,0,0,0,0,0,0,0,0,0,0,0.013667426,0,0,0,0,0,0,0,0,0,0,0,0,0,0,0,0,0,0,0,0,0,0,0,0,0,0,0,0,0,0,0,0,0,0,0.025056948,0.009111617,0.070615034,0,0,0,0,0.043280182,0
LK16S004-125,0,0.233333333,0,0.073333333,0,0,0,0,0,0,0,0,0,0,0,0,0,0,0,0,0,0,0,0,0,0,0,0,0,0,0,0,0,0,0,0,0,0,0.14,0,0,0,0,0,0,0,0,0,0,0,0,0,0,0,0,0,0,0,0,0,0,0,0.033333333,0,0,0,0,0,0,0,0,0,0,0.04,0,0,0,0.093333333,0,0,0,0,0,0,0,0,0,0,0.046666667,0,0,0,0,0,0.073333333,0,0,0,0,0.08,0,0,0,0,0,0,0,0,0,0,0,0,0,0.186666667,0,0,0,0,0,0
LK16S004-126,0,0.527956004,0,0,0,0,0,0,0,0,0,0,0,0,0,0,0,0.007332722,0,0,0,0,0,0.014665445,0.028414299,0,0,0,0,0,0,0,0,0,0,0.023831347,0,0,0.008249313,0,0,0,0,0,0,0,0,0,0,0,0,0,0,0,0,0,0,0,0,0,0,0,0,0,0,0,0,0,0,0,0.019248396,0,0,0.003666361,0.147571036,0,0,0,0,0.014665445,0,0,0,0,0,0,0,0,0,0,0,0,0.009165903,0,0.004582951,0,0,0,0,0,0,0,0,0,0,0,0,0,0,0,0.185151237,0,0,0,0,0,0,0,0.005499542,0
LK16S004-127,0,0.34643377,0,0,0,0,0,0,0,0,0,0.011644833,0,0,0,0.010189229,0,0,0,0.04657933,0,0,0,0,0,0,0,0,0,0,0,0,0,0,0,0,0,0,0.059679767,0,0,0,0.026200873,0,0,0,0,0,0,0,0,0,0,0.048034934,0,0,0,0,0,0,0,0,0,0,0,0,0.048034934,0,0,0,0,0,0,0,0,0,0.017467249,0,0.042212518,0,0.03930131,0,0,0.00727802,0.126637555,0,0.058224163,0,0,0,0,0,0,0.04657933,0,0,0,0,0,0,0,0,0,0.005822416,0,0,0,0,0.042212518,0,0.00727802,0,0,0.010189229,0,0,0,0,0,0
LK16S004-134,0,0.623188406,0,0,0,0,0,0,0,0,0,0,0,0,0,0,0,0,0,0,0,0,0,0,0,0,0,0,0,0,0,0,0,0,0,0,0,0,0,0,0,0,0,0,0,0,0,0,0,0,0,0,0,0,0,0,0,0,0,0,0,0,0,0,0,0,0,0,0,0,0.188405797,0,0,0,0.101449275,0,0,0,0,0,0,0,0,0,0,0,0,0,0,0,0,0,0,0,0.043478261,0,0,0,0,0,0,0,0,0,0,0,0,0,0,0,0,0.043478261,0,0,0,0,0,0,0,0
LK16S004-135,0.00779459,0.176983035,0,0,0,0,0,0,0,0,0,0.0087116,0,0,0,0,0,0.009170105,0.012379642,0,0,0,0,0,0,0,0,0,0.003209537,0,0,0,0,0,0,0,0,0.020632737,0,0.0087116,0,0,0,0.032553874,0,0,0,0,0,0.116918845,0,0,0,0,0,0,0,0,0,0,0,0,0,0,0,0,0.010545621,0,0,0,0.023383769,0,0,0,0.0174232,0,0.019257221,0.011462632,0,0,0,0,0,0.034387895,0.165520403,0.006419074,0.016047685,0,0,0,0,0,0,0.115543329,0.032553874,0,0,0,0,0,0,0,0,0.04264099,0,0,0,0,0,0,0.004126547,0,0.00779459,0.072443833,0,0,0,0.020174232,0.003209537,0
LK16S004-136,0,0.590243902,0,0,0,0,0,0.026829268,0,0,0,0,0,0,0,0,0,0,0,0,0,0,0,0,0,0,0,0.075609756,0,0,0,0,0,0,0,0,0,0,0,0,0,0,0,0,0,0,0,0,0,0.03902439,0,0,0,0,0,0,0,0,0,0,0,0,0,0,0,0,0.02195122,0,0,0,0,0,0,0,0,0,0,0,0,0,0.029268293,0,0,0,0,0,0,0,0,0,0,0,0,0,0.073170732,0,0,0,0,0,0,0,0,0,0,0,0,0,0,0.019512195,0.02195122,0,0,0.034146341,0,0,0,0.068292683,0,0
LK16S004-151,0,0.347826087,0,0.022326675,0,0,0,0,0,0,0,0,0,0,0,0,0,0,0,0,0,0,0,0,0,0,0,0.007638073,0,0,0,0,0,0,0,0,0,0,0.037015276,0,0,0,0.017038778,0,0,0,0,0,0,0,0,0,0,0,0,0,0,0,0,0,0,0.007050529,0,0,0,0,0.022914219,0,0,0,0.005287897,0,0,0,0.02173913,0,0.021151586,0,0,0,0,0,0.021151586,0.003525264,0.027027027,0,0.020564042,0,0,0,0,0,0,0.007050529,0.017626322,0,0,0,0,0,0,0,0,0.015276146,0,0,0,0,0,0,0.005875441,0.019388954,0.041128085,0.273795535,0,0,0.005287897,0,0.032314924,0
LK16S004-152,0,0.425444596,0,0,0,0,0,0,0,0,0,0,0.005471956,0,0,0,0,0,0,0,0,0,0.021431829,0,0.009575923,0,0,0,0,0,0,0,0,0.014591883,0.014591883,0,0,0,0.036023712,0,0,0,0,0,0,0,0,0,0.008663931,0,0,0,0.009119927,0,0,0,0,0,0,0,0,0,0,0,0,0,0.049703602,0,0,0,0.012311902,0,0,0,0.134518924,0,0.001367989,0,0,0,0,0,0,0,0.020975832,0,0,0.008207934,0,0,0,0,0,0.008207934,0.059735522,0,0,0,0,0,0,0,0,0,0.004559964,0,0,0,0,0,0.044231646,0,0.003647971,0.063839489,0,0,0,0,0.04377565,0
LK16S004-153,0.016039052,0.572524407,0,0,0,0,0,0,0,0,0,0.035564854,0,0,0,0,0,0,0.016039052,0.025104603,0,0,0.009065551,0,0,0,0,0,0,0,0.020920502,0,0,0.041143654,0,0,0,0,0,0.008368201,0,0,0,0,0,0,0,0,0,0,0,0,0,0,0,0,0,0,0,0,0,0,0,0,0.006276151,0,0.011157601,0.014644351,0,0,0,0,0,0,0,0,0.015341702,0,0,0,0,0,0,0,0,0,0,0,0,0,0,0,0,0.027894003,0.030683403,0,0.0041841,0,0,0,0,0,0,0,0.0041841,0,0,0,0,0,0.020223152,0,0.013947001,0.068340307,0,0,0,0,0.038354254,0
LK16S004-154,0,0.037572254,0,0,0,0,0,0,0,0,0,0,0,0,0,0,0,0,0,0,0,0,0,0,0,0,0,0,0,0,0,0,0,0,0,0,0,0,0,0,0,0,0,0,0,0,0,0,0,0,0,0,0,0,0,0,0,0,0,0,0,0,0,0,0,0,0,0,0,0,0,0,0,0,0,0,0,0,0,0,0,0,0,0,0,0,0.003853565,0,0,0,0,0,0.947976879,0,0,0,0,0,0,0,0,0,0,0,0,0,0,0,0,0,0,0.002890173,0.007707129,0,0,0,0,0,0,0
LK16S004-155,0,0.610859729,0.031674208,0,0,0,0,0,0,0,0,0,0,0,0,0,0,0,0.036199095,0,0,0,0,0,0.040723982,0,0,0,0,0,0,0,0,0,0,0,0,0,0.031674208,0.011312217,0,0,0,0,0,0,0,0,0,0,0,0,0,0,0,0,0,0,0,0,0,0,0,0,0,0,0,0,0,0,0,0,0,0,0,0,0,0,0,0.040723982,0,0,0,0,0,0,0,0,0,0,0,0,0,0.027149321,0.067873303,0,0,0,0,0,0,0,0,0,0,0,0,0,0,0,0.07239819,0,0,0.013574661,0,0,0,0,0.015837104,0
LK16S004-156,0,0.605781866,0,0,0,0,0,0,0,0,0,0,0,0,0,0,0,0.011826544,0,0,0,0,0.005256242,0,0,0,0,0,0,0,0,0.052562418,0,0,0,0,0,0,0.044678055,0.006570302,0,0,0,0,0,0,0,0,0,0,0,0,0,0,0,0,0,0,0,0,0,0,0,0,0,0,0,0,0,0,0,0,0,0,0,0,0,0,0,0,0,0,0,0,0,0,0,0,0,0,0,0,0,0.019710907,0.194480946,0,0,0,0,0,0,0,0,0,0,0,0,0,0,0,0.023653088,0,0.015768725,0.019710907,0,0,0,0,0,0
LK16S004-157,0,0.65851602,0,0,0,0,0,0,0,0,0,0,0,0,0,0,0,0,0,0,0,0,0,0,0,0.019392917,0,0,0,0,0,0,0,0,0,0,0,0,0,0.011804384,0,0,0,0,0.012647555,0,0,0,0,0,0,0,0,0,0,0,0,0,0,0,0,0,0,0,0,0.022765599,0,0,0,0,0,0,0,0,0.032883642,0,0.010118044,0,0.055649241,0.021922428,0.013490725,0,0,0,0,0,0,0,0,0,0,0,0,0,0.044688027,0,0,0,0,0,0,0,0,0,0.003372681,0,0,0,0,0,0,0.02698145,0,0.024451939,0,0,0.016020236,0,0.02529511,0
LK16S004-158,0,0.535599743,0,0,0,0,0,0.025657473,0,0,0,0.011545863,0,0,0,0,0.003207184,0,0,0,0,0,0,0,0,0,0,0.014753047,0,0,0,0,0,0.009621552,0,0,0,0,0,0,0,0,0,0,0,0,0,0,0,0,0.029506094,0,0,0,0,0,0,0,0,0,0,0,0,0,0,0,0.035920462,0,0,0,0,0,0,0,0.037203335,0,0,0.01603592,0,0,0,0,0,0,0,0,0,0,0,0,0,0,0,0,0.052597819,0,0,0,0,0,0,0,0,0,0,0,0,0,0.005772931,0,0.023091725,0,0.066067992,0.047466325,0,0,0,0,0.085952534,0
LK16S004-159,0,0.735144312,0,0,0,0,0,0,0,0,0,0,0,0,0,0,0,0.025466893,0,0,0,0,0,0,0,0,0,0,0,0,0,0,0,0,0,0,0,0,0.052631579,0,0,0,0,0,0,0,0,0,0,0,0,0,0,0,0,0,0,0,0,0,0.0475382,0,0,0,0,0,0,0,0,0,0,0,0,0,0.013582343,0,0,0.028862479,0,0,0,0,0,0,0,0,0,0,0,0,0,0,0,0,0.020373514,0,0,0,0,0,0,0,0,0,0,0,0,0,0,0,0.045840407,0,0.013582343,0,0,0,0,0,0.016977929,0
LK16S004-160,0,0.61875,0,0,0,0,0,0,0,0,0,0,0,0,0,0,0,0,0,0,0,0,0,0,0.025,0,0,0,0,0,0,0,0,0,0,0,0,0,0.01875,0,0,0,0,0,0,0,0,0,0,0,0,0,0,0,0.033333333,0,0,0,0,0,0,0.0625,0,0,0,0,0,0,0,0,0,0,0,0,0.041666667,0,0,0,0,0,0,0,0,0,0,0,0,0,0,0,0,0,0,0.035416667,0.083333333,0,0,0,0,0,0,0,0,0,0,0,0,0,0,0,0,0,0,0.05625,0,0,0,0,0.025,0
LK16S004-161,0,0.465116279,0,0,0,0,0,0,0,0,0,0,0,0,0,0,0,0,0,0,0,0,0,0,0,0,0,0,0,0,0,0,0,0.016415869,0,0,0.045143639,0,0,0,0,0,0,0,0,0,0,0,0,0,0,0,0,0,0,0,0,0,0,0,0,0,0,0,0,0,0,0,0,0,0,0,0,0,0,0,0,0,0,0,0,0,0,0,0,0,0,0,0,0,0,0,0,0,0.125854993,0,0,0.073871409,0,0,0,0,0,0,0,0,0,0,0,0,0,0,0.242134063,0.031463748,0,0,0,0,0,0
LK16S004-162,0,0.070877769,0.003609516,0,0,0,0,0,0.031173093,0,0,0.002625103,0.001968827,0,0,0,0,0,0,0,0,0,0,0,0,0,0,0,0,0,0,0,0,0.00295324,0,0.004757998,0,0,0.002296965,0,0,0,0,0,0,0,0,0,0,0,0,0.004757998,0,0,0,0.007711239,0,0,0,0,0.00295324,0,0,0,0,0,0.006398687,0,0.003445447,0,0,0,0,0,0.192780968,0.003445447,0.014273995,0,0,0,0.002296965,0,0.004922067,0,0,0,0,0.002789171,0,0,0,0,0.001804758,0,0.016078753,0,0,0,0,0,0,0.003117309,0,0.003117309,0,0,0,0,0,0,0.385069729,0.004922067,0.214109926,0.001804758,0,0,0,0.00147662,0.00147662,0
LK16S004-169,0,0.283870968,0,0,0,0,0,0,0,0,0,0,0,0,0,0,0,0,0,0,0,0,0,0,0,0,0,0,0,0,0,0,0,0,0,0,0,0,0,0,0,0,0,0,0,0,0,0,0,0,0,0,0,0,0,0,0,0,0,0,0,0,0,0,0,0.116129032,0,0,0,0,0,0,0,0,0.219354839,0.025806452,0,0,0,0,0,0,0,0,0,0,0,0,0,0,0,0,0,0,0.15483871,0,0,0,0,0,0,0,0,0,0,0,0,0,0,0,0,0,0,0.174193548,0,0,0,0,0.025806452,0
LK16S004-170,0.020979021,0.482517483,0,0,0,0,0,0,0,0,0,0,0,0,0,0,0,0,0,0.04458042,0,0,0,0,0,0,0,0,0,0,0,0,0,0,0.007867133,0,0,0,0.054195804,0,0,0,0,0,0,0,0,0,0,0,0,0,0,0.015734266,0,0,0,0,0,0,0,0,0,0,0,0,0,0,0,0,0,0,0,0,0,0,0,0.006993007,0,0,0,0,0,0,0,0,0,0,0,0,0,0,0,0.015734266,0.075174825,0,0,0,0,0,0,0,0,0,0,0,0,0,0,0,0.131993007,0,0,0.131118881,0,0,0,0,0.013111888,0
LK16S004-182,0.005509642,0.462809917,0,0,0,0,0,0,0,0,0,0,0,0,0,0,0,0,0,0.049586777,0,0,0,0,0,0,0,0,0,0,0,0,0,0,0,0,0.024793388,0,0,0,0,0,0,0,0,0,0,0,0,0,0.023875115,0,0,0,0,0,0,0,0,0,0,0,0,0,0,0,0.019283747,0,0,0,0,0,0,0,0,0,0,0,0,0,0,0,0,0,0.035812672,0,0,0,0,0,0,0,0,0.078971534,0.170798898,0,0,0.007346189,0,0,0,0,0,0.004591368,0,0,0,0,0,0,0,0.044995409,0.034894399,0.023875115,0,0,0,0,0.012855831,0
LK16S004-183,0,0.268292683,0,0,0,0,0,0,0,0,0,0,0,0,0,0,0,0,0,0,0,0,0,0,0,0,0,0,0,0,0,0,0,0,0,0,0,0,0,0,0,0,0,0,0,0,0,0,0,0,0,0,0,0,0,0,0,0,0,0,0,0,0,0,0,0,0,0,0,0,0,0,0,0,0,0,0,0,0,0,0,0,0,0,0,0,0,0,0,0,0,0,0,0,0,0,0,0,0,0,0,0,0,0,0,0,0,0,0,0,0,0,0.731707317,0,0,0,0,0,0,0
LK16S004-184,0.006749916,0.124873439,0,0,0,0,0,0,0,0,0,0,0,0,0,0,0,0,0,0,0,0,0,0,0,0,0,0.011474857,0,0,0,0,0,0,0,0,0,0,0,0,0,0,0,0,0,0,0,0,0,0,0,0,0,0,0,0,0,0,0,0,0,0,0,0,0,0,0.018899764,0,0,0,0.00877489,0,0,0,0.010124873,0,0,0,0,0,0,0,0,0,0.001349983,0,0,0,0,0,0,0,0.001012487,0,0.024974688,0,0,0,0,0,0,0,0,0,0,0,0.003712454,0,0.003037462,0,0.009112386,0.011137361,0.702666217,0.059399258,0,0,0,0,0.002699966,0
LK16S004-185,0,0.547169811,0,0,0,0,0,0,0,0,0.014313598,0,0,0,0,0,0,0.020169161,0,0,0,0,0,0,0,0,0,0,0,0,0,0,0,0,0.009759271,0,0,0,0.028627196,0,0,0,0,0,0,0,0,0,0.002602472,0,0,0,0,0,0,0,0,0,0,0,0,0,0,0,0,0,0.011060507,0,0,0,0,0,0,0,0,0,0.008458035,0,0,0,0,0,0,0,0,0,0.027976578,0,0,0,0,0,0,0.033181522,0.125569291,0,0,0,0,0,0,0,0,0,0,0,0,0,0,0,0.041639558,0,0,0.106050748,0,0,0,0,0.023422251,0
LK16S004-186,0,0.627206646,0,0,0,0,0,0,0,0,0,0,0,0,0,0,0,0,0.018691589,0,0,0,0,0,0,0,0,0,0,0,0,0,0.008307373,0,0,0,0,0,0.021806854,0.01973001,0,0,0,0,0,0,0,0,0,0,0,0,0,0,0,0,0,0,0,0,0,0,0,0,0,0.016614746,0,0,0,0,0.030114226,0,0,0,0.008307373,0,0,0,0,0,0,0,0.014537902,0,0,0,0,0,0,0,0,0,0,0,0.086188993,0,0,0,0,0,0,0,0,0,0,0,0,0,0.023883697,0,0,0.007268951,0.049844237,0.036344756,0,0,0,0,0.031152648,0
LK16S004-187,0,0.039669421,0,0,0.006942149,0,0,0,0,0,0,0,0.003801653,0,0,0,0,0,0.004958678,0,0.00661157,0,0,0,0,0,0,0,0,0,0,0,0,0.002975207,0,0.011239669,0,0.04231405,0.003636364,0,0,0.002809917,0.003305785,0.026942149,0,0,0,0,0,0,0,0,0,0,0,0,0,0,0,0,0,0,0,0,0,0,0.156363636,0,0,0,0,0,0,0,0,0,0.024793388,0,0,0,0.003140496,0,0,0.025123967,0.202809917,0,0.006446281,0,0,0,0,0,0,0.044628099,0.008760331,0,0,0,0,0,0,0,0,0.102479339,0,0,0,0,0,0,0.005123967,0,0.084132231,0.002479339,0,0,0.162479339,0,0.015206612,0
LK16S004-188,0,0.265188042,0,0,0,0,0,0,0,0,0,0.017357763,0.024108004,0,0.017357763,0,0,0.024108004,0,0,0,0,0,0,0,0,0,0,0,0,0,0,0,0.008678881,0,0,0,0,0.205400193,0,0,0,0,0,0,0,0,0,0,0,0,0,0,0.036644166,0,0,0,0,0,0,0,0.014464802,0,0,0,0,0,0,0,0,0,0,0,0,0,0,0.094503375,0,0,0,0,0.007714561,0,0,0,0,0,0,0,0,0,0,0,0.005785921,0.013500482,0,0,0,0,0,0,0,0,0,0,0,0,0,0,0,0.057859209,0,0.076181292,0.040501446,0,0,0.039537126,0,0.051108968,0
LK16S004-189,0,0.027417453,0,0.007665094,0,0,0,0.002653302,0,0.002505896,0,0,0.004274764,0.001768868,0,0.029628538,0,0,0.10834316,0.005159198,0,0.010318396,0,0,0,0,0,0.018573113,0.00103184,0.01223467,0.055424528,0,0,0.002653302,0,0.05365566,0.019310142,0.001474057,0.032871462,0,0.012087264,0,0,0.008107311,0.002063679,0.001326651,0.011645047,0.007665094,0,0.01120283,0.013119104,0.001621462,0,0.00442217,0,0,0.007075472,0.003685142,0,0,0.003685142,0,0.008107311,0.004569575,0.01459316,0,0.067806604,0,0,0,0.00339033,0.003242925,0.037146226,0,0,0,0.005748821,0.007370283,0,0,0.008991745,0,0,0,0.028007075,0.004569575,0.00884434,0,0,0,0.004127358,0.003242925,0.003979953,0.044958726,0.008107311,0.007075472,0.009139151,0,0.006043632,0.001179245,0,0,0.002800708,0.039209906,0,0.008107311,0,0,0,0,0.043779481,0.002063679,0.053066038,0.020341981,0.002948113,0.00339033,0.019752358,0.012676887,0.007959906,0.005896226
LK16S004-190,0,0.712328767,0,0,0,0,0,0,0,0,0,0,0,0,0,0,0,0,0,0,0,0,0,0,0,0,0,0,0,0,0,0,0,0,0,0,0,0,0,0,0,0,0,0,0,0,0,0,0,0,0,0,0,0,0,0,0,0,0,0,0,0,0,0,0,0,0,0,0,0,0,0,0,0,0.054794521,0,0,0,0,0,0,0,0,0,0,0,0,0,0,0,0,0,0,0,0,0,0,0,0,0,0,0,0,0,0,0,0,0.054794521,0,0,0,0.068493151,0.054794521,0.054794521,0,0,0,0,0,0
LK16S004-191,0,0.436267071,0,0.005311077,0,0,0,0,0.006069803,0,0,0.012139605,0,0,0,0,0,0,0,0,0,0.020485584,0,0,0,0,0,0,0,0,0,0,0,0,0,0.018209408,0,0,0.008345979,0,0,0,0,0,0,0,0,0,0,0,0,0,0.001517451,0,0,0,0,0,0,0,0,0,0,0,0,0,0,0,0,0,0,0,0,0,0,0,0,0,0,0,0,0,0,0,0,0,0.035660091,0,0,0,0,0,0,0.019726859,0.069044006,0,0,0,0,0,0,0,0,0,0,0,0,0,0,0,0.03414264,0.105462822,0.023520486,0.178300455,0,0,0,0.013657056,0.012139605,0
LK16S004-192,0,0.013614776,0,0,0.009498681,0,0,0,0,0.001055409,0,0,0,0,0,0,0,0,0.021424802,0.071345646,0.004116095,0,0,0,0,0,0,0,0,0,0,0,0,0,0,0.014670185,0,0.040844327,0,0,0,0.012137203,0,0.006754617,0,0,0,0.006437995,0,0,0,0,0,0,0,0,0,0,0,0,0,0,0,0,0,0,0.173403694,0,0,0,0,0,0,0,0,0,0.001266491,0,0,0,0,0,0,0.040422164,0.143113456,0,0.015936675,0,0,0,0,0,0,0.163060686,0,0,0,0,0,0,0,0.001477573,0,0.039472296,0,0,0,0,0,0,0,0,0.034300792,0.002744063,0,0,0.180791557,0,0,0
LK16S004-193,0,0.281767956,0,0.018416206,0,0,0,0,0,0,0,0,0,0,0,0,0,0,0,0,0,0,0,0,0,0,0,0,0,0,0,0,0,0,0,0,0,0,0,0.007366483,0,0,0,0,0,0,0,0,0,0,0,0,0,0,0,0.02946593,0,0,0,0,0,0,0,0,0,0.033149171,0,0,0.036832413,0,0.016574586,0.034990792,0,0,0,0,0.046040516,0,0,0,0,0,0,0,0.036832413,0,0,0.007366483,0,0,0,0,0,0,0.038674033,0,0,0,0,0,0,0,0,0,0,0,0,0,0,0,0.042357274,0,0.069981584,0.278084715,0,0,0,0.022099448,0,0
LK16S004-200,0,0.512901196,0,0.006293266,0,0,0,0,0,0,0,0,0,0,0,0,0,0.010698553,0,0,0,0.011327879,0,0,0,0,0,0,0.018879799,0.015103839,0,0,0,0,0,0,0,0,0.054751416,0.015733166,0,0,0,0,0,0,0,0,0,0,0.037130271,0,0,0,0,0,0,0,0,0,0,0,0,0,0,0,0,0,0,0,0,0,0,0,0.027690371,0,0,0,0,0,0,0,0,0,0,0.007551919,0,0,0,0,0,0,0.011327879,0,0.09314034,0,0,0,0,0,0,0,0,0,0,0.005034613,0,0,0,0,0.013215859,0,0.04845815,0.05034613,0,0,0,0,0.060415356,0
LK16S004-201,0,0.379210221,0,0.004065041,0,0,0.005226481,0,0,0,0,0.008130081,0,0,0,0,0,0.009291521,0.021777003,0.005807201,0,0,0,0,0.018873403,0,0.010743322,0,0,0,0,0,0,0,0,0.010162602,0.021486643,0,0.056329849,0,0,0,0,0,0.006678281,0,0,0,0.003484321,0,0.013646922,0,0,0.009872242,0,0,0,0,0,0,0,0,0,0,0,0.005807201,0.011904762,0,0,0,0,0,0,0,0.035714286,0,0,0,0,0,0,0,0,0,0,0,0,0,0,0,0,0,0,0,0.022648084,0,0,0.003774681,0,0,0,0,0,0,0,0,0,0,0,0,0.06445993,0,0.00232288,0.173344948,0,0,0,0.024970964,0.070267131,0
LK16S004-213,0,0.490322581,0,0,0,0,0,0,0,0,0,0,0,0,0,0,0,0,0.012406948,0,0,0,0,0.003473945,0.004466501,0,0,0,0,0,0,0,0.00248139,0,0,0,0,0.00942928,0.030272953,0.008436725,0,0,0.007940447,0,0,0,0,0,0,0,0,0,0.001488834,0,0,0.001985112,0,0,0,0,0,0,0,0,0,0,0.018362283,0,0,0,0,0,0,0,0.037717122,0,0,0,0,0,0,0.001985112,0.013895782,0,0.008436725,0.010421836,0.007940447,0,0,0,0,0,0,0.041191067,0.032754342,0,0.006451613,0,0,0,0,0,0,0.007444169,0,0,0.011414392,0,0.005955335,0.001985112,0.123573201,0.038709677,0.008933002,0.018362283,0,0,0,0.01439206,0.017369727,0
LK16S004-214,0,0.097084782,0,0.001604707,0.006151377,0,0,0,0,0,0.002674512,0,0.032629045,0,0.002674512,0,0,0.012837657,0.00668628,0.002407061,0,0.002407061,0,0,0,0,0,0.002407061,0,0,0,0,0,0,0,0,0,0.002407061,0.024070607,0,0,0,0,0,0,0,0,0,0,0.024070607,0,0,0,0,0,0,0,0,0,0,0,0,0,0,0,0.002941963,0.323081038,0,0,0,0.004011768,0,0,0,0,0,0.018454132,0,0,0.001872158,0,0,0,0.016314523,0,0,0.027814924,0,0,0,0,0,0,0.008023536,0.02032629,0,0,0,0,0,0,0,0,0,0,0,0.008825889,0,0,0,0.018989035,0.001604707,0.047606312,0.008290987,0,0,0.234554694,0,0.037175715,0
LK16S004-215,0,0.597741095,0,0.003040834,0,0,0,0,0,0,0,0,0.021720243,0,0,0,0,0.004778454,0.01694179,0,0,0.014335361,0,0,0,0,0,0,0,0,0,0,0,0,0.014769765,0,0,0,0.019548219,0.007819288,0,0,0,0,0,0,0,0,0,0,0,0,0,0,0,0,0,0,0,0,0,0,0,0,0,0,0.011294526,0,0,0,0,0,0,0,0.018679409,0,0,0,0,0,0,0,0,0,0,0,0.003040834,0.015638575,0,0.006950478,0,0,0,0.017810599,0.034752389,0,0,0,0,0,0,0,0,0,0,0,0,0,0,0,0.029105126,0,0,0.152910513,0,0,0,0,0.009122502,0
LK16S004-216,0,0.144927536,0,0,0,0,0,0,0,0,0,0,0,0,0,0,0,0,0,0,0,0,0,0,0,0,0,0,0,0,0,0,0,0,0,0,0,0,0,0,0,0,0,0,0,0,0,0,0,0,0.057971014,0,0,0,0,0,0,0,0,0,0,0,0,0,0,0,0,0,0,0,0,0,0,0,0,0,0,0,0,0,0,0,0,0,0,0,0,0,0,0,0,0,0,0,0,0,0,0,0,0,0,0,0,0,0,0,0,0,0,0,0,0,0.507246377,0.289855072,0,0,0,0,0,0
LK16S004-217,0,0.458626761,0,0,0,0,0,0,0,0,0,0,0,0,0,0,0,0.007042254,0,0,0,0,0,0,0,0,0,0.007922535,0,0,0,0,0,0,0,0,0,0,0,0.014964789,0,0,0,0,0,0.022887324,0,0,0,0,0,0,0,0,0,0,0,0,0,0,0,0,0,0,0,0,0.013204225,0,0,0.011443662,0,0,0,0,0.218309859,0,0,0,0,0,0,0,0,0,0,0,0,0,0,0,0,0,0,0,0.065140845,0,0,0,0,0,0,0,0,0,0,0,0.007922535,0,0,0,0.018485915,0,0,0.13556338,0,0,0,0,0.018485915,0
LK16S004-218,0,0.482781027,0,0,0,0.009096816,0,0,0,0,0,0,0,0,0,0,0,0,0.054580897,0,0,0,0,0,0,0,0,0,0,0,0,0,0,0,0,0,0.015594542,0,0.027940221,0,0,0,0,0,0,0,0,0,0,0,0,0,0.006497726,0,0,0,0,0,0,0,0,0,0,0,0,0,0.024691358,0,0,0,0,0,0,0,0.046783626,0,0,0,0,0,0,0,0,0,0,0,0,0.018843405,0,0,0,0,0,0.009096816,0.061728395,0,0,0,0,0,0,0,0,0,0,0,0,0,0,0,0.051981806,0.007797271,0,0.166991553,0,0,0,0.012345679,0.003248863,0
LK16S004-219,0,0.605825243,0,0,0,0,0,0,0,0,0,0.06407767,0,0,0,0,0,0,0,0,0,0,0,0,0,0,0,0.038834951,0,0,0,0,0,0.00776699,0,0,0.015533981,0,0.033009709,0,0,0,0,0,0,0,0,0,0,0,0,0,0,0,0,0,0,0,0,0,0,0,0,0,0,0,0,0,0,0,0,0,0,0,0,0,0,0,0,0,0,0,0,0,0,0,0,0,0,0,0,0,0,0,0.034951456,0,0,0,0,0,0,0,0,0,0,0,0,0,0.00776699,0,0.058252427,0.034951456,0,0.087378641,0,0,0,0,0.011650485,0
LK16S004-220,0,0.26802097,0.011140236,0,0.020969856,0,0,0,0,0,0,0,0,0,0,0,0,0.009174312,0.01310616,0,0,0.020969856,0,0,0,0,0,0,0.00327654,0.017693316,0,0,0,0.011140236,0,0,0,0,0.038663172,0,0,0,0,0,0,0,0,0.003931848,0.028178244,0,0,0,0,0,0,0,0,0,0,0,0,0,0,0,0,0,0.194626474,0,0,0,0,0,0,0,0.022280472,0,0.010484928,0,0,0,0,0,0,0,0,0,0.020969856,0,0,0,0,0,0.008519004,0.017693316,0.116644823,0,0,0,0,0.007208388,0,0,0,0.00982962,0,0,0,0,0.004587156,0,0.008519004,0.02948886,0.038663172,0.020314548,0,0,0.021625164,0,0.022280472,0
LK16S004-221,0,0.35942029,0,0,0,0,0,0,0,0,0,0,0,0,0,0,0,0,0,0,0,0,0,0,0,0,0,0,0,0,0,0,0,0,0,0,0,0,0.098550725,0,0,0,0,0,0,0,0,0,0,0,0,0,0,0,0,0,0,0,0.037681159,0,0,0,0,0,0,0,0,0,0,0,0,0,0,0,0.031884058,0,0,0,0,0,0,0,0,0,0,0.086956522,0,0,0,0,0,0,0,0,0.034782609,0,0,0,0,0,0,0,0,0,0,0,0,0,0,0,0.101449275,0,0,0.139130435,0,0,0,0.072463768,0.037681159,0
LK16S004-222,0,0.608116293,0,0,0,0,0,0,0,0,0,0,0.015748031,0,0,0,0,0.007268322,0,0,0,0,0,0,0.009085403,0,0,0,0,0,0,0,0,0,0,0,0,0,0.025439128,0,0,0,0,0,0.009691096,0,0,0.012719564,0,0,0,0,0,0,0,0,0,0,0,0,0,0,0,0,0,0,0.016353725,0,0,0,0.013325257,0,0,0,0.016353725,0,0.013325257,0.013930951,0,0,0,0,0,0.003634161,0,0,0,0,0,0,0,0,0,0.006662629,0.001817081,0,0,0,0,0,0,0,0,0,0,0,0,0,0,0,0.078134464,0,0.037552998,0.032101757,0,0,0.011508177,0,0.067231981,0
LK16S004-223,0,0.517915309,0,0.024972856,0,0,0,0,0,0,0,0,0,0,0,0,0,0,0,0,0,0,0,0,0,0,0,0,0,0,0,0,0.007600434,0.01194354,0,0.028230185,0,0,0.024972856,0,0,0,0,0,0,0,0,0,0,0,0,0,0,0,0,0,0,0,0,0,0,0,0,0,0.018458198,0,0,0,0,0,0.007600434,0,0,0,0,0,0,0,0,0,0,0,0,0,0,0,0,0,0,0,0,0,0,0.03257329,0.087947883,0,0.029315961,0,0,0.03257329,0,0,0.013029316,0,0,0,0,0,0,0,0.024972856,0,0,0.06514658,0,0,0,0,0.072747014,0
LK16S004-224,0,0,0,0,0,0,0,0,0,0,0,0,0,0,0,0,0,0,0,0,0,0,0,0,0,0,0,0,0,0,0,0,0,0,0,0,0,0,0,0,0,0,0,0,0,0,0,0,0,0,0,0,0,0,0,0.999436155,0,0,0,0,0,0,0,0,0,0,0,0,0,0,0,0,0,0,0,0,0,0,0,0,0,0,0,0,0,0,0,0,0,0,0,0,0,0,0,0,0,0,0,0,0,0,0,0,0,0,0,0,0,0,0,0,0,0,0,0,0,0,0,0
LK16S004-230,0,0.474440895,0,0,0,0,0,0,0.031948882,0,0,0,0,0,0,0,0,0,0,0,0,0,0,0,0,0,0,0,0,0,0,0,0,0,0,0,0,0,0,0,0,0,0,0,0,0,0,0,0,0,0.121405751,0,0.006389776,0,0,0,0,0,0,0,0,0,0,0,0,0,0,0,0,0,0,0,0,0,0,0,0,0,0,0.012779553,0,0,0,0,0,0,0,0.015974441,0,0,0,0,0.009584665,0,0.033546326,0,0,0,0,0,0,0.023961661,0,0,0,0,0,0,0,0,0.012779553,0.015974441,0.023961661,0.047923323,0,0,0,0,0.169329073,0
LK16S004-231,0,0.675241158,0,0,0,0,0,0,0,0,0,0.02357985,0,0,0,0,0,0,0,0,0,0,0,0,0,0,0,0.010718114,0,0,0,0,0,0,0,0,0,0,0,0,0,0,0,0,0,0,0,0,0,0,0.028938907,0,0,0,0,0,0,0,0,0,0,0,0,0,0,0,0,0,0,0,0,0,0,0,0,0,0,0,0,0,0,0,0,0,0,0,0,0,0,0,0,0,0,0,0.056806002,0,0,0,0,0,0,0,0,0,0,0,0,0,0,0,0,0,0,0.139335477,0,0,0,0.060021436,0.005359057,0
LK16S004-242,0,0.332826748,0,0.015197568,0,0,0,0,0,0,0,0,0,0,0,0,0,0,0.042553191,0,0,0,0,0,0,0,0,0.011398176,0,0,0.022036474,0,0,0,0,0,0,0,0.015197568,0,0,0,0,0,0,0,0,0,0,0,0,0,0.015957447,0,0,0,0.100303951,0,0,0,0,0,0,0,0.009118541,0,0.022036474,0,0,0,0,0,0,0,0,0,0.003799392,0,0,0,0,0,0,0,0,0,0,0,0,0,0,0.027355623,0.024316109,0,0.047112462,0,0,0,0.17781155,0,0,0,0.031914894,0,0,0,0.024316109,0,0,0,0,0,0,0.07674772,0,0,0,0,0,0
LK16S004-243,0,0.567132116,0,0,0,0,0,0,0,0,0,0,0,0,0,0,0,0,0.040816327,0,0,0,0,0,0.024704619,0,0,0,0,0,0,0,0,0,0,0,0,0,0,0,0,0,0,0,0,0,0,0,0,0,0,0,0,0,0,0,0,0,0,0,0,0,0,0,0,0.048335124,0,0,0,0,0,0,0,0,0.070891515,0,0,0,0,0,0,0,0,0,0,0,0,0.018259936,0,0,0,0,0,0,0.018259936,0,0,0,0,0,0,0.025778733,0,0,0,0,0,0,0,0,0.058002148,0,0.015037594,0.031149302,0,0,0.076262084,0,0.005370569,0
LK16S004-244,0,0.236828901,0,0,0,0,0.006021074,0,0,0,0,0,0,0,0,0.383341696,0,0,0,0,0,0,0,0,0,0,0,0,0,0,0,0.037631711,0,0.01304566,0,0,0,0.011038635,0.009031611,0,0,0,0,0,0.009031611,0,0,0,0,0,0.02207727,0,0.004515805,0,0.018564977,0,0,0,0,0,0,0,0.001505268,0,0,0,0,0,0,0,0,0,0,0.005017561,0,0,0,0.004014049,0,0,0,0,0,0,0.016557953,0,0,0,0.017059709,0,0,0,0,0,0.050677371,0,0,0,0,0,0.021073758,0,0,0,0,0,0,0,0,0,0.019066734,0,0.025589563,0.064726543,0,0,0,0.015554441,0.008028098,0
LK16S004-245,0.006144393,0.53609831,0,0,0,0,0,0,0,0,0,0.021505376,0.026113671,0,0,0,0,0,0,0,0,0,0,0,0,0,0,0,0,0,0,0,0,0.016129032,0,0,0,0.046466974,0,0.003456221,0,0,0,0,0,0,0,0,0.006144393,0,0,0,0.00422427,0.005760369,0,0,0,0,0.01344086,0,0,0,0,0,0,0.002688172,0,0,0,0.016129032,0,0,0,0,0,0,0.011904762,0,0,0,0,0,0,0,0,0,0,0,0,0,0,0,0.003840246,0,0.036482335,0,0,0,0,0,0.005760369,0,0,0,0,0,0.00499232,0,0,0,0.054915515,0,0.102918587,0,0,0,0,0.043010753,0.03187404,0
LK16S004-246,0.052837573,0.491846053,0,0,0,0,0,0,0,0,0,0.029354207,0,0,0,0,0,0.024135682,0,0,0,0,0,0,0,0,0,0,0,0,0,0,0,0,0,0,0,0,0,0,0,0,0,0,0,0,0,0,0,0,0,0,0,0,0,0,0,0,0,0,0,0,0,0,0,0,0,0.02283105,0,0,0.034572733,0,0,0,0,0,0,0,0,0,0,0,0,0,0.008480104,0,0,0.01369863,0,0,0,0,0,0,0.080887149,0,0,0,0,0,0,0.015655577,0,0.018917156,0,0,0,0,0,0,0.033268102,0.015655577,0.060013046,0.043705153,0,0,0,0.030006523,0.024135682,0
LK16S004-247,0,0.446022727,0,0.008522727,0,0,0,0,0,0,0,0,0.018939394,0,0,0.011363636,0,0.014204545,0,0,0,0,0,0,0,0,0,0.039772727,0,0,0,0,0,0,0,0,0,0,0,0,0,0,0,0,0,0,0,0,0.028409091,0,0,0,0,0.015151515,0,0,0,0,0,0,0,0,0.020833333,0,0,0,0,0,0,0,0,0,0,0,0.038825758,0,0,0,0,0,0,0,0,0,0,0,0,0.03030303,0,0,0,0,0,0.024621212,0.017045455,0,0,0.015151515,0,0,0,0,0,0,0,0,0,0,0,0,0.107954545,0,0.029356061,0.109848485,0,0,0,0,0.023674242,0
LK16S004-248,0,0.609281437,0,0,0,0,0,0,0,0,0,0,0,0,0,0,0,0,0.023952096,0,0,0,0,0,0,0,0,0.038922156,0,0,0,0,0,0,0,0,0,0,0,0,0,0,0,0,0.011976048,0,0,0,0,0,0,0,0,0,0,0,0,0,0,0,0,0,0,0,0,0,0,0,0,0,0,0,0,0,0,0,0,0,0,0,0,0,0,0,0,0,0,0,0,0,0,0,0,0,0.077844311,0,0,0,0,0,0,0,0,0,0,0,0,0,0,0,0.058383234,0,0.050898204,0.097305389,0,0,0,0,0.013473054,0.017964072
LK16S004-249,0,0.253259925,0,0,0,0,0,0,0,0,0,0,0,0,0,0,0,0,0,0.147203709,0,0,0,0,0,0,0,0.012749928,0,0,0,0,0,0,0,0.004346566,0,0,0,0,0,0,0,0,0,0,0.004056795,0,0,0,0,0,0,0,0.006954506,0,0,0,0,0,0,0,0,0,0,0,0.303100551,0,0,0,0,0,0,0,0,0,0,0,0,0,0,0,0,0.005795422,0.029846421,0,0,0,0,0,0,0,0,0.004636337,0.048391771,0,0,0,0,0,0,0.004636337,0,0.009272675,0,0,0,0,0,0,0.00260794,0,0.019414662,0.037380469,0,0,0.104027818,0,0.001738626,0
LK16S004-250,0,0.502392344,0,0,0,0,0,0,0,0,0,0.023923445,0,0,0,0,0,0,0,0,0,0,0,0,0,0,0,0,0,0,0,0,0,0,0.112440191,0,0,0,0,0,0,0,0,0,0,0,0,0,0,0,0,0,0,0,0,0,0,0,0,0,0,0,0,0,0,0.033492823,0,0.016746411,0,0,0,0,0,0,0,0,0,0,0,0,0,0,0,0,0,0,0,0,0,0,0,0,0,0,0.114832536,0,0,0,0,0,0,0,0,0,0,0,0,0,0.045454545,0,0.023923445,0,0,0.126794258,0,0,0,0,0,0
LK16S004-251,0.028368794,0.510638298,0,0,0,0.070921986,0,0,0,0,0,0,0,0,0,0,0,0,0,0,0,0,0,0,0,0.040780142,0,0.014184397,0,0,0,0,0,0,0,0,0,0,0.026595745,0,0,0,0,0,0,0,0,0,0,0,0,0,0,0,0,0,0,0,0,0,0,0,0,0,0,0,0.015957447,0,0,0,0.046099291,0,0,0,0,0,0,0,0,0,0,0,0.024822695,0,0,0,0,0,0,0,0,0,0,0,0.035460993,0,0,0,0,0,0,0,0,0,0,0,0,0,0,0,0.09751773,0.072695035,0,0.015957447,0,0,0,0,0,0
LK16S004-252,0,0.041578327,0,0,0,0,0,0,0,0,0,0,0,0,0,0,0,0.00188457,0.005182568,0,0,0,0,0,0,0,0,0.001531213,0,0,0,0,0,0.001060071,0,0,0,0,0.005064782,0,0,0,0,0,0,0,0,0,0,0,0,0,0,0,0,0.003062426,0,0,0,0,0,0,0,0,0,0.003651355,0.004946996,0,0.002591284,0,0,0,0,0,0.353828033,0.001060071,0.002591284,0,0,0,0,0,0,0,0.001177856,0.002237927,0,0,0,0,0,0,0,0.00459364,0.016372203,0,0,0,0,0,0,0,0,0,0.003180212,0,0,0.002002356,0,0,0.51130742,0,0.007302709,0.014487633,0,0,0.005064782,0.001531213,0.002002356,0
LK16S004-258,0,0.559435364,0,0,0,0,0,0,0,0,0,0.026745914,0.017830609,0,0.014858841,0,0,0,0,0,0,0,0,0,0.008915305,0,0,0,0,0,0,0,0,0,0,0.019316493,0,0.009658247,0.047548291,0.008915305,0,0,0.009658247,0,0,0,0,0,0,0,0,0,0.049777117,0,0,0,0,0,0,0,0,0,0,0,0,0,0.00371471,0,0,0,0,0,0,0,0,0,0,0,0,0,0,0,0,0,0,0,0,0,0,0,0,0,0,0.001485884,0.11589896,0,0,0,0,0,0,0,0,0,0,0,0,0,0.007429421,0,0,0,0.017087667,0.055720654,0,0,0,0.014858841,0.011144131,0
LK16S004-259,0,0.656131479,0,0,0,0,0,0,0,0,0,0,0,0,0,0,0.007585335,0,0,0,0,0.059418458,0,0,0,0,0,0,0,0,0,0,0,0,0,0,0,0,0.027812895,0,0,0,0,0,0,0.024020228,0,0,0,0,0,0,0,0,0.016434893,0,0,0,0,0.01517067,0,0,0,0,0,0,0,0,0,0,0,0,0,0,0,0,0,0,0,0,0,0,0,0,0,0,0,0,0,0,0,0,0,0.018963338,0.027812895,0,0,0,0,0,0.016434893,0,0,0.008849558,0.026548673,0,0,0,0,0,0.02022756,0,0.012642225,0.02528445,0,0,0,0,0.036662453,0
LK16S004-275,0,0,0,0,0,0,0,0,0,0,0,0,0,0,0,0,0,0,0,0,0,0,0,0,0,0,0,0,0,0,0,0,0,0,0,0,0,0,0,0,0,0,0,0,0,0,0,0,0,0,0,0,0,0,0,0,0,0,0,0,0,0,0,0,0,0,0,0,0,0,0,0,0,0,0,0,0,0,0,0,0,0,0,0,0,0,0,0,0,0,0,0,1,0,0,0,0,0,0,0,0,0,0,0,0,0,0,0,0,0,0,0,0,0,0,0,0,0,0,0
LK16S004-276,0,0,0,0,0,0,0,0,0,0,0,0,0,0,0,0,0,0,0,0,0,0,0,0,0,0,0,0,0,0,0,0,0,0,0,0,0,0,0,0,0,0,0,0,0,0,0,0,0,0,0,0,0,0,0,0,0,0,0,0,0,0,0,0,0,0,0,0,0,0,0,0,0,0,0,0,0,0,0,0,0,0,0,0,0,0,0,0,0,0,0,0,0.995305021,0,0,0,0,0,0,0,0,0,0,0,0,0,0,0,0,0,0,0,0,0,0,0,0,0,0.001676778,0
LK16S004-277,0,0.011667993,0,0,0,0,0,0,0,0,0,0,0,0,0,0,0,0.022010077,0,0,0,0,0,0,0,0,0,0,0,0,0,0,0,0,0,0,0,0,0,0,0,0,0,0,0,0,0,0,0,0,0,0,0,0,0,0,0,0,0,0,0,0,0,0,0,0.001060727,0.002121453,0,0,0,0,0,0,0,0,0,0.003712543,0,0,0,0,0,0,0,0,0,0,0,0,0,0,0,0,0,0.002121453,0,0,0,0,0,0,0,0,0,0,0,0,0,0,0,0,0,0.954653938,0,0,0,0.002121453,0,0,0
LK16S004-278,0,0.488584475,0,0,0,0,0,0,0,0,0,0,0,0,0,0,0,0,0,0.049086758,0,0,0,0,0,0.020547945,0,0.0456621,0,0,0,0.019406393,0,0,0,0,0,0,0,0,0,0,0,0,0,0,0,0,0,0,0,0,0,0.033105023,0,0,0,0,0,0,0,0,0,0,0,0,0,0,0,0,0,0,0,0,0,0,0,0,0,0,0,0,0,0,0.034246575,0,0.011415525,0,0,0,0,0,0.025114155,0.02283105,0.134703196,0,0,0,0,0,0,0,0.011415525,0.021689498,0,0,0,0,0,0,0,0.047945205,0.007990868,0.01826484,0,0,0,0,0.007990868,0
LK16S004-279,0,0.504889976,0,0,0,0,0,0,0,0,0,0.020782396,0,0,0,0,0,0,0,0,0,0,0.024449878,0,0,0,0,0,0,0,0,0,0,0,0,0,0,0,0,0,0,0,0.009779951,0,0,0,0,0,0,0,0,0.013447433,0,0,0,0,0,0,0,0,0,0,0,0,0,0.007334963,0,0,0,0,0,0.092909535,0,0,0.051344743,0,0.034229829,0,0,0,0,0,0,0,0,0,0,0,0,0,0,0,0,0,0.018337408,0,0,0.012224939,0,0,0,0,0,0.036674817,0,0,0,0,0,0,0.007334963,0,0.08190709,0.041564792,0,0,0,0,0.042787286,0
LK16S004-280,0,0.067871788,0,0,0,0,0,0,0.001757469,0,0,0.00251067,0,0,0,0,0,0,0.004017073,0,0,0,0,0,0,0,0,0,0,0,0,0,0,0.002426981,0.002008536,0.001004268,0,0,0.006444054,0,0,0,0,0,0,0,0,0,0,0,0,0.002092225,0,0,0.001255335,0,0,0,0,0,0,0,0,0,0,0.002092225,0,0,0,0,0,0,0,0,0.309314587,0.001087957,0,0,0,0,0,0,0,0,0,0,0,0,0,0,0,0,0.006025609,0.005607164,0.017239936,0,0,0,0,0,0,0,0,0,0,0,0,0,0,0,0.551510587,0,0.002259603,0.003096493,0,0,0,0.007532011,0,0
LK16S004-281,0,0.146471372,0,0,0,0,0,0,0,0,0,0,0,0,0,0,0.008877053,0,0.005548158,0.00244119,0,0,0,0,0,0,0,0,0,0,0,0,0,0,0,0,0,0,0.006879716,0,0,0,0,0,0,0,0,0,0,0,0,0,0,0,0,0,0,0.014869063,0,0,0,0,0,0,0,0,0.2310253,0,0,0,0,0,0.004438526,0,0.061917443,0,0.010652463,0,0,0.023080337,0,0,0,0,0,0,0,0,0,0,0.002219263,0,0,0.016644474,0.015978695,0,0,0,0,0,0,0,0,0,0.022858411,0,0.01087439,0,0,0,0.086995118,0.007545495,0.009764758,0.001997337,0,0,0.306258322,0.002663116,0,0
LK16S004-282,0,0.0018991,0,0,0,0,0,0,0,0,0,0,0,0,0,0,0,0,0,0,0,0,0,0,0,0,0,0,0,0,0,0,0,0,0,0,0,0,0,0,0,0,0,0,0,0,0,0,0,0,0,0,0,0,0,0.853026175,0,0,0,0,0,0,0,0,0,0,0,0,0,0,0,0,0,0,0,0,0,0,0,0,0,0,0,0,0,0,0,0,0,0,0,0,0.14234993,0,0,0,0,0,0,0,0,0,0,0,0,0,0,0,0,0,0,0,0.00198167,0,0,0,0,0,0,0
LK16S004-283,0,0.001596094,0,0,0,0,0.001314431,0.019247019,0,0.001971646,0,0,0,0.001455262,0,0.01248709,0,0.010562389,0.089615998,0.105717773,0,0.010374613,0,0,0,0,0,0.003661628,0.001126655,0.056896066,0.004318843,0,0,0,0,0.013989297,0.040090132,0.006619097,0,0,0.020514506,0,0,0,0.002816637,0.006290489,0,0.00201859,0,0.003192189,0.069523988,0,0.001924702,0,0,0,0.001126655,0.017557037,0,0.003004413,0,0,0,0,0.016007887,0,0.041639283,0,0,0.002441085,0.006055769,0.021781992,0.001032767,0,0,0,0,0.003943292,0,0,0,0.004459675,0,0,0.002863581,0.003004413,0.00225331,0,0,0,0,0.001596094,0,0.1799831,0.002534973,0.003286076,0,0,0.013285138,0.012064595,0,0.001689982,0,0.010233781,0,0,0,0,0,0,0.002769693,0,0.052389447,0.011031828,0.007792696,0.004318843,0.001314431,0.065064313,0,0.007933527
LK16S004-284,0,0.400494438,0,0,0,0,0,0,0,0,0,0.012978986,0,0,0,0,0,0,0,0.036464771,0,0,0,0,0,0,0,0,0,0,0,0,0,0,0.060568603,0,0.012978986,0,0.009888752,0,0,0,0,0,0,0,0,0,0,0,0,0,0,0,0.003708282,0,0,0,0,0,0,0,0,0,0,0,0,0,0,0,0,0,0,0,0.284301607,0,0,0,0,0,0,0,0,0,0,0,0,0,0,0,0,0,0,0.025957973,0.06118665,0,0,0,0,0,0,0,0,0,0,0,0,0,0,0,0.0407911,0.021631644,0.009270705,0.012978986,0,0,0,0,0.006798517,0
LK16S004-285,0,0.001213282,0,0,0,0,0,0,0,0,0,0,0,0,0,0,0,0,0,0,0,0,0,0,0,0,0,0,0,0,0,0,0,0,0,0,0,0,0,0,0,0,0,0,0,0,0,0,0,0,0,0,0,0,0,0.987100894,0,0,0,0,0,0,0,0,0,0,0,0,0,0,0,0,0,0,0.007407407,0,0,0,0,0,0,0,0,0,0,0,0,0,0,0,0,0,0,0,0,0,0,0,0,0,0,0,0,0,0,0,0,0,0,0,0.004086845,0,0,0,0,0,0,0,0,0
LK16S004-291,0.024319066,0.464980545,0,0.009727626,0.013618677,0,0,0,0,0,0,0,0,0,0.016536965,0,0,0,0.005836576,0,0.012645914,0,0,0,0,0,0,0,0.017509728,0,0,0,0,0,0,0,0,0.013618677,0.028210117,0,0,0.013618677,0,0,0,0,0,0,0,0,0,0,0,0,0,0,0,0,0,0,0,0,0,0,0,0,0,0,0,0,0,0,0,0,0.034046693,0,0.022373541,0,0,0,0,0,0,0,0.012645914,0,0,0,0,0,0,0,0.003891051,0,0.016536965,0,0,0,0,0,0,0,0,0,0.012645914,0,0,0,0,0,0.107003891,0.015564202,0.023346304,0,0,0,0.052529183,0.043774319,0.035019455,0
LK16S004-292,0,0.598290598,0,0,0,0,0,0,0.025641026,0,0,0,0,0,0,0,0,0,0,0,0,0,0,0,0,0,0,0,0,0,0,0,0,0,0,0,0,0,0,0,0,0,0,0,0,0,0,0,0,0,0,0,0,0.05982906,0,0,0,0,0,0.042735043,0,0,0,0,0,0,0,0,0,0,0,0,0,0,0,0,0,0,0,0,0,0,0,0,0,0,0,0,0,0,0,0,0,0,0.128205128,0,0,0,0,0,0,0,0,0,0.051282051,0,0,0,0,0,0.025641026,0,0.025641026,0,0,0,0,0,0.042735043,0