feature	metadata	value	coef	stderr	N	N.not.0	pval	qval
Acinetobacter	DiseaseCINEndpoint	CIN3	1.24230397706917	0.940526008477516	54	46	0.192331285473097	0.448471163620304
Afipia	DiseaseCINEndpoint	CIN3	1.08227201545885	0.841033100781941	54	17	0.20385052891832	0.448471163620304
Bacillus	DiseaseCINEndpoint	CIN3	-0.694477608284558	0.462200732539336	54	9	0.139005320839676	0.448471163620304
Burkholderia	DiseaseCINEndpoint	CIN3	-0.474981064303052	0.256887623981565	54	6	0.106926411773744	0.448471163620304
Corynebacterium	DiseaseCINEndpoint	CIN3	2.06662759213445	0.884368682031842	54	27	0.0233345556002445	0.448471163620304
Enhydrobacter	DiseaseCINEndpoint	CIN3	0.718308457262571	0.550777305601386	54	13	0.197918339899322	0.448471163620304
Pseudomonas	DiseaseCINEndpoint	CIN3	1.13576121313575	0.786963756745625	54	46	0.192174749411089	0.448471163620304
Sediminibacterium	DiseaseCINEndpoint	CIN3	0.752428651211793	0.442608480873394	54	6	0.132931416718114	0.448471163620304
Staphylococcus	DiseaseCINEndpoint	CIN3	0.990804297790966	0.751269300025683	54	26	0.1930012810077	0.448471163620304
Cutibacterium	DiseaseCINEndpoint	CIN3	0.73723129269072	0.529112764196356	54	22	0.16944603898199	0.448471163620304
Caulobacter	DiseaseCINEndpoint	CIN3	0.507365054452895	0.495710991218422	54	11	0.310804923323102	0.525977562546788
Microbacterium	DiseaseCINEndpoint	CIN3	-0.25919404550145	0.245679727000651	54	6	0.29629901244513	0.525977562546788
Streptomyces	DiseaseCINEndpoint	CIN3	0.958566766045857	0.935903737660495	54	31	0.310474901468316	0.525977562546788
Actinobacillus	DiseaseCINEndpoint	CIN3	-1.37948966494585	1.59251463586555	54	28	0.415063269139721	0.552779498516171
Herbaspirillum	DiseaseCINEndpoint	CIN3	0.704451945370534	0.825033889350482	54	30	0.397106669042212	0.552779498516171
Porphyromonas	DiseaseCINEndpoint	CIN3	0.544442350902221	0.645922119815013	54	12	0.42714779430795	0.552779498516171
Stenotrophomonas	DiseaseCINEndpoint	CIN3	-0.45587323232247	0.517923982213758	54	10	0.382804489358282	0.552779498516171
Oscillospira	DiseaseCINEndpoint	CIN3	-0.161913418840686	0.252259898267232	54	8	0.523789037264862	0.640186601101498
Micrococcus	DiseaseCINEndpoint	CIN3	0.34910833526325	0.587763605209852	54	20	0.555113824617135	0.642763375872472
Streptococcus	DiseaseCINEndpoint	CIN3	-0.441615020739171	1.05760687742346	54	35	0.677987488513859	0.745786237365245
Lactobacillus	DiseaseCINEndpoint	CIN3	0.0466933146147092	0.733853119335482	54	16	0.951045581298184	0.951045581298184
Turicibacter	DiseaseCINEndpoint	CIN3	0.0317435595720331	0.307097745205517	54	9	0.918069877484805	0.951045581298184
