feature	metadata	value	coef	stderr	N	N.not.0	pval	qval
Actinobacillus	ViralCopyNumberRanked	Low	-4.02804073511685	1.27048424085604	30	20	0.00553138072004757	0.0777947394751696
Enhydrobacter	ViralCopyNumberRanked	Low	-1.68691550407069	0.571996984266493	30	9	0.00749701189161362	0.0777947394751696
Pseudomonas	ViralCopyNumberRanked	Low	1.51003084243962	0.515400676875939	30	25	0.00833515065805389	0.0777947394751696
Streptomyces	ViralCopyNumberRanked	Low	1.12164148608438	0.412989170126692	30	7	0.0138179198943022	0.0967254392601153
Acinetobacter	ViralCopyNumberRanked	Low	2.52939803840755	1.40877753183886	30	26	0.086616041315783	0.346464165263132
Propionibacterium	ViralCopyNumberRanked	Low	1.25845519918744	0.692684743552213	30	13	0.0799705632530119	0.346464165263132
Staphylococcus	ViralCopyNumberRanked	Low	0.74334752322394	0.391502350656003	30	7	0.0679533339637209	0.346464165263132
Turicibacter	ViralCopyNumberRanked	Low	-2.32655142628245	1.40429332358847	30	6	0.108736943531812	0.380579302361343
Ruminococcus	ViralCopyNumberRanked	Low	0.678507985839212	0.426212062807604	30	5	0.128684084903348	0.400350486365971
Enterococcus	ViralCopyNumberRanked	Low	0.855661704299331	0.571563642171585	30	5	0.145567970642159	0.407590317798044
Herbaspirillum	ViralCopyNumberRanked	Low	-1.02252241507798	0.730085340082137	30	9	0.172333090762058	0.438666049212512
Odoribacter	ViralCopyNumberRanked	Low	0.590309598504276	0.441536077107032	30	6	0.197890174058251	0.461743739469252
Sediminibacterium	ViralCopyNumberRanked	Low	0.774699596199206	0.617488514688266	30	10	0.219996835269631	0.473839337503821
Bifidobacterium	ViralCopyNumberRanked	Low	-0.337613197828584	0.307775988032851	30	7	0.282010373445623	0.554024359451304
Cloacibacterium	ViralCopyNumberRanked	Low	-0.680762098282957	0.632129787300741	30	5	0.29679876399177	0.554024359451304
Adlercreutzia	ViralCopyNumberRanked	Low	-0.456004506421654	0.518693735621794	30	5	0.386807993934186	0.676913989384826
Lactobacillus	ViralCopyNumberRanked	Low	0.626023072786473	0.953961777794397	30	13	0.519739798566981	0.808484131104193
Micrococcus	ViralCopyNumberRanked	Low	-0.303505766886631	0.457119220013853	30	10	0.515103418019003	0.808484131104193
Afipia	ViralCopyNumberRanked	Low	-0.933165893828171	1.59118710110453	30	10	0.562265796148455	0.828602225902986
Brevibacillus	ViralCopyNumberRanked	Low	-0.320576598219973	1.2598098989399	30	5	0.800996491551918	0.903997375875085
Caulobacter	ViralCopyNumberRanked	Low	0.0488116160035181	0.283336740306291	30	4	0.864939354162011	0.903997375875085
Corynebacterium	ViralCopyNumberRanked	Low	-0.159873545287403	0.801434982988261	30	13	0.844019062931485	0.903997375875085
Oscillospira	ViralCopyNumberRanked	Low	0.143222980916647	0.875580162751913	30	8	0.871711755308117	0.903997375875085
Porphyromonas	ViralCopyNumberRanked	Low	0.212963543254947	0.733050915531081	30	5	0.774795016814544	0.903997375875085
Prevotella	ViralCopyNumberRanked	Low	-0.211006544898152	0.660010391377757	30	9	0.751567656293618	0.903997375875085
Stenotrophomonas	ViralCopyNumberRanked	Low	0.17733660296842	0.988209512710375	30	10	0.859592325102709	0.903997375875085
Veillonella	ViralCopyNumberRanked	Low	0.106681535305576	0.503882878980443	30	4	0.833859893859298	0.903997375875085
Streptococcus	ViralCopyNumberRanked	Low	0.136028639378073	1.37631315047357	30	19	0.92197305506455	0.92197305506455
