feature	metadata	value	coef	stderr	N	N.not.0	pval	qval
Actinobacillus	ViralCopyNumberRanked	Low	-4.02804073511685	1.27048424085604	30	20	0.00553138072004757	0.0777947394751696
Enhydrobacter	ViralCopyNumberRanked	Low	-1.68691550407069	0.571996984266493	30	9	0.00749701189161362	0.0777947394751696
Pseudomonas	ViralCopyNumberRanked	Low	1.51003084243962	0.515400676875939	30	25	0.00833515065805389	0.0777947394751696
Streptomyces	ViralCopyNumberRanked	Low	1.12164148608438	0.412989170126692	30	7	0.0138179198943022	0.0967254392601153
