feature	metadata	value	coef	stderr	N	N.not.0	pval	qval
Mucispirillum	NaturalMicro	Post-Depo	3.18668480457491	0.770592112738082	41	7	0.000264413757098686	0.00713917144166453
Pseudomonas	NaturalMicro	Post-Depo	3.57727758007994	1.30433503004655	41	30	0.00915786802762555	0.0778045806662275
Stenotrophomonas	NaturalMicro	Post-Depo	1.80620965281574	0.68122975788007	41	10	0.0115266045431448	0.0778045806662275
Turicibacter	NaturalMicro	Post-Depo	0.727704282677572	0.255989964726459	41	5	0.00708251074098761	0.0778045806662275
Anaerobacillus	NaturalMicro	Post-Depo	0.514452863494477	0.207110233073086	41	5	0.0188631633025215	0.0942371346209237
Cellvibrio	NaturalMicro	Post-Depo	1.96738975832526	0.861519379815314	41	14	0.0279221139617552	0.0942371346209237
Clostridium	NaturalMicro	Post-Depo	0.972578540498713	0.416806320987115	41	7	0.0266893286328798	0.0942371346209237
Propionibacterium	NaturalMicro	Post-Depo	1.48258225558816	0.633185630941916	41	15	0.0244111713408155	0.0942371346209237
Corynebacterium	NaturalMicro	Post-Depo	2.29605818539389	1.0457791396269	41	18	0.0362501082464412	0.108750324739324
Acinetobacter	NaturalMicro	Post-Depo	2.62016884287739	1.24495941819241	41	40	0.0444926149270377	0.120130060303002
Oscillospira	NaturalMicro	Post-Depo	2.08416479217685	1.07011188820962	41	9	0.0613798798633802	0.150659705119206
Massilia	NaturalMicro	Post-Depo	1.13369379323667	0.661035761598112	41	5	0.0942771569576142	0.212123603154632
Prevotella	NaturalMicro	Post-Depo	1.30056423492963	0.790493309219994	41	12	0.107954247342489	0.224212667557477
