feature	metadata	value	coef	stderr	N	N.not.0	pval	qval
Janthinobacterium.ASV.1	NaturalMicro	Post-Depo	4.65977581372838	0.378082607396727	18	10	1.39604093138197e-09	7.25941284318624e-08
Stenotrophomonas.ASV.1	NaturalMicro	Post-Depo	3.17462448874702	0.407015604770348	18	9	1.86543937101842e-05	0.000485014236464788
Brevundimonas.ASV.1	NaturalMicro	Post-Depo	1.77956297467189	0.49758854849349	18	6	0.00537791540490093	0.0932172003516161
Pedobacter.ASV.1	NaturalMicro	Post-Depo	2.54387687796822	0.813214010501231	18	6	0.0112547951402791	0.146312336823628
Janthinobacterium.ASV.2	NaturalMicro	Post-Depo	1.05813354913425	0.37132284117201	18	5	0.0179399704522874	0.186575692703789
Streptomyces.ASV.4	NaturalMicro	Post-Depo	-1.26302253300105	0.483923844197196	18	5	0.026864986063333	0.199568467899045
Sediminibacterium.ASV.1	NaturalMicro	Post-Depo	0.869680965862636	0.329353760719495	18	5	0.0255180654435686	0.199568467899045
Brevundimonas.ASV.2	NaturalMicro	Post-Depo	0.612359299844583	0.256748866771924	18	4	0.0392578117128108	0.233304164274942
Bacillus.ASV.1	NaturalMicro	Post-Depo	2.32581444453713	0.952059530517587	18	17	0.04037956689374	0.233304164274942
