feature	metadata	value	coef	stderr	N	N.not.0	pval	qval
Acinetobacter.ASV.1	ViralCopyNumberHighLow	Low	1.98086708433682	0.608946393999118	44	23	0.00225714068237137	0.137685581624654
Propionibacterium.ASV.1	ViralCopyNumberHighLow	Low	1.28350600075615	0.446627161445013	44	21	0.00633794271757747	0.193307252886113
Erysipelothrix.ASV.1	ViralCopyNumberHighLow	Low	0.87362369024968	0.389754854915273	44	8	0.0303376644321509	0.462649382590301
Stenotrophomonas.ASV.3	ViralCopyNumberHighLow	Low	-1.42300421260509	0.620268452497762	44	15	0.0268480328558594	0.462649382590301
Stenotrophomonas.ASV.4	ViralCopyNumberHighLow	Low	-1.03478038714754	0.523134079735502	44	12	0.054509011707604	0.554174952360641
Herbaspirillum.ASV.1	ViralCopyNumberHighLow	Low	0.3800127440725	0.191044463035752	44	5	0.0532494318367452	0.554174952360641
Comamonas.ASV.1	ViralCopyNumberHighLow	Low	-0.924041768434324	0.592684992660972	44	18	0.126482335313458	0.763866906343319
Bradyrhizobium.ASV.1	ViralCopyNumberHighLow	Low	-0.444798788066676	0.345469264211255	44	6	0.204988058484053	0.763866906343319
Streptomyces.ASV.4	ViralCopyNumberHighLow	Low	0.758672619285532	0.56719939304749	44	15	0.188232975330624	0.763866906343319
Pseudomonas.ASV.1	ViralCopyNumberHighLow	Low	0.26164944656098	0.212739435014655	44	44	0.2256280879078	0.763866906343319
Lactobacillus.ASV.4	ViralCopyNumberHighLow	Low	-0.394739718586722	0.331105132539142	44	6	0.239879962199321	0.763866906343319
Micrococcus.ASV.1	ViralCopyNumberHighLow	Low	1.24642502120118	0.843628812931526	44	32	0.147020230877529	0.763866906343319
Prevotella.ASV.1	ViralCopyNumberHighLow	Low	-0.203023387580976	0.17462162661018	44	5	0.251536330554993	0.763866906343319
Pseudomonas.ASV.5	ViralCopyNumberHighLow	Low	-0.510284397491945	0.369802975048318	44	12	0.174924997825739	0.763866906343319
Anoxybacillus.ASV.1	ViralCopyNumberHighLow	Low	-0.441130744933411	0.383195078582476	44	6	0.256218642300266	0.763866906343319
Streptococcus.ASV.2	ViralCopyNumberHighLow	Low	-1.17981626796332	0.738932969058449	44	11	0.11840732101772	0.763866906343319
Pedobacter.ASV.1	ViralCopyNumberHighLow	Low	-0.950673441380098	0.588629498116008	44	23	0.113785657609368	0.763866906343319
Achromobacter.ASV.2	ViralCopyNumberHighLow	Low	-0.509971690531971	0.378680773234541	44	7	0.185297470841891	0.763866906343319
Parabacteroides.ASV.1	ViralCopyNumberHighLow	Low	-0.36637137195598	0.313550348336481	44	5	0.24921567246035	0.763866906343319
Bacillus.ASV.1	ViralCopyNumberHighLow	Low	0.41031051851514	0.272481569688301	44	44	0.139595741657963	0.763866906343319
Sediminibacterium.ASV.2	ViralCopyNumberHighLow	Low	-0.237090695034705	0.208961228397154	44	5	0.262970574314913	0.763866906343319
Corynebacterium.ASV.2	ViralCopyNumberHighLow	Low	0.370281878892882	0.38409890606557	44	5	0.340550235338799	0.769391272432101
Brevundimonas.ASV.2	ViralCopyNumberHighLow	Low	-0.55027789967831	0.506278823848532	44	15	0.283286984057344	0.769391272432101
Pseudomonas.ASV.9	ViralCopyNumberHighLow	Low	-0.333391670102939	0.336882462966296	44	8	0.328024169766564	0.769391272432101
Pseudomonas.ASV.10	ViralCopyNumberHighLow	Low	0.347839380787162	0.349683505988452	44	7	0.325570390984635	0.769391272432101
Lactobacillus.ASV.1	ViralCopyNumberHighLow	Low	-0.627887140257488	0.641386237512848	44	8	0.333208571179058	0.769391272432101
Lactobacillus.ASV.3	ViralCopyNumberHighLow	Low	0.410722235752301	0.425655296565285	44	7	0.340117531303864	0.769391272432101
Cloacibacterium.ASV.1	ViralCopyNumberHighLow	Low	0.14789560869523	0.306021524706916	44	7	0.63140336470883	0.848570143723563
Corynebacterium.ASV.6	ViralCopyNumberHighLow	Low	-0.195727047745637	0.36790831219226	44	12	0.597556486416432	0.848570143723563
Cellvibrio.ASV.1	ViralCopyNumberHighLow	Low	0.274757570145056	0.528537367479455	44	15	0.605907493981585	0.848570143723563
Brevundimonas.ASV.1	ViralCopyNumberHighLow	Low	-0.29518961978099	0.600821113201626	44	15	0.625769433869259	0.848570143723563
Janthinobacterium.ASV.2	ViralCopyNumberHighLow	Low	-0.390997118541882	0.559107933444149	44	19	0.48820520397483	0.848570143723563
Acinetobacter.ASV.3	ViralCopyNumberHighLow	Low	-0.253067077044505	0.485396662489852	44	11	0.604858043941093	0.848570143723563
Pseudomonas.ASV.3	ViralCopyNumberHighLow	Low	-0.208477308467194	0.442397844115894	44	35	0.639905354283343	0.848570143723563
Xanthomonas.ASV.1	ViralCopyNumberHighLow	Low	0.150405254962126	0.27121065184342	44	5	0.58214289808375	0.848570143723563
Halomonas.ASV.2	ViralCopyNumberHighLow	Low	0.129864142183564	0.256931552191513	44	6	0.615890900735956	0.848570143723563
Brevundimonas.ASV.3	ViralCopyNumberHighLow	Low	-0.156542364047471	0.257890490241703	44	7	0.547111310625278	0.848570143723563
Halomonas.ASV.1	ViralCopyNumberHighLow	Low	0.459208294550903	0.535509386744896	44	16	0.396026282352391	0.848570143723563
Pseudomonas.ASV.2	ViralCopyNumberHighLow	Low	-0.255815892169585	0.503620563194463	44	14	0.614143335795268	0.848570143723563
Stenotrophomonas.ASV.1	ViralCopyNumberHighLow	Low	-0.680397940548741	0.944630972418065	44	26	0.475342927767955	0.848570143723563
Kocuria.ASV.2	ViralCopyNumberHighLow	Low	0.174295867772132	0.308449429608912	44	5	0.575031517959393	0.848570143723563
Pseudomonas.ASV.6	ViralCopyNumberHighLow	Low	-0.201851788101131	0.319755912120851	44	6	0.531352444085587	0.848570143723563
Staphylococcus.ASV.1	ViralCopyNumberHighLow	Low	0.792714123570458	1.31717747397407	44	34	0.550523866981098	0.848570143723563
Comamonas.ASV.2	ViralCopyNumberHighLow	Low	-0.259935137258273	0.454443606116425	44	8	0.570380781668185	0.848570143723563
Pseudomonas.ASV.7	ViralCopyNumberHighLow	Low	0.392791315941613	0.491331120228714	44	11	0.428531755460465	0.848570143723563
Janthinobacterium.ASV.1	ViralCopyNumberHighLow	Low	-0.57410987544116	0.742802784468033	44	26	0.443911586774761	0.848570143723563
Sediminibacterium.ASV.1	ViralCopyNumberHighLow	Low	-0.273301108330468	0.623203424791598	44	16	0.663240769345134	0.860801849575599
Pseudochrobactrum.ASV.1	ViralCopyNumberHighLow	Low	0.0807416829876659	0.215937502574979	44	6	0.710350589221261	0.902737207135353
Blastomonas.ASV.1	ViralCopyNumberHighLow	Low	0.105497722922701	0.336204849512173	44	9	0.755233783703924	0.921385216118788
Pseudomonas.ASV.4	ViralCopyNumberHighLow	Low	-0.133712741684168	0.405074078065674	44	31	0.74296941910043	0.921385216118788
Aeromonas.ASV.1	ViralCopyNumberHighLow	Low	0.0781887461278288	0.342335843877938	44	7	0.820445418850632	0.925534862470337
Enterobacter.ASV.1	ViralCopyNumberHighLow	Low	-0.053017764135061	0.252179916740417	44	6	0.834498646489648	0.925534862470337
Lactobacillus.ASV.2	ViralCopyNumberHighLow	Low	-0.127065070917945	0.482653849784098	44	11	0.793634886359834	0.925534862470337
Staphylococcus.ASV.2	ViralCopyNumberHighLow	Low	0.200402137292161	0.866014167038008	44	17	0.818121975094322	0.925534862470337
Acinetobacter.ASV.2	ViralCopyNumberHighLow	Low	-0.14357027002446	0.595157545609819	44	19	0.810550145656477	0.925534862470337
Staphylococcus.ASV.3	ViralCopyNumberHighLow	Low	-0.0593786690930016	0.334470128960562	44	7	0.859945108197253	0.936725921429151
Turicibacter.ASV.1	ViralCopyNumberHighLow	Low	0.0749560345399588	0.864794835186018	44	15	0.931342138281691	0.950895081921157
Acinetobacter.ASV.5	ViralCopyNumberHighLow	Low	0.0172568542181883	0.211331014361889	44	8	0.935306637955237	0.950895081921157
Corynebacterium.ASV.3	ViralCopyNumberHighLow	Low	0.0537110479871298	0.489125254913751	44	6	0.913082914521897	0.950895081921157
Streptococcus.ASV.3	ViralCopyNumberHighLow	Low	0.0638700172669461	0.59144798505392	44	15	0.914518475689406	0.950895081921157
Mesorhizobium.ASV.1	ViralCopyNumberHighLow	Low	0.00170476894473156	0.241894655694093	44	6	0.994410270515561	0.994410270515561
