feature	metadata	value	coef	stderr	N	N.not.0	pval	qval
Pseudomonas.ASV.3	NaturalMicro	Post-Depo	1.4648808420207	0.363035612105025	41	10	0.000246545159553001	0.00714980962703703
Mucispirillum.ASV.1	NaturalMicro	Post-Depo	1.60576416989116	0.428994729209834	41	5	0.000757887019763583	0.010989361786572
Pseudomonas.ASV.6	NaturalMicro	Post-Depo	1.77235389813338	0.558830223311477	41	9	0.0034740702300057	0.0335826788900551
Turicibacter.ASV.1	NaturalMicro	Post-Depo	0.774870649483203	0.279225280407481	41	5	0.00842978372879803	0.0611159320337857
Pseudomonas.ASV.2	NaturalMicro	Post-Depo	2.12600648359649	0.804435944752615	41	17	0.0133588945369989	0.0774815883145934
Cutibacterium.ASV.1	NaturalMicro	Post-Depo	1.57680541003219	0.640461463817737	41	15	0.0183420377686882	0.0886531825486597
Acinetobacter.ASV.1	NaturalMicro	Post-Depo	2.8939600569256	1.25065743211786	41	34	0.0282947413250145	0.117221071203631
Staphylococcus.ASV.2	NaturalMicro	Post-Depo	0.859656119733141	0.401503402330556	41	7	0.0385731617000934	0.139827711162839
Cellvibrio.ASV.1	NaturalMicro	Post-Depo	1.1071521754882	0.547855860501561	41	13	0.0501953266554998	0.152536227137046
Acinetobacter.ASV.2	NaturalMicro	Post-Depo	1.31426278338678	0.657422464316446	41	22	0.0525986990127745	0.152536227137046
Porphyromonas.ASV.1	NaturalMicro	Post-Depo	-1.86947419718094	1.17758938187446	41	21	0.123712127150215	0.326150153396022
Micrococcus.ASV.1	NaturalMicro	Post-Depo	0.710142089675589	0.568940216694987	41	17	0.219405514008418	0.454482850446008
Enterococcus.ASV.1	NaturalMicro	Post-Depo	-0.853875062608685	0.662315747515396	41	5	0.204913597918768	0.454482850446008
Streptococcus.ASV.4	NaturalMicro	Post-Depo	0.706451561323613	0.550915041500371	41	6	0.207299012110912	0.454482850446008
Lactococcus.ASV.1	NaturalMicro	Post-Depo	-0.398993279483107	0.398273516099566	41	5	0.322612235898043	0.623716989402883
Pseudomonas.ASV.5	NaturalMicro	Post-Depo	0.536901966198311	0.61443671890793	41	9	0.387569877079801	0.70247040220714
Streptomyces.ASV.1	NaturalMicro	Post-Depo	0.938593913881201	1.28547138571288	41	30	0.469658640605199	0.763114413191433
Staphylococcus.ASV.1	NaturalMicro	Post-Depo	-0.902972366829907	1.24796781853672	41	17	0.47365722198089	0.763114413191433
Lactobacillus.ASV.11	NaturalMicro	Post-Depo	0.222092775373416	0.37088523535236	41	5	0.553829346376368	0.845318476048141
Lactobacillus.ASV.3	NaturalMicro	Post-Depo	-0.40095125302501	0.763558153949181	41	8	0.602480110085321	0.873596159623715
Acinetobacter.ASV.3	NaturalMicro	Post-Depo	0.115103403652694	0.315969638842764	41	6	0.718448558132483	0.947045826629182
Pseudomonas.ASV.1	NaturalMicro	Post-Depo	-0.106319218170492	0.263631114722044	41	6	0.688939054508687	0.947045826629182
Prevotella.ASV.1	NaturalMicro	Post-Depo	-0.10433665224112	0.377350785203603	41	5	0.784847910712256	0.948357892110642
Lactobacillus.ASV.2	NaturalMicro	Post-Depo	-0.114402793023349	0.390280109503002	41	7	0.770976943965185	0.948357892110642
Streptococcus.ASV.1	NaturalMicro	Post-Depo	-0.101081121888462	0.674605944351609	41	10	0.881908914856268	0.983667635801222
Lactobacillus.ASV.1	NaturalMicro	Post-Depo	-0.146010598806847	0.814570742197094	41	11	0.859113508156261	0.983667635801222
Streptococcus.ASV.2	NaturalMicro	Post-Depo	-0.0587173044554127	0.606453131090143	41	5	0.923364523894405	0.991761896034732
Coprococcus.ASV.1	NaturalMicro	Post-Depo	-0.0119506361801212	0.386771687981847	41	5	0.975508132264719	0.994983648230831
Porphyromonas.ASV.2	NaturalMicro	Post-Depo	0.000711328752074254	0.11202568666437	41	5	0.994983648230831	0.994983648230831
