feature	metadata	value	coef	stderr	N	N.not.0	pval	qval
Pseudomonas.ASV.3	NaturalMicro	Post-Depo	1.4648808420207	0.363035612105025	41	10	0.000246545159553001	0.00714980962703703
Mucispirillum.ASV.1	NaturalMicro	Post-Depo	1.60576416989116	0.428994729209834	41	5	0.000757887019763583	0.010989361786572
Pseudomonas.ASV.6	NaturalMicro	Post-Depo	1.77235389813338	0.558830223311477	41	9	0.0034740702300057	0.0335826788900551
Turicibacter.ASV.1	NaturalMicro	Post-Depo	0.774870649483203	0.279225280407481	41	5	0.00842978372879803	0.0611159320337857
Pseudomonas.ASV.2	NaturalMicro	Post-Depo	2.12600648359649	0.804435944752615	41	17	0.0133588945369989	0.0774815883145934
Cutibacterium.ASV.1	NaturalMicro	Post-Depo	1.57680541003219	0.640461463817737	41	15	0.0183420377686882	0.0886531825486597
Acinetobacter.ASV.1	NaturalMicro	Post-Depo	2.8939600569256	1.25065743211786	41	34	0.0282947413250145	0.117221071203631
Staphylococcus.ASV.2	NaturalMicro	Post-Depo	0.859656119733141	0.401503402330556	41	7	0.0385731617000934	0.139827711162839
Cellvibrio.ASV.1	NaturalMicro	Post-Depo	1.1071521754882	0.547855860501561	41	13	0.0501953266554998	0.152536227137046
Acinetobacter.ASV.2	NaturalMicro	Post-Depo	1.31426278338678	0.657422464316446	41	22	0.0525986990127745	0.152536227137046
