feature	metadata	value	coef	stderr	N	N.not.0	pval	qval
Achromobacter	DiseaseCINEndpoint	CIN 3	-0.261468387636869	0.691961623292583	39	9	0.707749419422491	1
Achromobacter	DiseaseCINEndpoint	CIN 2	0.854193440981183	0.903767140596758	39	9	0.350884257297266	1
Acidovorax	DiseaseCINEndpoint	CIN 3	0.0170586136054518	0.370089040996921	39	5	0.963490659053905	1
Acidovorax	DiseaseCINEndpoint	CIN 2	0.432954325970775	0.483371191535803	39	5	0.376364692029053	1
Acinetobacter	DiseaseCINEndpoint	CIN 3	-0.646433930474224	1.0525445574481	39	35	0.542969681867176	1
Acinetobacter	DiseaseCINEndpoint	CIN 2	-0.251743085683486	1.37472246005372	39	35	0.855729093096959	1
Aeromonas	DiseaseCINEndpoint	CIN 3	0.153473864372673	0.465319247059194	39	7	0.74344386819077	1
Aeromonas	DiseaseCINEndpoint	CIN 2	0.619543816976017	0.607750822044515	39	7	0.314813216801841	1
Anoxybacillus	DiseaseCINEndpoint	CIN 3	0.379866376721336	0.565991153110595	39	5	0.532306717441341	1
Anoxybacillus	DiseaseCINEndpoint	CIN 2	6.67313793145266e-14	0.74012404000451	39	5	0.999999999999932	1
Bacillus	DiseaseCINEndpoint	CIN 3	0.074572724604833	0.443347889452196	39	39	0.867364527694872	1
Bacillus	DiseaseCINEndpoint	CIN 2	-0.653229971270915	0.579054156837824	39	39	0.266740760697164	1
Bacteroides	DiseaseCINEndpoint	CIN 3	0.298285883053781	0.301258975509058	39	5	0.328718667957991	1
Bacteroides	DiseaseCINEndpoint	CIN 2	-1.77635683940025e-16	0.393472634478468	39	5	1	1
Blastomonas	DiseaseCINEndpoint	CIN 3	-0.782559007706516	0.402951206690056	39	8	0.059984805586671	1
Blastomonas	DiseaseCINEndpoint	CIN 2	-0.344979213741274	0.526292279241476	39	8	0.516319772507999	1
Blautia	DiseaseCINEndpoint	CIN 3	-0.0242216001523039	0.357034034671481	39	4	0.946287488350834	1
Blautia	DiseaseCINEndpoint	CIN 2	0.32433344231132	0.466320122025511	39	4	0.491197199134117	1
Brachybacterium	DiseaseCINEndpoint	CIN 3	0.249592253273934	0.630542351549815	39	4	0.694561244997417	1
Brachybacterium	DiseaseCINEndpoint	CIN 2	-0.200000000000048	0.823547779100426	39	4	0.809498648670289	1
Bradyrhizobium	DiseaseCINEndpoint	CIN 3	0.231579871721107	0.317366071412443	39	4	0.499108741834936	1
Bradyrhizobium	DiseaseCINEndpoint	CIN 2	6.81651769453904e-14	0.414767414454485	39	4	0.999999999999875	1
Brevundimonas	DiseaseCINEndpoint	CIN 3	-0.613823704971289	1.37449918459404	39	19	0.67551926928108	1
Brevundimonas	DiseaseCINEndpoint	CIN 2	1.31393962999247	1.796418592052	39	19	0.500458495901894	1
Cellvibrio	DiseaseCINEndpoint	CIN 3	0.211742853535355	0.857913369195655	39	17	0.815487160800854	1
Cellvibrio	DiseaseCINEndpoint	CIN 2	-0.533495054319947	1.12118275467956	39	17	0.65565349326235	1
Cloacibacterium	DiseaseCINEndpoint	CIN 3	-0.79039478388747	0.519687574981869	39	6	0.13701964251195	1
Cloacibacterium	DiseaseCINEndpoint	CIN 2	-0.765487815583125	0.678760985920216	39	6	0.266876611654148	1
Clostridium	DiseaseCINEndpoint	CIN 3	0.567469668242517	1.36061719344469	39	11	0.693879682845146	1
Clostridium	DiseaseCINEndpoint	CIN 2	0.448131340748921	1.77879691227948	39	11	0.811145248212971	1
Comamonas	DiseaseCINEndpoint	CIN 3	1.05086572370812	0.818997851628419	39	17	0.207652089819044	1
Comamonas	DiseaseCINEndpoint	CIN 2	1.20421155815266	1.06968843589774	39	17	0.267716698548157	1
Coprococcus	DiseaseCINEndpoint	CIN 3	0.561177972426978	0.784036762221053	39	10	0.509088175151432	1
Coprococcus	DiseaseCINEndpoint	CIN 2	0.447421017568449	1.02479153243079	39	10	0.682403271328413	1
Corynebacterium	DiseaseCINEndpoint	CIN 3	-0.138811180089473	1.25447562263412	39	26	0.916807547772304	1
Corynebacterium	DiseaseCINEndpoint	CIN 2	-0.504201110133261	1.63930415015738	39	26	0.772660464169259	1
Cytophaga	DiseaseCINEndpoint	CIN 3	-0.84300134346274	0.53470260448533	39	5	0.123640383198792	1
Cytophaga	DiseaseCINEndpoint	CIN 2	-1.13777069089873	0.698372030555536	39	5	0.111996622005598	1
Enhydrobacter	DiseaseCINEndpoint	CIN 3	-0.103564697102051	0.500127382886739	39	4	0.837116879060896	1
Enhydrobacter	DiseaseCINEndpoint	CIN 2	0.671509374038499	0.653213530274884	39	4	0.310803521098423	1
Enterobacter	DiseaseCINEndpoint	CIN 3	-0.00739257158228323	0.313162931494824	39	5	0.982098677585907	1
Enterobacter	DiseaseCINEndpoint	CIN 2	0.171819817672097	0.409053273591683	39	5	0.692387276846566	1
Enterococcus	DiseaseCINEndpoint	CIN 3	0.280609605416853	0.704769374758925	39	5	0.692865208402653	1
Enterococcus	DiseaseCINEndpoint	CIN 2	1.73747304611809	0.920495271941863	39	5	0.0671698350801439	1
Erysipelothrix	DiseaseCINEndpoint	CIN 3	0.487399530458134	0.941843056154449	39	9	0.626897712139037	1
Erysipelothrix	DiseaseCINEndpoint	CIN 2	1.66775918781542	1.23108463764142	39	9	0.233870782304407	1
Flavobacterium	DiseaseCINEndpoint	CIN 3	0.547124683420849	0.911072611465252	39	5	0.574570467901495	1
Flavobacterium	DiseaseCINEndpoint	CIN 2	-5.77829385182033e-14	1.19166909028023	39	5	0.999999999999963	1
Gardnerella	DiseaseCINEndpoint	CIN 3	0.354638998100435	0.600710642034046	39	4	0.580869839351124	1
Gardnerella	DiseaseCINEndpoint	CIN 2	-9.67789339473922e-14	0.785594563274107	39	4	0.999999999999907	1
Halomonas	DiseaseCINEndpoint	CIN 3	0.0411305571952822	1.17171332224068	39	22	0.972191594948704	1
Halomonas	DiseaseCINEndpoint	CIN 2	-1.62996944282225	1.53036810596768	39	22	0.293929961070859	1
Herbaspirillum	DiseaseCINEndpoint	CIN 3	0.155721477868113	0.311431443997619	39	4	0.638461546207288	1
Herbaspirillum	DiseaseCINEndpoint	CIN 2	0.317364545663482	0.407129133561995	39	4	0.471417590939294	1
Janthinobacterium	DiseaseCINEndpoint	CIN 3	0.0143539058845147	1.77532396483066	39	25	0.993593628333706	1
Janthinobacterium	DiseaseCINEndpoint	CIN 2	0.140500926977943	2.31874053317186	39	25	0.952017984443779	1
Kocuria	DiseaseCINEndpoint	CIN 3	0.624304308452476	0.547876205337647	39	8	0.262020556116664	1
Kocuria	DiseaseCINEndpoint	CIN 2	0.37651951240021	0.715577995702866	39	8	0.601993188013366	1
Lactobacillus	DiseaseCINEndpoint	CIN 3	2.12845385771925	1.20316210912267	39	19	0.0853576535183954	1
Lactobacillus	DiseaseCINEndpoint	CIN 2	1.53264521873813	1.57144318764681	39	19	0.335914723367349	1
Mesorhizobium	DiseaseCINEndpoint	CIN 3	0.143615687125806	0.424561426362789	39	7	0.749172600441798	1
Mesorhizobium	DiseaseCINEndpoint	CIN 2	0.00813577508391519	0.554835201880854	39	7	0.988882642836888	1
Microbacterium	DiseaseCINEndpoint	CIN 3	-1.17505459980089	0.859354238763886	39	5	0.229717112467233	1
Microbacterium	DiseaseCINEndpoint	CIN 2	-0.62650622662901	1.12248575239912	39	5	0.60097484446516	1
Micrococcus	DiseaseCINEndpoint	CIN 3	-0.801370099353096	1.27114613620994	39	30	0.556670587399381	1
Micrococcus	DiseaseCINEndpoint	CIN 2	-0.0270858422982164	1.6611535002331	39	30	0.98763856478556	1
Mycobacterium	DiseaseCINEndpoint	CIN 3	-1.21968804337023	0.81354912095181	39	6	0.142535994795931	1
Mycobacterium	DiseaseCINEndpoint	CIN 2	-0.193176008883932	1.0625718797511	39	6	0.856759170535414	1
Odoribacter	DiseaseCINEndpoint	CIN 3	0.499396501298992	0.739081088219139	39	4	0.529297342309467	1
Odoribacter	DiseaseCINEndpoint	CIN 2	-7.01230934243641e-14	0.965945316679002	39	4	0.999999999999945	1
Oscillospira	DiseaseCINEndpoint	CIN 3	0.805092596825669	0.704549945601071	39	9	0.260704098567326	1
Oscillospira	DiseaseCINEndpoint	CIN 2	1.0051686535562	0.92020867676681	39	9	0.281945778008616	1
Paenibacillus	DiseaseCINEndpoint	CIN 3	0.0974365178128666	0.778627481318581	39	4	0.905302498717271	1
Paenibacillus	DiseaseCINEndpoint	CIN 2	0.604961481158004	1.01819168568231	39	4	0.578452973102985	1
Parabacteroides	DiseaseCINEndpoint	CIN 3	0.197261739981134	0.351806462506923	39	4	0.600070620809611	1
Parabacteroides	DiseaseCINEndpoint	CIN 2	0.498010199265218	0.459664533776661	39	4	0.330195397310267	1
Pedobacter	DiseaseCINEndpoint	CIN 3	-0.65838309205862	0.787168121158723	39	20	0.408450652787226	1
Pedobacter	DiseaseCINEndpoint	CIN 2	-0.731310398218247	1.02811580596534	39	20	0.481475201279821	1
Prevotella	DiseaseCINEndpoint	CIN 3	0.90872389426058	1.02245805127743	39	16	0.380030255531341	1
Prevotella	DiseaseCINEndpoint	CIN 2	-0.214760325488084	1.33542664546356	39	16	0.873136008563985	1
Propionibacterium	DiseaseCINEndpoint	CIN 3	0.150519293028513	0.990248644320437	39	22	0.880034417873023	1
Propionibacterium	DiseaseCINEndpoint	CIN 2	0.681810216792221	1.29335812223055	39	22	0.601314389902655	1
Pseudochrobactrum	DiseaseCINEndpoint	CIN 3	-0.310634286080364	0.28651960945033	39	5	0.285499699293997	1
Pseudochrobactrum	DiseaseCINEndpoint	CIN 2	-0.272388961067642	0.374221632300458	39	5	0.471394197525038	1
Pseudomonas	DiseaseCINEndpoint	CIN 3	-0.0143541069121731	0.340696100347744	39	39	0.966626520102663	1
Pseudomonas	DiseaseCINEndpoint	CIN 2	-0.589193332607103	0.444981238928554	39	39	0.193820502918372	1
Rhodoplanes	DiseaseCINEndpoint	CIN 3	-0.240760797235623	0.285708820863581	39	4	0.438211767599211	1
Rhodoplanes	DiseaseCINEndpoint	CIN 2	-0.38643200481795	0.37344350420683	39	4	0.348918160233643	1
Rothia	DiseaseCINEndpoint	CIN 3	0.458489505584404	0.771689756503196	39	4	0.578720542524642	1
Rothia	DiseaseCINEndpoint	CIN 2	0.43656786849354	1.00801522793859	39	4	0.683437352773735	1
Ruminococcus	DiseaseCINEndpoint	CIN 3	0.605042542389057	0.776280936570104	39	6	0.440831141061608	1
Ruminococcus	DiseaseCINEndpoint	CIN 2	1.25417057665787	1.01389611609586	39	6	0.224102700968742	1
Sediminibacterium	DiseaseCINEndpoint	CIN 3	0.368962955809233	0.890576857708186	39	15	0.68111516160837	1
Sediminibacterium	DiseaseCINEndpoint	CIN 2	0.807225044388832	1.16317736862735	39	15	0.492147213708735	1
Sphingobium	DiseaseCINEndpoint	CIN 3	-0.314967735117336	0.440994635013028	39	5	0.479696033116948	1
Sphingobium	DiseaseCINEndpoint	CIN 2	0.221153830527902	0.575980584599145	39	5	0.703266209744633	1
Staphylococcus	DiseaseCINEndpoint	CIN 3	-0.645672019116376	1.76156919100359	39	31	0.716113430783661	1
Staphylococcus	DiseaseCINEndpoint	CIN 2	-1.21016496841279	2.30077550130766	39	31	0.602126620649637	1
Stenotrophomonas	DiseaseCINEndpoint	CIN 3	0.32069314571114	1.47718321696555	39	28	0.829357876499918	1
Stenotrophomonas	DiseaseCINEndpoint	CIN 2	1.33149697679933	1.92934059808399	39	28	0.494537469352536	1
Streptococcus	DiseaseCINEndpoint	CIN 3	0.0766382509570725	1.82040181470247	39	26	0.968204464081776	1
Streptococcus	DiseaseCINEndpoint	CIN 2	-2.04809485724622	2.37958226987685	39	26	0.432673976872831	1
Streptomyces	DiseaseCINEndpoint	CIN 3	0.116141129987777	0.752004144246294	39	16	0.878123737814507	1
Streptomyces	DiseaseCINEndpoint	CIN 2	-0.773379775433759	0.98218833571788	39	16	0.436198660159737	1
Turicibacter	DiseaseCINEndpoint	CIN 3	0.697007308990443	1.55245342400161	39	13	0.674285285437112	1
Turicibacter	DiseaseCINEndpoint	CIN 2	0.862507324245898	2.03038512824385	39	13	0.690641380271555	1
Xanthomonas	DiseaseCINEndpoint	CIN 3	0.215960146861277	0.379894623960745	39	4	0.594676099012344	1
Xanthomonas	DiseaseCINEndpoint	CIN 2	0.506405593673459	0.4963321973984	39	4	0.355436684811451	1
